date,facility_id,facility_name,lga,state,latitude,longitude,antigen_type,current_stock_level,fridge_temperature_celsius,grid_status_operational,is_stockout
2026-08-02,67216702.0,Gasanya Health Post,Auyo,Jigawa,12.2704195,9.9262541,BCG,100,5.89,1,0
2026-08-02,67216702.0,Gasanya Health Post,Auyo,Jigawa,12.2704195,9.9262541,Penta,95,5.89,1,0
2026-08-02,67216702.0,Gasanya Health Post,Auyo,Jigawa,12.2704195,9.9262541,Measles,99,5.89,1,0
2026-08-07,67216702.0,Gasanya Health Post,Auyo,Jigawa,12.2704195,9.9262541,BCG,81,16.11,1,0
2026-08-07,67216702.0,Gasanya Health Post,Auyo,Jigawa,12.2704195,9.9262541,Penta,72,16.11,1,0
2026-08-07,67216702.0,Gasanya Health Post,Auyo,Jigawa,12.2704195,9.9262541,Measles,77,16.11,1,0
2026-08-10,67216702.0,Gasanya Health Post,Auyo,Jigawa,12.2704195,9.9262541,BCG,59,18.88,1,0
2026-08-10,67216702.0,Gasanya Health Post,Auyo,Jigawa,12.2704195,9.9262541,Penta,53,18.88,1,0
2026-08-10,67216702.0,Gasanya Health Post,Auyo,Jigawa,12.2704195,9.9262541,Measles,60,18.88,1,0
2026-08-14,67216702.0,Gasanya Health Post,Auyo,Jigawa,12.2704195,9.9262541,BCG,34,21.16,1,0
2026-08-14,67216702.0,Gasanya Health Post,Auyo,Jigawa,12.2704195,9.9262541,Penta,42,21.16,1,0
2026-08-14,67216702.0,Gasanya Health Post,Auyo,Jigawa,12.2704195,9.9262541,Measles,0,21.16,1,1
2026-08-17,67216702.0,Gasanya Health Post,Auyo,Jigawa,12.2704195,9.9262541,BCG,13,21.71,1,0
2026-08-17,67216702.0,Gasanya Health Post,Auyo,Jigawa,12.2704195,9.9262541,Penta,27,21.71,1,0
2026-08-17,67216702.0,Gasanya Health Post,Auyo,Jigawa,12.2704195,9.9262541,Measles,0,21.71,1,1
2026-08-18,67216702.0,Gasanya Health Post,Auyo,Jigawa,12.2704195,9.9262541,BCG,0,18.85,1,1
2026-08-18,67216702.0,Gasanya Health Post,Auyo,Jigawa,12.2704195,9.9262541,Penta,164,18.85,1,0
2026-08-18,67216702.0,Gasanya Health Post,Auyo,Jigawa,12.2704195,9.9262541,Measles,0,18.85,1,1
2026-08-20,67216702.0,Gasanya Health Post,Auyo,Jigawa,12.2704195,9.9262541,BCG,160,18.69,1,1
2026-08-20,67216702.0,Gasanya Health Post,Auyo,Jigawa,12.2704195,9.9262541,Penta,147,18.69,1,0
2026-08-20,67216702.0,Gasanya Health Post,Auyo,Jigawa,12.2704195,9.9262541,Measles,0,18.69,1,1
2026-08-26,67216702.0,Gasanya Health Post,Auyo,Jigawa,12.2704195,9.9262541,BCG,141,21.33,1,0
2026-08-26,67216702.0,Gasanya Health Post,Auyo,Jigawa,12.2704195,9.9262541,Penta,136,21.33,1,0
2026-08-26,67216702.0,Gasanya Health Post,Auyo,Jigawa,12.2704195,9.9262541,Measles,0,21.33,1,1
2026-08-27,67216702.0,Gasanya Health Post,Auyo,Jigawa,12.2704195,9.9262541,BCG,124,18.98,1,0
2026-08-27,67216702.0,Gasanya Health Post,Auyo,Jigawa,12.2704195,9.9262541,Penta,117,18.98,1,0
2026-08-27,67216702.0,Gasanya Health Post,Auyo,Jigawa,12.2704195,9.9262541,Measles,0,18.98,1,1
2026-08-01,87403264.0,Safa Karfi Health Post,Auyo,Jigawa,12.2457794,9.8798986,BCG,105,2.0,1,0
2026-08-01,87403264.0,Safa Karfi Health Post,Auyo,Jigawa,12.2457794,9.8798986,Penta,104,2.0,1,0
2026-08-01,87403264.0,Safa Karfi Health Post,Auyo,Jigawa,12.2457794,9.8798986,Measles,95,2.0,1,0
2026-08-06,87403264.0,Safa Karfi Health Post,Auyo,Jigawa,12.2457794,9.8798986,BCG,84,16.0,1,0
2026-08-06,87403264.0,Safa Karfi Health Post,Auyo,Jigawa,12.2457794,9.8798986,Penta,90,16.0,1,0
2026-08-06,87403264.0,Safa Karfi Health Post,Auyo,Jigawa,12.2457794,9.8798986,Measles,0,16.0,1,1
2026-08-08,87403264.0,Safa Karfi Health Post,Auyo,Jigawa,12.2457794,9.8798986,BCG,66,14.24,1,0
2026-08-08,87403264.0,Safa Karfi Health Post,Auyo,Jigawa,12.2457794,9.8798986,Penta,69,14.24,1,0
2026-08-08,87403264.0,Safa Karfi Health Post,Auyo,Jigawa,12.2457794,9.8798986,Measles,0,14.24,1,1
2026-08-09,87403264.0,Safa Karfi Health Post,Auyo,Jigawa,12.2457794,9.8798986,BCG,49,11.46,1,0
2026-08-09,87403264.0,Safa Karfi Health Post,Auyo,Jigawa,12.2457794,9.8798986,Penta,48,11.46,1,0
2026-08-09,87403264.0,Safa Karfi Health Post,Auyo,Jigawa,12.2457794,9.8798986,Measles,0,11.46,1,1
2026-08-12,87403264.0,Safa Karfi Health Post,Auyo,Jigawa,12.2457794,9.8798986,BCG,29,15.93,1,0
2026-08-12,87403264.0,Safa Karfi Health Post,Auyo,Jigawa,12.2457794,9.8798986,Penta,28,15.93,1,0
2026-08-12,87403264.0,Safa Karfi Health Post,Auyo,Jigawa,12.2457794,9.8798986,Measles,0,15.93,1,1
2026-08-16,87403264.0,Safa Karfi Health Post,Auyo,Jigawa,12.2457794,9.8798986,BCG,0,20.97,1,1
2026-08-16,87403264.0,Safa Karfi Health Post,Auyo,Jigawa,12.2457794,9.8798986,Penta,168,20.97,1,0
2026-08-16,87403264.0,Safa Karfi Health Post,Auyo,Jigawa,12.2457794,9.8798986,Measles,0,20.97,1,1
2026-08-21,87403264.0,Safa Karfi Health Post,Auyo,Jigawa,12.2457794,9.8798986,BCG,160,20.91,1,1
2026-08-21,87403264.0,Safa Karfi Health Post,Auyo,Jigawa,12.2457794,9.8798986,Penta,147,20.91,1,0
2026-08-21,87403264.0,Safa Karfi Health Post,Auyo,Jigawa,12.2457794,9.8798986,Measles,0,20.91,1,1
2026-08-23,87403264.0,Safa Karfi Health Post,Auyo,Jigawa,12.2457794,9.8798986,BCG,141,20.84,1,0
2026-08-23,87403264.0,Safa Karfi Health Post,Auyo,Jigawa,12.2457794,9.8798986,Penta,0,20.84,1,1
2026-08-23,87403264.0,Safa Karfi Health Post,Auyo,Jigawa,12.2457794,9.8798986,Measles,0,20.84,1,1
2026-08-24,87403264.0,Safa Karfi Health Post,Auyo,Jigawa,12.2457794,9.8798986,BCG,0,17.22,1,1
2026-08-24,87403264.0,Safa Karfi Health Post,Auyo,Jigawa,12.2457794,9.8798986,Penta,0,17.22,1,1
2026-08-24,87403264.0,Safa Karfi Health Post,Auyo,Jigawa,12.2457794,9.8798986,Measles,0,17.22,1,1
2026-08-28,87403264.0,Safa Karfi Health Post,Auyo,Jigawa,12.2457794,9.8798986,BCG,0,19.35,1,1
2026-08-28,87403264.0,Safa Karfi Health Post,Auyo,Jigawa,12.2457794,9.8798986,Penta,160,19.35,1,1
2026-08-28,87403264.0,Safa Karfi Health Post,Auyo,Jigawa,12.2457794,9.8798986,Measles,0,19.35,1,1
2026-08-03,78936784.0,Makadi Health Post,Babura,Jigawa,12.7045029,8.9701653,BCG,103,9.39,1,0
2026-08-03,78936784.0,Makadi Health Post,Babura,Jigawa,12.7045029,8.9701653,Penta,96,9.39,1,0
2026-08-03,78936784.0,Makadi Health Post,Babura,Jigawa,12.7045029,8.9701653,Measles,109,9.39,1,0
2026-08-04,78936784.0,Makadi Health Post,Babura,Jigawa,12.7045029,8.9701653,BCG,90,6.95,1,0
2026-08-04,78936784.0,Makadi Health Post,Babura,Jigawa,12.7045029,8.9701653,Penta,76,6.95,1,0
2026-08-04,78936784.0,Makadi Health Post,Babura,Jigawa,12.7045029,8.9701653,Measles,91,6.95,1,0
2026-08-07,78936784.0,Makadi Health Post,Babura,Jigawa,12.7045029,8.9701653,BCG,72,9.13,1,0
2026-08-07,78936784.0,Makadi Health Post,Babura,Jigawa,12.7045029,8.9701653,Penta,43,9.13,1,0
2026-08-07,78936784.0,Makadi Health Post,Babura,Jigawa,12.7045029,8.9701653,Measles,71,9.13,1,0
2026-08-08,78936784.0,Makadi Health Post,Babura,Jigawa,12.7045029,8.9701653,BCG,51,5.89,1,0
2026-08-08,78936784.0,Makadi Health Post,Babura,Jigawa,12.7045029,8.9701653,Penta,21,5.89,1,0
2026-08-08,78936784.0,Makadi Health Post,Babura,Jigawa,12.7045029,8.9701653,Measles,49,5.89,1,0
2026-08-18,78936784.0,Makadi Health Post,Babura,Jigawa,12.7045029,8.9701653,BCG,34,21.01,1,0
2026-08-18,78936784.0,Makadi Health Post,Babura,Jigawa,12.7045029,8.9701653,Penta,0,21.01,1,1
2026-08-18,78936784.0,Makadi Health Post,Babura,Jigawa,12.7045029,8.9701653,Measles,28,21.01,1,0
2026-08-25,78936784.0,Makadi Health Post,Babura,Jigawa,12.7045029,8.9701653,BCG,12,20.41,1,0
2026-08-25,78936784.0,Makadi Health Post,Babura,Jigawa,12.7045029,8.9701653,Penta,0,20.41,1,1
2026-08-25,78936784.0,Makadi Health Post,Babura,Jigawa,12.7045029,8.9701653,Measles,11,20.41,1,0
2026-08-26,78936784.0,Makadi Health Post,Babura,Jigawa,12.7045029,8.9701653,BCG,0,17.14,1,1
2026-08-26,78936784.0,Makadi Health Post,Babura,Jigawa,12.7045029,8.9701653,Penta,0,17.14,1,1
2026-08-26,78936784.0,Makadi Health Post,Babura,Jigawa,12.7045029,8.9701653,Measles,160,17.14,1,1
2026-08-29,78936784.0,Makadi Health Post,Babura,Jigawa,12.7045029,8.9701653,BCG,160,19.57,1,1
2026-08-29,78936784.0,Makadi Health Post,Babura,Jigawa,12.7045029,8.9701653,Penta,0,19.57,1,1
2026-08-29,78936784.0,Makadi Health Post,Babura,Jigawa,12.7045029,8.9701653,Measles,138,19.57,1,0
2026-08-09,77342783.0,Giginya Primary Health Clinic,Babura,Jigawa,12.6483593,8.8900623,BCG,104,21.63,1,0
2026-08-09,77342783.0,Giginya Primary Health Clinic,Babura,Jigawa,12.6483593,8.8900623,Penta,0,21.63,1,1
2026-08-09,77342783.0,Giginya Primary Health Clinic,Babura,Jigawa,12.6483593,8.8900623,Measles,96,21.63,1,0
2026-08-12,77342783.0,Giginya Primary Health Clinic,Babura,Jigawa,12.6483593,8.8900623,BCG,86,21.45,1,0
2026-08-12,77342783.0,Giginya Primary Health Clinic,Babura,Jigawa,12.6483593,8.8900623,Penta,0,21.45,1,1
2026-08-12,77342783.0,Giginya Primary Health Clinic,Babura,Jigawa,12.6483593,8.8900623,Measles,75,21.45,1,0
2026-08-16,77342783.0,Giginya Primary Health Clinic,Babura,Jigawa,12.6483593,8.8900623,BCG,60,20.76,1,0
2026-08-16,77342783.0,Giginya Primary Health Clinic,Babura,Jigawa,12.6483593,8.8900623,Penta,0,20.76,1,1
2026-08-16,77342783.0,Giginya Primary Health Clinic,Babura,Jigawa,12.6483593,8.8900623,Measles,65,20.76,1,0
2026-08-22,77342783.0,Giginya Primary Health Clinic,Babura,Jigawa,12.6483593,8.8900623,BCG,43,21.53,1,0
2026-08-22,77342783.0,Giginya Primary Health Clinic,Babura,Jigawa,12.6483593,8.8900623,Penta,0,21.53,1,1
2026-08-22,77342783.0,Giginya Primary Health Clinic,Babura,Jigawa,12.6483593,8.8900623,Measles,46,21.53,1,0
2026-08-24,77342783.0,Giginya Primary Health Clinic,Babura,Jigawa,12.6483593,8.8900623,BCG,26,22.16,1,0
2026-08-24,77342783.0,Giginya Primary Health Clinic,Babura,Jigawa,12.6483593,8.8900623,Penta,0,22.16,1,1
2026-08-24,77342783.0,Giginya Primary Health Clinic,Babura,Jigawa,12.6483593,8.8900623,Measles,33,22.16,1,0
2026-08-25,77342783.0,Giginya Primary Health Clinic,Babura,Jigawa,12.6483593,8.8900623,BCG,0,19.44,1,1
2026-08-25,77342783.0,Giginya Primary Health Clinic,Babura,Jigawa,12.6483593,8.8900623,Penta,0,19.44,1,1
2026-08-25,77342783.0,Giginya Primary Health Clinic,Babura,Jigawa,12.6483593,8.8900623,Measles,174,19.44,1,0
2026-08-28,77342783.0,Giginya Primary Health Clinic,Babura,Jigawa,12.6483593,8.8900623,BCG,0,21.8,1,1
2026-08-28,77342783.0,Giginya Primary Health Clinic,Babura,Jigawa,12.6483593,8.8900623,Penta,160,21.8,1,1
2026-08-28,77342783.0,Giginya Primary Health Clinic,Babura,Jigawa,12.6483593,8.8900623,Measles,155,21.8,1,0
2026-08-30,77342783.0,Giginya Primary Health Clinic,Babura,Jigawa,12.6483593,8.8900623,BCG,160,21.57,1,1
2026-08-30,77342783.0,Giginya Primary Health Clinic,Babura,Jigawa,12.6483593,8.8900623,Penta,0,21.57,1,1
2026-08-30,77342783.0,Giginya Primary Health Clinic,Babura,Jigawa,12.6483593,8.8900623,Measles,133,21.57,1,0
2026-08-01,13896814.0,Dukwana Health Post,Birnin Kudu,Jigawa,11.6751604,9.5638707,BCG,89,2.0,1,0
2026-08-01,13896814.0,Dukwana Health Post,Birnin Kudu,Jigawa,11.6751604,9.5638707,Penta,101,2.0,1,0
2026-08-01,13896814.0,Dukwana Health Post,Birnin Kudu,Jigawa,11.6751604,9.5638707,Measles,101,2.0,1,0
2026-08-06,13896814.0,Dukwana Health Post,Birnin Kudu,Jigawa,11.6751604,9.5638707,BCG,74,17.43,1,0
2026-08-06,13896814.0,Dukwana Health Post,Birnin Kudu,Jigawa,11.6751604,9.5638707,Penta,81,17.43,1,0
2026-08-06,13896814.0,Dukwana Health Post,Birnin Kudu,Jigawa,11.6751604,9.5638707,Measles,83,17.43,1,0
2026-08-09,13896814.0,Dukwana Health Post,Birnin Kudu,Jigawa,11.6751604,9.5638707,BCG,54,21.84,1,0
2026-08-09,13896814.0,Dukwana Health Post,Birnin Kudu,Jigawa,11.6751604,9.5638707,Penta,0,21.84,1,1
2026-08-09,13896814.0,Dukwana Health Post,Birnin Kudu,Jigawa,11.6751604,9.5638707,Measles,66,21.84,1,0
2026-08-15,13896814.0,Dukwana Health Post,Birnin Kudu,Jigawa,11.6751604,9.5638707,BCG,37,20.28,1,0
2026-08-15,13896814.0,Dukwana Health Post,Birnin Kudu,Jigawa,11.6751604,9.5638707,Penta,0,20.28,1,1
2026-08-15,13896814.0,Dukwana Health Post,Birnin Kudu,Jigawa,11.6751604,9.5638707,Measles,46,20.28,1,0
2026-08-19,13896814.0,Dukwana Health Post,Birnin Kudu,Jigawa,11.6751604,9.5638707,BCG,23,21.18,1,0
2026-08-19,13896814.0,Dukwana Health Post,Birnin Kudu,Jigawa,11.6751604,9.5638707,Penta,0,21.18,1,1
2026-08-19,13896814.0,Dukwana Health Post,Birnin Kudu,Jigawa,11.6751604,9.5638707,Measles,29,21.18,1,0
2026-08-20,13896814.0,Dukwana Health Post,Birnin Kudu,Jigawa,11.6751604,9.5638707,BCG,164,18.68,1,0
2026-08-20,13896814.0,Dukwana Health Post,Birnin Kudu,Jigawa,11.6751604,9.5638707,Penta,0,18.68,1,1
2026-08-20,13896814.0,Dukwana Health Post,Birnin Kudu,Jigawa,11.6751604,9.5638707,Measles,13,18.68,1,0
2026-08-22,13896814.0,Dukwana Health Post,Birnin Kudu,Jigawa,11.6751604,9.5638707,BCG,147,18.77,1,0
2026-08-22,13896814.0,Dukwana Health Post,Birnin Kudu,Jigawa,11.6751604,9.5638707,Penta,0,18.77,1,1
2026-08-22,13896814.0,Dukwana Health Post,Birnin Kudu,Jigawa,11.6751604,9.5638707,Measles,0,18.77,1,1
2026-08-23,13896814.0,Dukwana Health Post,Birnin Kudu,Jigawa,11.6751604,9.5638707,BCG,120,15.71,1,0
2026-08-23,13896814.0,Dukwana Health Post,Birnin Kudu,Jigawa,11.6751604,9.5638707,Penta,0,15.71,1,1
2026-08-23,13896814.0,Dukwana Health Post,Birnin Kudu,Jigawa,11.6751604,9.5638707,Measles,0,15.71,1,1
2026-08-26,13896814.0,Dukwana Health Post,Birnin Kudu,Jigawa,11.6751604,9.5638707,BCG,99,17.8,1,0
2026-08-26,13896814.0,Dukwana Health Post,Birnin Kudu,Jigawa,11.6751604,9.5638707,Penta,0,17.8,1,1
2026-08-26,13896814.0,Dukwana Health Post,Birnin Kudu,Jigawa,11.6751604,9.5638707,Measles,0,17.8,1,1
2026-08-29,13896814.0,Dukwana Health Post,Birnin Kudu,Jigawa,11.6751604,9.5638707,BCG,82,19.87,1,0
2026-08-29,13896814.0,Dukwana Health Post,Birnin Kudu,Jigawa,11.6751604,9.5638707,Penta,0,19.87,1,1
2026-08-29,13896814.0,Dukwana Health Post,Birnin Kudu,Jigawa,11.6751604,9.5638707,Measles,0,19.87,1,1
2026-08-01,84887737.0,Wurno Primary Health Care Clinic,Birnin Kudu,Jigawa,11.4168143,9.6149566,BCG,98,2.0,1,0
2026-08-01,84887737.0,Wurno Primary Health Care Clinic,Birnin Kudu,Jigawa,11.4168143,9.6149566,Penta,103,2.0,1,0
2026-08-01,84887737.0,Wurno Primary Health Care Clinic,Birnin Kudu,Jigawa,11.4168143,9.6149566,Measles,108,2.0,1,0
2026-08-10,84887737.0,Wurno Primary Health Care Clinic,Birnin Kudu,Jigawa,11.4168143,9.6149566,BCG,71,21.42,1,0
2026-08-10,84887737.0,Wurno Primary Health Care Clinic,Birnin Kudu,Jigawa,11.4168143,9.6149566,Penta,82,21.42,1,0
2026-08-10,84887737.0,Wurno Primary Health Care Clinic,Birnin Kudu,Jigawa,11.4168143,9.6149566,Measles,0,21.42,1,1
2026-08-14,84887737.0,Wurno Primary Health Care Clinic,Birnin Kudu,Jigawa,11.4168143,9.6149566,BCG,42,20.82,1,0
2026-08-14,84887737.0,Wurno Primary Health Care Clinic,Birnin Kudu,Jigawa,11.4168143,9.6149566,Penta,0,20.82,1,1
2026-08-14,84887737.0,Wurno Primary Health Care Clinic,Birnin Kudu,Jigawa,11.4168143,9.6149566,Measles,0,20.82,1,1
2026-08-19,84887737.0,Wurno Primary Health Care Clinic,Birnin Kudu,Jigawa,11.4168143,9.6149566,BCG,0,20.59,1,1
2026-08-19,84887737.0,Wurno Primary Health Care Clinic,Birnin Kudu,Jigawa,11.4168143,9.6149566,Penta,0,20.59,1,1
2026-08-19,84887737.0,Wurno Primary Health Care Clinic,Birnin Kudu,Jigawa,11.4168143,9.6149566,Measles,0,20.59,1,1
2026-08-20,84887737.0,Wurno Primary Health Care Clinic,Birnin Kudu,Jigawa,11.4168143,9.6149566,BCG,0,16.71,1,1
2026-08-20,84887737.0,Wurno Primary Health Care Clinic,Birnin Kudu,Jigawa,11.4168143,9.6149566,Penta,0,16.71,1,1
2026-08-20,84887737.0,Wurno Primary Health Care Clinic,Birnin Kudu,Jigawa,11.4168143,9.6149566,Measles,0,16.71,1,1
2026-08-25,84887737.0,Wurno Primary Health Care Clinic,Birnin Kudu,Jigawa,11.4168143,9.6149566,BCG,0,21.02,1,1
2026-08-25,84887737.0,Wurno Primary Health Care Clinic,Birnin Kudu,Jigawa,11.4168143,9.6149566,Penta,0,21.02,1,1
2026-08-25,84887737.0,Wurno Primary Health Care Clinic,Birnin Kudu,Jigawa,11.4168143,9.6149566,Measles,160,21.02,1,1
2026-08-04,78323573.0,Nguwa Primary Health Clinic,Birniwa,Jigawa,12.911089,10.1005526,BCG,103,13.23,1,0
2026-08-04,78323573.0,Nguwa Primary Health Clinic,Birniwa,Jigawa,12.911089,10.1005526,Penta,97,13.23,1,0
2026-08-04,78323573.0,Nguwa Primary Health Clinic,Birniwa,Jigawa,12.911089,10.1005526,Measles,0,13.23,1,1
2026-08-05,78323573.0,Nguwa Primary Health Clinic,Birniwa,Jigawa,12.911089,10.1005526,BCG,90,10.36,1,0
2026-08-05,78323573.0,Nguwa Primary Health Clinic,Birniwa,Jigawa,12.911089,10.1005526,Penta,79,10.36,1,0
2026-08-05,78323573.0,Nguwa Primary Health Clinic,Birniwa,Jigawa,12.911089,10.1005526,Measles,160,10.36,1,1
2026-08-12,78323573.0,Nguwa Primary Health Clinic,Birniwa,Jigawa,12.911089,10.1005526,BCG,73,20.75,1,0
2026-08-12,78323573.0,Nguwa Primary Health Clinic,Birniwa,Jigawa,12.911089,10.1005526,Penta,59,20.75,1,0
2026-08-12,78323573.0,Nguwa Primary Health Clinic,Birniwa,Jigawa,12.911089,10.1005526,Measles,134,20.75,1,0
2026-08-14,78323573.0,Nguwa Primary Health Clinic,Birniwa,Jigawa,12.911089,10.1005526,BCG,59,21.38,1,0
2026-08-14,78323573.0,Nguwa Primary Health Clinic,Birniwa,Jigawa,12.911089,10.1005526,Penta,40,21.38,1,0
2026-08-14,78323573.0,Nguwa Primary Health Clinic,Birniwa,Jigawa,12.911089,10.1005526,Measles,118,21.38,1,0
2026-08-16,78323573.0,Nguwa Primary Health Clinic,Birniwa,Jigawa,12.911089,10.1005526,BCG,42,20.09,1,0
2026-08-16,78323573.0,Nguwa Primary Health Clinic,Birniwa,Jigawa,12.911089,10.1005526,Penta,160,20.09,1,1
2026-08-16,78323573.0,Nguwa Primary Health Clinic,Birniwa,Jigawa,12.911089,10.1005526,Measles,96,20.09,1,0
2026-08-17,78323573.0,Nguwa Primary Health Clinic,Birniwa,Jigawa,12.911089,10.1005526,BCG,181,16.4,1,0
2026-08-17,78323573.0,Nguwa Primary Health Clinic,Birniwa,Jigawa,12.911089,10.1005526,Penta,143,16.4,1,0
2026-08-17,78323573.0,Nguwa Primary Health Clinic,Birniwa,Jigawa,12.911089,10.1005526,Measles,0,16.4,1,1
2026-08-21,78323573.0,Nguwa Primary Health Clinic,Birniwa,Jigawa,12.911089,10.1005526,BCG,151,21.76,1,0
2026-08-21,78323573.0,Nguwa Primary Health Clinic,Birniwa,Jigawa,12.911089,10.1005526,Penta,128,21.76,1,0
2026-08-21,78323573.0,Nguwa Primary Health Clinic,Birniwa,Jigawa,12.911089,10.1005526,Measles,0,21.76,1,1
2026-08-24,78323573.0,Nguwa Primary Health Clinic,Birniwa,Jigawa,12.911089,10.1005526,BCG,133,20.9,1,0
2026-08-24,78323573.0,Nguwa Primary Health Clinic,Birniwa,Jigawa,12.911089,10.1005526,Penta,103,20.9,1,0
2026-08-24,78323573.0,Nguwa Primary Health Clinic,Birniwa,Jigawa,12.911089,10.1005526,Measles,0,20.9,1,1
2026-08-26,78323573.0,Nguwa Primary Health Clinic,Birniwa,Jigawa,12.911089,10.1005526,BCG,0,21.47,1,1
2026-08-26,78323573.0,Nguwa Primary Health Clinic,Birniwa,Jigawa,12.911089,10.1005526,Penta,85,21.47,1,0
2026-08-26,78323573.0,Nguwa Primary Health Clinic,Birniwa,Jigawa,12.911089,10.1005526,Measles,0,21.47,1,1
2026-08-29,78323573.0,Nguwa Primary Health Clinic,Birniwa,Jigawa,12.911089,10.1005526,BCG,0,22.09,1,1
2026-08-29,78323573.0,Nguwa Primary Health Clinic,Birniwa,Jigawa,12.911089,10.1005526,Penta,57,22.09,1,0
2026-08-29,78323573.0,Nguwa Primary Health Clinic,Birniwa,Jigawa,12.911089,10.1005526,Measles,160,22.09,1,1
2026-08-30,78323573.0,Nguwa Primary Health Clinic,Birniwa,Jigawa,12.911089,10.1005526,BCG,0,20.45,1,1
2026-08-30,78323573.0,Nguwa Primary Health Clinic,Birniwa,Jigawa,12.911089,10.1005526,Penta,30,20.45,1,0
2026-08-30,78323573.0,Nguwa Primary Health Clinic,Birniwa,Jigawa,12.911089,10.1005526,Measles,0,20.45,1,1
2026-08-03,58818767.0,Kazura Primary Health Care Center,Birniwa,Jigawa,12.733739,9.962733,BCG,101,8.35,1,0
2026-08-03,58818767.0,Kazura Primary Health Care Center,Birniwa,Jigawa,12.733739,9.962733,Penta,100,8.35,1,0
2026-08-03,58818767.0,Kazura Primary Health Care Center,Birniwa,Jigawa,12.733739,9.962733,Measles,102,8.35,1,0
2026-08-05,58818767.0,Kazura Primary Health Care Center,Birniwa,Jigawa,12.733739,9.962733,BCG,77,10.87,1,0
2026-08-05,58818767.0,Kazura Primary Health Care Center,Birniwa,Jigawa,12.733739,9.962733,Penta,80,10.87,1,0
2026-08-05,58818767.0,Kazura Primary Health Care Center,Birniwa,Jigawa,12.733739,9.962733,Measles,82,10.87,1,0
2026-08-11,58818767.0,Kazura Primary Health Care Center,Birniwa,Jigawa,12.733739,9.962733,BCG,67,22.1,1,0
2026-08-11,58818767.0,Kazura Primary Health Care Center,Birniwa,Jigawa,12.733739,9.962733,Penta,0,22.1,1,1
2026-08-11,58818767.0,Kazura Primary Health Care Center,Birniwa,Jigawa,12.733739,9.962733,Measles,58,22.1,1,0
2026-08-13,58818767.0,Kazura Primary Health Care Center,Birniwa,Jigawa,12.733739,9.962733,BCG,48,21.7,1,0
2026-08-13,58818767.0,Kazura Primary Health Care Center,Birniwa,Jigawa,12.733739,9.962733,Penta,0,21.7,1,1
2026-08-13,58818767.0,Kazura Primary Health Care Center,Birniwa,Jigawa,12.733739,9.962733,Measles,195,21.7,1,0
2026-08-16,58818767.0,Kazura Primary Health Care Center,Birniwa,Jigawa,12.733739,9.962733,BCG,197,20.45,1,0
2026-08-16,58818767.0,Kazura Primary Health Care Center,Birniwa,Jigawa,12.733739,9.962733,Penta,0,20.45,1,1
2026-08-16,58818767.0,Kazura Primary Health Care Center,Birniwa,Jigawa,12.733739,9.962733,Measles,168,20.45,1,0
2026-08-19,58818767.0,Kazura Primary Health Care Center,Birniwa,Jigawa,12.733739,9.962733,BCG,174,22.0,1,0
2026-08-19,58818767.0,Kazura Primary Health Care Center,Birniwa,Jigawa,12.733739,9.962733,Penta,0,22.0,1,1
2026-08-19,58818767.0,Kazura Primary Health Care Center,Birniwa,Jigawa,12.733739,9.962733,Measles,151,22.0,1,0
2026-08-20,58818767.0,Kazura Primary Health Care Center,Birniwa,Jigawa,12.733739,9.962733,BCG,148,19.13,1,0
2026-08-20,58818767.0,Kazura Primary Health Care Center,Birniwa,Jigawa,12.733739,9.962733,Penta,0,19.13,1,1
2026-08-20,58818767.0,Kazura Primary Health Care Center,Birniwa,Jigawa,12.733739,9.962733,Measles,120,19.13,1,0
2026-08-30,58818767.0,Kazura Primary Health Care Center,Birniwa,Jigawa,12.733739,9.962733,BCG,0,21.32,1,1
2026-08-30,58818767.0,Kazura Primary Health Care Center,Birniwa,Jigawa,12.733739,9.962733,Penta,160,21.32,1,1
2026-08-30,58818767.0,Kazura Primary Health Care Center,Birniwa,Jigawa,12.733739,9.962733,Measles,100,21.32,1,0
2026-08-09,48292321.0,Kukuma Primary Health Clinic,Buji,Jigawa,11.450644,9.696123,BCG,0,21.36,1,1
2026-08-09,48292321.0,Kukuma Primary Health Clinic,Buji,Jigawa,11.450644,9.696123,Penta,0,21.36,1,1
2026-08-09,48292321.0,Kukuma Primary Health Clinic,Buji,Jigawa,11.450644,9.696123,Measles,106,21.36,1,0
2026-08-12,48292321.0,Kukuma Primary Health Clinic,Buji,Jigawa,11.450644,9.696123,BCG,0,20.34,1,1
2026-08-12,48292321.0,Kukuma Primary Health Clinic,Buji,Jigawa,11.450644,9.696123,Penta,0,20.34,1,1
2026-08-12,48292321.0,Kukuma Primary Health Clinic,Buji,Jigawa,11.450644,9.696123,Measles,76,20.34,1,0
2026-08-13,48292321.0,Kukuma Primary Health Clinic,Buji,Jigawa,11.450644,9.696123,BCG,0,17.52,1,1
2026-08-13,48292321.0,Kukuma Primary Health Clinic,Buji,Jigawa,11.450644,9.696123,Penta,0,17.52,1,1
2026-08-13,48292321.0,Kukuma Primary Health Clinic,Buji,Jigawa,11.450644,9.696123,Measles,50,17.52,1,0
2026-08-15,48292321.0,Kukuma Primary Health Clinic,Buji,Jigawa,11.450644,9.696123,BCG,0,19.41,1,1
2026-08-15,48292321.0,Kukuma Primary Health Clinic,Buji,Jigawa,11.450644,9.696123,Penta,160,19.41,1,1
2026-08-15,48292321.0,Kukuma Primary Health Clinic,Buji,Jigawa,11.450644,9.696123,Measles,160,19.41,1,1
2026-08-22,48292321.0,Kukuma Primary Health Clinic,Buji,Jigawa,11.450644,9.696123,BCG,0,21.48,1,1
2026-08-22,48292321.0,Kukuma Primary Health Clinic,Buji,Jigawa,11.450644,9.696123,Penta,126,21.48,1,0
2026-08-22,48292321.0,Kukuma Primary Health Clinic,Buji,Jigawa,11.450644,9.696123,Measles,132,21.48,1,0
2026-08-25,48292321.0,Kukuma Primary Health Clinic,Buji,Jigawa,11.450644,9.696123,BCG,0,20.45,1,1
2026-08-25,48292321.0,Kukuma Primary Health Clinic,Buji,Jigawa,11.450644,9.696123,Penta,104,20.45,1,0
2026-08-25,48292321.0,Kukuma Primary Health Clinic,Buji,Jigawa,11.450644,9.696123,Measles,114,20.45,1,0
2026-08-30,48292321.0,Kukuma Primary Health Clinic,Buji,Jigawa,11.450644,9.696123,BCG,160,21.35,1,1
2026-08-30,48292321.0,Kukuma Primary Health Clinic,Buji,Jigawa,11.450644,9.696123,Penta,0,21.35,1,1
2026-08-30,48292321.0,Kukuma Primary Health Clinic,Buji,Jigawa,11.450644,9.696123,Measles,0,21.35,1,1
2026-08-11,54139795.0,Yayarin Chakauri Health Post,Buji,Jigawa,11.469779,9.770064,BCG,0,21.22,1,1
2026-08-11,54139795.0,Yayarin Chakauri Health Post,Buji,Jigawa,11.469779,9.770064,Penta,101,21.22,1,0
2026-08-11,54139795.0,Yayarin Chakauri Health Post,Buji,Jigawa,11.469779,9.770064,Measles,101,21.22,1,0
2026-08-12,54139795.0,Yayarin Chakauri Health Post,Buji,Jigawa,11.469779,9.770064,BCG,0,18.45,1,1
2026-08-12,54139795.0,Yayarin Chakauri Health Post,Buji,Jigawa,11.469779,9.770064,Penta,84,18.45,1,0
2026-08-12,54139795.0,Yayarin Chakauri Health Post,Buji,Jigawa,11.469779,9.770064,Measles,87,18.45,1,0
2026-08-14,54139795.0,Yayarin Chakauri Health Post,Buji,Jigawa,11.469779,9.770064,BCG,0,18.99,1,1
2026-08-14,54139795.0,Yayarin Chakauri Health Post,Buji,Jigawa,11.469779,9.770064,Penta,64,18.99,1,0
2026-08-14,54139795.0,Yayarin Chakauri Health Post,Buji,Jigawa,11.469779,9.770064,Measles,0,18.99,1,1
2026-08-15,54139795.0,Yayarin Chakauri Health Post,Buji,Jigawa,11.469779,9.770064,BCG,0,16.43,1,1
2026-08-15,54139795.0,Yayarin Chakauri Health Post,Buji,Jigawa,11.469779,9.770064,Penta,160,16.43,1,1
2026-08-15,54139795.0,Yayarin Chakauri Health Post,Buji,Jigawa,11.469779,9.770064,Measles,0,16.43,1,1
2026-08-17,54139795.0,Yayarin Chakauri Health Post,Buji,Jigawa,11.469779,9.770064,BCG,0,17.0,1,1
2026-08-17,54139795.0,Yayarin Chakauri Health Post,Buji,Jigawa,11.469779,9.770064,Penta,135,17.0,1,0
2026-08-17,54139795.0,Yayarin Chakauri Health Post,Buji,Jigawa,11.469779,9.770064,Measles,0,17.0,1,1
2026-08-18,54139795.0,Yayarin Chakauri Health Post,Buji,Jigawa,11.469779,9.770064,BCG,0,14.43,1,1
2026-08-18,54139795.0,Yayarin Chakauri Health Post,Buji,Jigawa,11.469779,9.770064,Penta,0,14.43,1,1
2026-08-18,54139795.0,Yayarin Chakauri Health Post,Buji,Jigawa,11.469779,9.770064,Measles,0,14.43,1,1
2026-08-23,54139795.0,Yayarin Chakauri Health Post,Buji,Jigawa,11.469779,9.770064,BCG,0,21.65,1,1
2026-08-23,54139795.0,Yayarin Chakauri Health Post,Buji,Jigawa,11.469779,9.770064,Penta,0,21.65,1,1
2026-08-23,54139795.0,Yayarin Chakauri Health Post,Buji,Jigawa,11.469779,9.770064,Measles,0,21.65,1,1
2026-08-24,54139795.0,Yayarin Chakauri Health Post,Buji,Jigawa,11.469779,9.770064,BCG,0,18.01,1,1
2026-08-24,54139795.0,Yayarin Chakauri Health Post,Buji,Jigawa,11.469779,9.770064,Penta,160,18.01,1,1
2026-08-24,54139795.0,Yayarin Chakauri Health Post,Buji,Jigawa,11.469779,9.770064,Measles,0,18.01,1,1
2026-08-27,54139795.0,Yayarin Chakauri Health Post,Buji,Jigawa,11.469779,9.770064,BCG,0,20.72,1,1
2026-08-27,54139795.0,Yayarin Chakauri Health Post,Buji,Jigawa,11.469779,9.770064,Penta,160,20.72,1,1
2026-08-27,54139795.0,Yayarin Chakauri Health Post,Buji,Jigawa,11.469779,9.770064,Measles,0,20.72,1,1
2026-08-01,78590803.0,Kudai Primary Health Clinic,Dutse,Jigawa,11.6309474,9.3396355,BCG,99,2.66,1,0
2026-08-01,78590803.0,Kudai Primary Health Clinic,Dutse,Jigawa,11.6309474,9.3396355,Penta,100,2.66,1,0
2026-08-01,78590803.0,Kudai Primary Health Clinic,Dutse,Jigawa,11.6309474,9.3396355,Measles,98,2.66,1,0
2026-08-06,78590803.0,Kudai Primary Health Clinic,Dutse,Jigawa,11.6309474,9.3396355,BCG,83,16.42,1,0
2026-08-06,78590803.0,Kudai Primary Health Clinic,Dutse,Jigawa,11.6309474,9.3396355,Penta,160,16.42,1,1
2026-08-06,78590803.0,Kudai Primary Health Clinic,Dutse,Jigawa,11.6309474,9.3396355,Measles,85,16.42,1,0
2026-08-07,78590803.0,Kudai Primary Health Clinic,Dutse,Jigawa,11.6309474,9.3396355,BCG,68,14.25,1,0
2026-08-07,78590803.0,Kudai Primary Health Clinic,Dutse,Jigawa,11.6309474,9.3396355,Penta,141,14.25,1,0
2026-08-07,78590803.0,Kudai Primary Health Clinic,Dutse,Jigawa,11.6309474,9.3396355,Measles,66,14.25,1,0
2026-08-12,78590803.0,Kudai Primary Health Clinic,Dutse,Jigawa,11.6309474,9.3396355,BCG,0,20.98,1,1
2026-08-12,78590803.0,Kudai Primary Health Clinic,Dutse,Jigawa,11.6309474,9.3396355,Penta,129,20.98,1,0
2026-08-12,78590803.0,Kudai Primary Health Clinic,Dutse,Jigawa,11.6309474,9.3396355,Measles,51,20.98,1,0
2026-08-13,78590803.0,Kudai Primary Health Clinic,Dutse,Jigawa,11.6309474,9.3396355,BCG,160,17.39,1,1
2026-08-13,78590803.0,Kudai Primary Health Clinic,Dutse,Jigawa,11.6309474,9.3396355,Penta,160,17.39,1,1
2026-08-13,78590803.0,Kudai Primary Health Clinic,Dutse,Jigawa,11.6309474,9.3396355,Measles,24,17.39,1,0
2026-08-14,78590803.0,Kudai Primary Health Clinic,Dutse,Jigawa,11.6309474,9.3396355,BCG,136,13.86,1,0
2026-08-14,78590803.0,Kudai Primary Health Clinic,Dutse,Jigawa,11.6309474,9.3396355,Penta,139,13.86,1,0
2026-08-14,78590803.0,Kudai Primary Health Clinic,Dutse,Jigawa,11.6309474,9.3396355,Measles,8,13.86,1,0
2026-08-27,78590803.0,Kudai Primary Health Clinic,Dutse,Jigawa,11.6309474,9.3396355,BCG,0,21.28,1,1
2026-08-27,78590803.0,Kudai Primary Health Clinic,Dutse,Jigawa,11.6309474,9.3396355,Penta,121,21.28,1,0
2026-08-27,78590803.0,Kudai Primary Health Clinic,Dutse,Jigawa,11.6309474,9.3396355,Measles,0,21.28,1,1
2026-08-30,78590803.0,Kudai Primary Health Clinic,Dutse,Jigawa,11.6309474,9.3396355,BCG,0,21.2,1,1
2026-08-30,78590803.0,Kudai Primary Health Clinic,Dutse,Jigawa,11.6309474,9.3396355,Penta,101,21.2,1,0
2026-08-30,78590803.0,Kudai Primary Health Clinic,Dutse,Jigawa,11.6309474,9.3396355,Measles,0,21.2,1,1
2026-08-04,32036638.0,Zarada Primary Health Clinic,Gagarawa,Jigawa,12.5473635,9.5343443,BCG,92,10.92,1,0
2026-08-04,32036638.0,Zarada Primary Health Clinic,Gagarawa,Jigawa,12.5473635,9.5343443,Penta,101,10.92,1,0
2026-08-04,32036638.0,Zarada Primary Health Clinic,Gagarawa,Jigawa,12.5473635,9.5343443,Measles,99,10.92,1,0
2026-08-05,32036638.0,Zarada Primary Health Clinic,Gagarawa,Jigawa,12.5473635,9.5343443,BCG,76,8.49,1,0
2026-08-05,32036638.0,Zarada Primary Health Clinic,Gagarawa,Jigawa,12.5473635,9.5343443,Penta,80,8.49,1,0
2026-08-05,32036638.0,Zarada Primary Health Clinic,Gagarawa,Jigawa,12.5473635,9.5343443,Measles,82,8.49,1,0
2026-08-07,32036638.0,Zarada Primary Health Clinic,Gagarawa,Jigawa,12.5473635,9.5343443,BCG,52,10.95,1,0
2026-08-07,32036638.0,Zarada Primary Health Clinic,Gagarawa,Jigawa,12.5473635,9.5343443,Penta,58,10.95,1,0
2026-08-07,32036638.0,Zarada Primary Health Clinic,Gagarawa,Jigawa,12.5473635,9.5343443,Measles,64,10.95,1,0
2026-08-11,32036638.0,Zarada Primary Health Clinic,Gagarawa,Jigawa,12.5473635,9.5343443,BCG,28,21.04,1,0
2026-08-11,32036638.0,Zarada Primary Health Clinic,Gagarawa,Jigawa,12.5473635,9.5343443,Penta,39,21.04,1,0
2026-08-11,32036638.0,Zarada Primary Health Clinic,Gagarawa,Jigawa,12.5473635,9.5343443,Measles,49,21.04,1,0
2026-08-12,32036638.0,Zarada Primary Health Clinic,Gagarawa,Jigawa,12.5473635,9.5343443,BCG,0,17.09,1,1
2026-08-12,32036638.0,Zarada Primary Health Clinic,Gagarawa,Jigawa,12.5473635,9.5343443,Penta,21,17.09,1,0
2026-08-12,32036638.0,Zarada Primary Health Clinic,Gagarawa,Jigawa,12.5473635,9.5343443,Measles,0,17.09,1,1
2026-08-15,32036638.0,Zarada Primary Health Clinic,Gagarawa,Jigawa,12.5473635,9.5343443,BCG,160,21.82,1,1
2026-08-15,32036638.0,Zarada Primary Health Clinic,Gagarawa,Jigawa,12.5473635,9.5343443,Penta,0,21.82,1,1
2026-08-15,32036638.0,Zarada Primary Health Clinic,Gagarawa,Jigawa,12.5473635,9.5343443,Measles,160,21.82,1,1
2026-08-17,32036638.0,Zarada Primary Health Clinic,Gagarawa,Jigawa,12.5473635,9.5343443,BCG,141,20.12,1,0
2026-08-17,32036638.0,Zarada Primary Health Clinic,Gagarawa,Jigawa,12.5473635,9.5343443,Penta,0,20.12,1,1
2026-08-17,32036638.0,Zarada Primary Health Clinic,Gagarawa,Jigawa,12.5473635,9.5343443,Measles,138,20.12,1,0
2026-08-18,32036638.0,Zarada Primary Health Clinic,Gagarawa,Jigawa,12.5473635,9.5343443,BCG,122,17.61,1,0
2026-08-18,32036638.0,Zarada Primary Health Clinic,Gagarawa,Jigawa,12.5473635,9.5343443,Penta,0,17.61,1,1
2026-08-18,32036638.0,Zarada Primary Health Clinic,Gagarawa,Jigawa,12.5473635,9.5343443,Measles,122,17.61,1,0
2026-08-23,32036638.0,Zarada Primary Health Clinic,Gagarawa,Jigawa,12.5473635,9.5343443,BCG,100,22.01,1,0
2026-08-23,32036638.0,Zarada Primary Health Clinic,Gagarawa,Jigawa,12.5473635,9.5343443,Penta,160,22.01,1,1
2026-08-23,32036638.0,Zarada Primary Health Clinic,Gagarawa,Jigawa,12.5473635,9.5343443,Measles,0,22.01,1,1
2026-08-25,32036638.0,Zarada Primary Health Clinic,Gagarawa,Jigawa,12.5473635,9.5343443,BCG,75,20.85,1,0
2026-08-25,32036638.0,Zarada Primary Health Clinic,Gagarawa,Jigawa,12.5473635,9.5343443,Penta,134,20.85,1,0
2026-08-25,32036638.0,Zarada Primary Health Clinic,Gagarawa,Jigawa,12.5473635,9.5343443,Measles,0,20.85,1,1
2026-08-26,32036638.0,Zarada Primary Health Clinic,Gagarawa,Jigawa,12.5473635,9.5343443,BCG,56,17.81,1,0
2026-08-26,32036638.0,Zarada Primary Health Clinic,Gagarawa,Jigawa,12.5473635,9.5343443,Penta,106,17.81,1,0
2026-08-26,32036638.0,Zarada Primary Health Clinic,Gagarawa,Jigawa,12.5473635,9.5343443,Measles,0,17.81,1,1
2026-08-27,32036638.0,Zarada Primary Health Clinic,Gagarawa,Jigawa,12.5473635,9.5343443,BCG,36,15.51,1,0
2026-08-27,32036638.0,Zarada Primary Health Clinic,Gagarawa,Jigawa,12.5473635,9.5343443,Penta,92,15.51,1,0
2026-08-27,32036638.0,Zarada Primary Health Clinic,Gagarawa,Jigawa,12.5473635,9.5343443,Measles,0,15.51,1,1
2026-08-06,52044309.0,Ganji (Gagarawa) Health Post,Gagarawa,Jigawa,12.5829006,9.4668934,BCG,98,17.96,1,0
2026-08-06,52044309.0,Ganji (Gagarawa) Health Post,Gagarawa,Jigawa,12.5829006,9.4668934,Penta,95,17.96,1,0
2026-08-06,52044309.0,Ganji (Gagarawa) Health Post,Gagarawa,Jigawa,12.5829006,9.4668934,Measles,103,17.96,1,0
2026-08-07,52044309.0,Ganji (Gagarawa) Health Post,Gagarawa,Jigawa,12.5829006,9.4668934,BCG,74,15.16,1,0
2026-08-07,52044309.0,Ganji (Gagarawa) Health Post,Gagarawa,Jigawa,12.5829006,9.4668934,Penta,70,15.16,1,0
2026-08-07,52044309.0,Ganji (Gagarawa) Health Post,Gagarawa,Jigawa,12.5829006,9.4668934,Measles,77,15.16,1,0
2026-08-08,52044309.0,Ganji (Gagarawa) Health Post,Gagarawa,Jigawa,12.5829006,9.4668934,BCG,0,12.34,1,1
2026-08-08,52044309.0,Ganji (Gagarawa) Health Post,Gagarawa,Jigawa,12.5829006,9.4668934,Penta,50,12.34,1,0
2026-08-08,52044309.0,Ganji (Gagarawa) Health Post,Gagarawa,Jigawa,12.5829006,9.4668934,Measles,61,12.34,1,0
2026-08-13,52044309.0,Ganji (Gagarawa) Health Post,Gagarawa,Jigawa,12.5829006,9.4668934,BCG,0,20.46,1,1
2026-08-13,52044309.0,Ganji (Gagarawa) Health Post,Gagarawa,Jigawa,12.5829006,9.4668934,Penta,30,20.46,1,0
2026-08-13,52044309.0,Ganji (Gagarawa) Health Post,Gagarawa,Jigawa,12.5829006,9.4668934,Measles,0,20.46,1,1
2026-08-17,52044309.0,Ganji (Gagarawa) Health Post,Gagarawa,Jigawa,12.5829006,9.4668934,BCG,0,21.48,1,1
2026-08-17,52044309.0,Ganji (Gagarawa) Health Post,Gagarawa,Jigawa,12.5829006,9.4668934,Penta,4,21.48,1,0
2026-08-17,52044309.0,Ganji (Gagarawa) Health Post,Gagarawa,Jigawa,12.5829006,9.4668934,Measles,0,21.48,1,1
2026-08-19,52044309.0,Ganji (Gagarawa) Health Post,Gagarawa,Jigawa,12.5829006,9.4668934,BCG,0,20.99,1,1
2026-08-19,52044309.0,Ganji (Gagarawa) Health Post,Gagarawa,Jigawa,12.5829006,9.4668934,Penta,0,20.99,1,1
2026-08-19,52044309.0,Ganji (Gagarawa) Health Post,Gagarawa,Jigawa,12.5829006,9.4668934,Measles,0,20.99,1,1
2026-08-20,52044309.0,Ganji (Gagarawa) Health Post,Gagarawa,Jigawa,12.5829006,9.4668934,BCG,160,18.58,1,1
2026-08-20,52044309.0,Ganji (Gagarawa) Health Post,Gagarawa,Jigawa,12.5829006,9.4668934,Penta,160,18.58,1,1
2026-08-20,52044309.0,Ganji (Gagarawa) Health Post,Gagarawa,Jigawa,12.5829006,9.4668934,Measles,0,18.58,1,1
2026-08-23,52044309.0,Ganji (Gagarawa) Health Post,Gagarawa,Jigawa,12.5829006,9.4668934,BCG,0,20.93,1,1
2026-08-23,52044309.0,Ganji (Gagarawa) Health Post,Gagarawa,Jigawa,12.5829006,9.4668934,Penta,137,20.93,1,0
2026-08-23,52044309.0,Ganji (Gagarawa) Health Post,Gagarawa,Jigawa,12.5829006,9.4668934,Measles,160,20.93,1,1
2026-08-24,52044309.0,Ganji (Gagarawa) Health Post,Gagarawa,Jigawa,12.5829006,9.4668934,BCG,0,18.82,1,1
2026-08-24,52044309.0,Ganji (Gagarawa) Health Post,Gagarawa,Jigawa,12.5829006,9.4668934,Penta,0,18.82,1,1
2026-08-24,52044309.0,Ganji (Gagarawa) Health Post,Gagarawa,Jigawa,12.5829006,9.4668934,Measles,140,18.82,1,0
2026-08-27,52044309.0,Ganji (Gagarawa) Health Post,Gagarawa,Jigawa,12.5829006,9.4668934,BCG,0,20.47,1,1
2026-08-27,52044309.0,Ganji (Gagarawa) Health Post,Gagarawa,Jigawa,12.5829006,9.4668934,Penta,160,20.47,1,1
2026-08-27,52044309.0,Ganji (Gagarawa) Health Post,Gagarawa,Jigawa,12.5829006,9.4668934,Measles,121,20.47,1,0
2026-08-29,52044309.0,Ganji (Gagarawa) Health Post,Gagarawa,Jigawa,12.5829006,9.4668934,BCG,160,20.88,1,1
2026-08-29,52044309.0,Ganji (Gagarawa) Health Post,Gagarawa,Jigawa,12.5829006,9.4668934,Penta,142,20.88,1,0
2026-08-29,52044309.0,Ganji (Gagarawa) Health Post,Gagarawa,Jigawa,12.5829006,9.4668934,Measles,104,20.88,1,0
2026-08-01,33651420.0,Doko Model Primary Health Center,Garki,Jigawa,12.326832,9.106221,BCG,100,2.0,1,0
2026-08-01,33651420.0,Doko Model Primary Health Center,Garki,Jigawa,12.326832,9.106221,Penta,95,2.0,1,0
2026-08-01,33651420.0,Doko Model Primary Health Center,Garki,Jigawa,12.326832,9.106221,Measles,100,2.0,1,0
2026-08-05,33651420.0,Doko Model Primary Health Center,Garki,Jigawa,12.326832,9.106221,BCG,74,9.85,1,0
2026-08-05,33651420.0,Doko Model Primary Health Center,Garki,Jigawa,12.326832,9.106221,Penta,71,9.85,1,0
2026-08-05,33651420.0,Doko Model Primary Health Center,Garki,Jigawa,12.326832,9.106221,Measles,77,9.85,1,0
2026-08-10,33651420.0,Doko Model Primary Health Center,Garki,Jigawa,12.326832,9.106221,BCG,60,21.62,1,0
2026-08-10,33651420.0,Doko Model Primary Health Center,Garki,Jigawa,12.326832,9.106221,Penta,0,21.62,1,1
2026-08-10,33651420.0,Doko Model Primary Health Center,Garki,Jigawa,12.326832,9.106221,Measles,0,21.62,1,1
2026-08-15,33651420.0,Doko Model Primary Health Center,Garki,Jigawa,12.326832,9.106221,BCG,41,22.54,1,0
2026-08-15,33651420.0,Doko Model Primary Health Center,Garki,Jigawa,12.326832,9.106221,Penta,0,22.54,1,1
2026-08-15,33651420.0,Doko Model Primary Health Center,Garki,Jigawa,12.326832,9.106221,Measles,0,22.54,1,1
2026-08-19,33651420.0,Doko Model Primary Health Center,Garki,Jigawa,12.326832,9.106221,BCG,24,21.47,1,0
2026-08-19,33651420.0,Doko Model Primary Health Center,Garki,Jigawa,12.326832,9.106221,Penta,0,21.47,1,1
2026-08-19,33651420.0,Doko Model Primary Health Center,Garki,Jigawa,12.326832,9.106221,Measles,160,21.47,1,1
2026-08-21,33651420.0,Doko Model Primary Health Center,Garki,Jigawa,12.326832,9.106221,BCG,0,20.91,1,1
2026-08-21,33651420.0,Doko Model Primary Health Center,Garki,Jigawa,12.326832,9.106221,Penta,0,20.91,1,1
2026-08-21,33651420.0,Doko Model Primary Health Center,Garki,Jigawa,12.326832,9.106221,Measles,144,20.91,1,0
2026-08-26,33651420.0,Doko Model Primary Health Center,Garki,Jigawa,12.326832,9.106221,BCG,0,21.67,1,1
2026-08-26,33651420.0,Doko Model Primary Health Center,Garki,Jigawa,12.326832,9.106221,Penta,0,21.67,1,1
2026-08-26,33651420.0,Doko Model Primary Health Center,Garki,Jigawa,12.326832,9.106221,Measles,0,21.67,1,1
2026-08-29,33651420.0,Doko Model Primary Health Center,Garki,Jigawa,12.326832,9.106221,BCG,0,22.65,1,1
2026-08-29,33651420.0,Doko Model Primary Health Center,Garki,Jigawa,12.326832,9.106221,Penta,0,22.65,1,1
2026-08-29,33651420.0,Doko Model Primary Health Center,Garki,Jigawa,12.326832,9.106221,Measles,0,22.65,1,1
2026-08-03,23119840.0,Garki Primary Health Center,Garki,Jigawa,12.4357228,9.1858759,BCG,92,5.55,1,0
2026-08-03,23119840.0,Garki Primary Health Center,Garki,Jigawa,12.4357228,9.1858759,Penta,98,5.55,1,0
2026-08-03,23119840.0,Garki Primary Health Center,Garki,Jigawa,12.4357228,9.1858759,Measles,99,5.55,1,0
2026-08-04,23119840.0,Garki Primary Health Center,Garki,Jigawa,12.4357228,9.1858759,BCG,76,2.34,1,0
2026-08-04,23119840.0,Garki Primary Health Center,Garki,Jigawa,12.4357228,9.1858759,Penta,71,2.34,1,0
2026-08-04,23119840.0,Garki Primary Health Center,Garki,Jigawa,12.4357228,9.1858759,Measles,84,2.34,1,0
2026-08-05,23119840.0,Garki Primary Health Center,Garki,Jigawa,12.4357228,9.1858759,BCG,54,2.0,1,0
2026-08-05,23119840.0,Garki Primary Health Center,Garki,Jigawa,12.4357228,9.1858759,Penta,44,2.0,1,0
2026-08-05,23119840.0,Garki Primary Health Center,Garki,Jigawa,12.4357228,9.1858759,Measles,75,2.0,1,0
2026-08-13,23119840.0,Garki Primary Health Center,Garki,Jigawa,12.4357228,9.1858759,BCG,0,20.38,1,1
2026-08-13,23119840.0,Garki Primary Health Center,Garki,Jigawa,12.4357228,9.1858759,Penta,31,20.38,1,0
2026-08-13,23119840.0,Garki Primary Health Center,Garki,Jigawa,12.4357228,9.1858759,Measles,49,20.38,1,0
2026-08-14,23119840.0,Garki Primary Health Center,Garki,Jigawa,12.4357228,9.1858759,BCG,0,18.2,1,1
2026-08-14,23119840.0,Garki Primary Health Center,Garki,Jigawa,12.4357228,9.1858759,Penta,15,18.2,1,0
2026-08-14,23119840.0,Garki Primary Health Center,Garki,Jigawa,12.4357228,9.1858759,Measles,160,18.2,1,1
2026-08-15,23119840.0,Garki Primary Health Center,Garki,Jigawa,12.4357228,9.1858759,BCG,0,15.23,1,1
2026-08-15,23119840.0,Garki Primary Health Center,Garki,Jigawa,12.4357228,9.1858759,Penta,0,15.23,1,1
2026-08-15,23119840.0,Garki Primary Health Center,Garki,Jigawa,12.4357228,9.1858759,Measles,0,15.23,1,1
2026-08-16,23119840.0,Garki Primary Health Center,Garki,Jigawa,12.4357228,9.1858759,BCG,0,11.6,1,1
2026-08-16,23119840.0,Garki Primary Health Center,Garki,Jigawa,12.4357228,9.1858759,Penta,0,11.6,1,1
2026-08-16,23119840.0,Garki Primary Health Center,Garki,Jigawa,12.4357228,9.1858759,Measles,160,11.6,1,1
2026-08-18,23119840.0,Garki Primary Health Center,Garki,Jigawa,12.4357228,9.1858759,BCG,0,13.59,1,1
2026-08-18,23119840.0,Garki Primary Health Center,Garki,Jigawa,12.4357228,9.1858759,Penta,0,13.59,1,1
2026-08-18,23119840.0,Garki Primary Health Center,Garki,Jigawa,12.4357228,9.1858759,Measles,0,13.59,1,1
2026-08-21,23119840.0,Garki Primary Health Center,Garki,Jigawa,12.4357228,9.1858759,BCG,0,18.81,1,1
2026-08-21,23119840.0,Garki Primary Health Center,Garki,Jigawa,12.4357228,9.1858759,Penta,0,18.81,1,1
2026-08-21,23119840.0,Garki Primary Health Center,Garki,Jigawa,12.4357228,9.1858759,Measles,0,18.81,1,1
2026-08-04,72823902.0,Gusau Primary Health Clinic,Gumel,Jigawa,12.6271858,9.3879454,BCG,95,10.57,1,0
2026-08-04,72823902.0,Gusau Primary Health Clinic,Gumel,Jigawa,12.6271858,9.3879454,Penta,104,10.57,1,0
2026-08-04,72823902.0,Gusau Primary Health Clinic,Gumel,Jigawa,12.6271858,9.3879454,Measles,107,10.57,1,0
2026-08-08,72823902.0,Gusau Primary Health Clinic,Gumel,Jigawa,12.6271858,9.3879454,BCG,74,13.77,1,0
2026-08-08,72823902.0,Gusau Primary Health Clinic,Gumel,Jigawa,12.6271858,9.3879454,Penta,87,13.77,1,0
2026-08-08,72823902.0,Gusau Primary Health Clinic,Gumel,Jigawa,12.6271858,9.3879454,Measles,94,13.77,1,0
2026-08-10,72823902.0,Gusau Primary Health Clinic,Gumel,Jigawa,12.6271858,9.3879454,BCG,53,14.16,1,0
2026-08-10,72823902.0,Gusau Primary Health Clinic,Gumel,Jigawa,12.6271858,9.3879454,Penta,65,14.16,1,0
2026-08-10,72823902.0,Gusau Primary Health Clinic,Gumel,Jigawa,12.6271858,9.3879454,Measles,76,14.16,1,0
2026-08-14,72823902.0,Gusau Primary Health Clinic,Gumel,Jigawa,12.6271858,9.3879454,BCG,30,20.48,1,0
2026-08-14,72823902.0,Gusau Primary Health Clinic,Gumel,Jigawa,12.6271858,9.3879454,Penta,41,20.48,1,0
2026-08-14,72823902.0,Gusau Primary Health Clinic,Gumel,Jigawa,12.6271858,9.3879454,Measles,65,20.48,1,0
2026-08-15,72823902.0,Gusau Primary Health Clinic,Gumel,Jigawa,12.6271858,9.3879454,BCG,14,17.18,1,0
2026-08-15,72823902.0,Gusau Primary Health Clinic,Gumel,Jigawa,12.6271858,9.3879454,Penta,0,17.18,1,1
2026-08-15,72823902.0,Gusau Primary Health Clinic,Gumel,Jigawa,12.6271858,9.3879454,Measles,0,17.18,1,1
2026-08-16,72823902.0,Gusau Primary Health Clinic,Gumel,Jigawa,12.6271858,9.3879454,BCG,0,15.22,1,1
2026-08-16,72823902.0,Gusau Primary Health Clinic,Gumel,Jigawa,12.6271858,9.3879454,Penta,0,15.22,1,1
2026-08-16,72823902.0,Gusau Primary Health Clinic,Gumel,Jigawa,12.6271858,9.3879454,Measles,0,15.22,1,1
2026-08-17,72823902.0,Gusau Primary Health Clinic,Gumel,Jigawa,12.6271858,9.3879454,BCG,0,12.2,1,1
2026-08-17,72823902.0,Gusau Primary Health Clinic,Gumel,Jigawa,12.6271858,9.3879454,Penta,160,12.2,1,1
2026-08-17,72823902.0,Gusau Primary Health Clinic,Gumel,Jigawa,12.6271858,9.3879454,Measles,0,12.2,1,1
2026-08-21,72823902.0,Gusau Primary Health Clinic,Gumel,Jigawa,12.6271858,9.3879454,BCG,0,21.68,1,1
2026-08-21,72823902.0,Gusau Primary Health Clinic,Gumel,Jigawa,12.6271858,9.3879454,Penta,160,21.68,1,1
2026-08-21,72823902.0,Gusau Primary Health Clinic,Gumel,Jigawa,12.6271858,9.3879454,Measles,0,21.68,1,1
2026-08-23,72823902.0,Gusau Primary Health Clinic,Gumel,Jigawa,12.6271858,9.3879454,BCG,0,21.56,1,1
2026-08-23,72823902.0,Gusau Primary Health Clinic,Gumel,Jigawa,12.6271858,9.3879454,Penta,139,21.56,1,0
2026-08-23,72823902.0,Gusau Primary Health Clinic,Gumel,Jigawa,12.6271858,9.3879454,Measles,0,21.56,1,1
2026-08-28,72823902.0,Gusau Primary Health Clinic,Gumel,Jigawa,12.6271858,9.3879454,BCG,0,21.83,1,1
2026-08-28,72823902.0,Gusau Primary Health Clinic,Gumel,Jigawa,12.6271858,9.3879454,Penta,113,21.83,1,0
2026-08-28,72823902.0,Gusau Primary Health Clinic,Gumel,Jigawa,12.6271858,9.3879454,Measles,0,21.83,1,1
2026-08-04,56323274.0,Garin Baki Health Post,Gumel,Jigawa,12.695501,9.42341,BCG,104,15.2,1,0
2026-08-04,56323274.0,Garin Baki Health Post,Gumel,Jigawa,12.695501,9.42341,Penta,111,15.2,1,0
2026-08-04,56323274.0,Garin Baki Health Post,Gumel,Jigawa,12.695501,9.42341,Measles,98,15.2,1,0
2026-08-07,56323274.0,Garin Baki Health Post,Gumel,Jigawa,12.695501,9.42341,BCG,85,19.87,1,0
2026-08-07,56323274.0,Garin Baki Health Post,Gumel,Jigawa,12.695501,9.42341,Penta,87,19.87,1,0
2026-08-07,56323274.0,Garin Baki Health Post,Gumel,Jigawa,12.695501,9.42341,Measles,80,19.87,1,0
2026-08-13,56323274.0,Garin Baki Health Post,Gumel,Jigawa,12.695501,9.42341,BCG,68,21.63,1,0
2026-08-13,56323274.0,Garin Baki Health Post,Gumel,Jigawa,12.695501,9.42341,Penta,69,21.63,1,0
2026-08-13,56323274.0,Garin Baki Health Post,Gumel,Jigawa,12.695501,9.42341,Measles,0,21.63,1,1
2026-08-15,56323274.0,Garin Baki Health Post,Gumel,Jigawa,12.695501,9.42341,BCG,38,20.7,1,0
2026-08-15,56323274.0,Garin Baki Health Post,Gumel,Jigawa,12.695501,9.42341,Penta,50,20.7,1,0
2026-08-15,56323274.0,Garin Baki Health Post,Gumel,Jigawa,12.695501,9.42341,Measles,160,20.7,1,1
2026-08-17,56323274.0,Garin Baki Health Post,Gumel,Jigawa,12.695501,9.42341,BCG,0,19.65,1,1
2026-08-17,56323274.0,Garin Baki Health Post,Gumel,Jigawa,12.695501,9.42341,Penta,30,19.65,1,0
2026-08-17,56323274.0,Garin Baki Health Post,Gumel,Jigawa,12.695501,9.42341,Measles,0,19.65,1,1
2026-08-18,56323274.0,Garin Baki Health Post,Gumel,Jigawa,12.695501,9.42341,BCG,0,16.95,1,1
2026-08-18,56323274.0,Garin Baki Health Post,Gumel,Jigawa,12.695501,9.42341,Penta,11,16.95,1,0
2026-08-18,56323274.0,Garin Baki Health Post,Gumel,Jigawa,12.695501,9.42341,Measles,0,16.95,1,1
2026-08-21,56323274.0,Garin Baki Health Post,Gumel,Jigawa,12.695501,9.42341,BCG,0,21.55,1,1
2026-08-21,56323274.0,Garin Baki Health Post,Gumel,Jigawa,12.695501,9.42341,Penta,0,21.55,1,1
2026-08-21,56323274.0,Garin Baki Health Post,Gumel,Jigawa,12.695501,9.42341,Measles,0,21.55,1,1
2026-08-22,56323274.0,Garin Baki Health Post,Gumel,Jigawa,12.695501,9.42341,BCG,0,18.6,1,1
2026-08-22,56323274.0,Garin Baki Health Post,Gumel,Jigawa,12.695501,9.42341,Penta,0,18.6,1,1
2026-08-22,56323274.0,Garin Baki Health Post,Gumel,Jigawa,12.695501,9.42341,Measles,0,18.6,1,1
2026-08-27,56323274.0,Garin Baki Health Post,Gumel,Jigawa,12.695501,9.42341,BCG,160,20.68,1,1
2026-08-27,56323274.0,Garin Baki Health Post,Gumel,Jigawa,12.695501,9.42341,Penta,0,20.68,1,1
2026-08-27,56323274.0,Garin Baki Health Post,Gumel,Jigawa,12.695501,9.42341,Measles,0,20.68,1,1
2026-08-29,56323274.0,Garin Baki Health Post,Gumel,Jigawa,12.695501,9.42341,BCG,160,20.94,1,1
2026-08-29,56323274.0,Garin Baki Health Post,Gumel,Jigawa,12.695501,9.42341,Penta,0,20.94,1,1
2026-08-29,56323274.0,Garin Baki Health Post,Gumel,Jigawa,12.695501,9.42341,Measles,0,20.94,1,1
2026-08-04,78859346.0,Zugo Primary Health Clinic,Guri,Jigawa,12.7659385,10.3823597,BCG,92,13.42,1,0
2026-08-04,78859346.0,Zugo Primary Health Clinic,Guri,Jigawa,12.7659385,10.3823597,Penta,0,13.42,1,1
2026-08-04,78859346.0,Zugo Primary Health Clinic,Guri,Jigawa,12.7659385,10.3823597,Measles,99,13.42,1,0
2026-08-07,78859346.0,Zugo Primary Health Clinic,Guri,Jigawa,12.7659385,10.3823597,BCG,0,19.87,1,1
2026-08-07,78859346.0,Zugo Primary Health Clinic,Guri,Jigawa,12.7659385,10.3823597,Penta,160,19.87,1,1
2026-08-07,78859346.0,Zugo Primary Health Clinic,Guri,Jigawa,12.7659385,10.3823597,Measles,0,19.87,1,1
2026-08-08,78859346.0,Zugo Primary Health Clinic,Guri,Jigawa,12.7659385,10.3823597,BCG,0,17.23,1,1
2026-08-08,78859346.0,Zugo Primary Health Clinic,Guri,Jigawa,12.7659385,10.3823597,Penta,149,17.23,1,0
2026-08-08,78859346.0,Zugo Primary Health Clinic,Guri,Jigawa,12.7659385,10.3823597,Measles,160,17.23,1,1
2026-08-10,78859346.0,Zugo Primary Health Clinic,Guri,Jigawa,12.7659385,10.3823597,BCG,160,19.25,1,1
2026-08-10,78859346.0,Zugo Primary Health Clinic,Guri,Jigawa,12.7659385,10.3823597,Penta,128,19.25,1,0
2026-08-10,78859346.0,Zugo Primary Health Clinic,Guri,Jigawa,12.7659385,10.3823597,Measles,142,19.25,1,0
2026-08-12,78859346.0,Zugo Primary Health Clinic,Guri,Jigawa,12.7659385,10.3823597,BCG,135,21.02,1,0
2026-08-12,78859346.0,Zugo Primary Health Clinic,Guri,Jigawa,12.7659385,10.3823597,Penta,108,21.02,1,0
2026-08-12,78859346.0,Zugo Primary Health Clinic,Guri,Jigawa,12.7659385,10.3823597,Measles,125,21.02,1,0
2026-08-15,78859346.0,Zugo Primary Health Clinic,Guri,Jigawa,12.7659385,10.3823597,BCG,109,21.32,1,0
2026-08-15,78859346.0,Zugo Primary Health Clinic,Guri,Jigawa,12.7659385,10.3823597,Penta,0,21.32,1,1
2026-08-15,78859346.0,Zugo Primary Health Clinic,Guri,Jigawa,12.7659385,10.3823597,Measles,160,21.32,1,1
2026-08-17,78859346.0,Zugo Primary Health Clinic,Guri,Jigawa,12.7659385,10.3823597,BCG,87,20.58,1,0
2026-08-17,78859346.0,Zugo Primary Health Clinic,Guri,Jigawa,12.7659385,10.3823597,Penta,0,20.58,1,1
2026-08-17,78859346.0,Zugo Primary Health Clinic,Guri,Jigawa,12.7659385,10.3823597,Measles,137,20.58,1,0
2026-08-20,78859346.0,Zugo Primary Health Clinic,Guri,Jigawa,12.7659385,10.3823597,BCG,72,22.01,1,0
2026-08-20,78859346.0,Zugo Primary Health Clinic,Guri,Jigawa,12.7659385,10.3823597,Penta,0,22.01,1,1
2026-08-20,78859346.0,Zugo Primary Health Clinic,Guri,Jigawa,12.7659385,10.3823597,Measles,111,22.01,1,0
2026-08-24,78859346.0,Zugo Primary Health Clinic,Guri,Jigawa,12.7659385,10.3823597,BCG,50,21.73,1,0
2026-08-24,78859346.0,Zugo Primary Health Clinic,Guri,Jigawa,12.7659385,10.3823597,Penta,0,21.73,1,1
2026-08-24,78859346.0,Zugo Primary Health Clinic,Guri,Jigawa,12.7659385,10.3823597,Measles,83,21.73,1,0
2026-08-25,78859346.0,Zugo Primary Health Clinic,Guri,Jigawa,12.7659385,10.3823597,BCG,0,18.91,1,1
2026-08-25,78859346.0,Zugo Primary Health Clinic,Guri,Jigawa,12.7659385,10.3823597,Penta,0,18.91,1,1
2026-08-25,78859346.0,Zugo Primary Health Clinic,Guri,Jigawa,12.7659385,10.3823597,Measles,60,18.91,1,0
2026-08-27,78859346.0,Zugo Primary Health Clinic,Guri,Jigawa,12.7659385,10.3823597,BCG,160,19.44,1,1
2026-08-27,78859346.0,Zugo Primary Health Clinic,Guri,Jigawa,12.7659385,10.3823597,Penta,0,19.44,1,1
2026-08-27,78859346.0,Zugo Primary Health Clinic,Guri,Jigawa,12.7659385,10.3823597,Measles,0,19.44,1,1
2026-08-29,78859346.0,Zugo Primary Health Clinic,Guri,Jigawa,12.7659385,10.3823597,BCG,138,21.0,1,0
2026-08-29,78859346.0,Zugo Primary Health Clinic,Guri,Jigawa,12.7659385,10.3823597,Penta,0,21.0,1,1
2026-08-29,78859346.0,Zugo Primary Health Clinic,Guri,Jigawa,12.7659385,10.3823597,Measles,0,21.0,1,1
2026-08-02,32944406.0,Diribda Health Post,Guri,Jigawa,12.5095577,10.5133912,BCG,101,2.4,1,0
2026-08-02,32944406.0,Diribda Health Post,Guri,Jigawa,12.5095577,10.5133912,Penta,96,2.4,1,0
2026-08-02,32944406.0,Diribda Health Post,Guri,Jigawa,12.5095577,10.5133912,Measles,97,2.4,1,0
2026-08-07,32944406.0,Diribda Health Post,Guri,Jigawa,12.5095577,10.5133912,BCG,79,10.92,1,0
2026-08-07,32944406.0,Diribda Health Post,Guri,Jigawa,12.5095577,10.5133912,Penta,75,10.92,1,0
2026-08-07,32944406.0,Diribda Health Post,Guri,Jigawa,12.5095577,10.5133912,Measles,83,10.92,1,0
2026-08-10,32944406.0,Diribda Health Post,Guri,Jigawa,12.5095577,10.5133912,BCG,54,17.19,1,0
2026-08-10,32944406.0,Diribda Health Post,Guri,Jigawa,12.5095577,10.5133912,Penta,57,17.19,1,0
2026-08-10,32944406.0,Diribda Health Post,Guri,Jigawa,12.5095577,10.5133912,Measles,66,17.19,1,0
2026-08-12,32944406.0,Diribda Health Post,Guri,Jigawa,12.5095577,10.5133912,BCG,27,18.26,1,0
2026-08-12,32944406.0,Diribda Health Post,Guri,Jigawa,12.5095577,10.5133912,Penta,38,18.26,1,0
2026-08-12,32944406.0,Diribda Health Post,Guri,Jigawa,12.5095577,10.5133912,Measles,39,18.26,1,0
2026-08-14,32944406.0,Diribda Health Post,Guri,Jigawa,12.5095577,10.5133912,BCG,0,19.65,1,1
2026-08-14,32944406.0,Diribda Health Post,Guri,Jigawa,12.5095577,10.5133912,Penta,22,19.65,1,0
2026-08-14,32944406.0,Diribda Health Post,Guri,Jigawa,12.5095577,10.5133912,Measles,20,19.65,1,0
2026-08-20,32944406.0,Diribda Health Post,Guri,Jigawa,12.5095577,10.5133912,BCG,160,21.38,1,1
2026-08-20,32944406.0,Diribda Health Post,Guri,Jigawa,12.5095577,10.5133912,Penta,0,21.38,1,1
2026-08-20,32944406.0,Diribda Health Post,Guri,Jigawa,12.5095577,10.5133912,Measles,0,21.38,1,1
2026-08-30,32944406.0,Diribda Health Post,Guri,Jigawa,12.5095577,10.5133912,BCG,0,20.13,1,1
2026-08-30,32944406.0,Diribda Health Post,Guri,Jigawa,12.5095577,10.5133912,Penta,0,20.13,1,1
2026-08-30,32944406.0,Diribda Health Post,Guri,Jigawa,12.5095577,10.5133912,Measles,0,20.13,1,1
2026-08-01,28951128.0,Dabaja Health Post,Gwaram,Jigawa,11.4064374,9.8611203,BCG,95,2.0,1,0
2026-08-01,28951128.0,Dabaja Health Post,Gwaram,Jigawa,11.4064374,9.8611203,Penta,94,2.0,1,0
2026-08-01,28951128.0,Dabaja Health Post,Gwaram,Jigawa,11.4064374,9.8611203,Measles,101,2.0,1,0
2026-08-10,28951128.0,Dabaja Health Post,Gwaram,Jigawa,11.4064374,9.8611203,BCG,0,21.01,1,1
2026-08-10,28951128.0,Dabaja Health Post,Gwaram,Jigawa,11.4064374,9.8611203,Penta,78,21.01,1,0
2026-08-10,28951128.0,Dabaja Health Post,Gwaram,Jigawa,11.4064374,9.8611203,Measles,85,21.01,1,0
2026-08-13,28951128.0,Dabaja Health Post,Gwaram,Jigawa,11.4064374,9.8611203,BCG,0,21.07,1,1
2026-08-13,28951128.0,Dabaja Health Post,Gwaram,Jigawa,11.4064374,9.8611203,Penta,57,21.07,1,0
2026-08-13,28951128.0,Dabaja Health Post,Gwaram,Jigawa,11.4064374,9.8611203,Measles,160,21.07,1,1
2026-08-15,28951128.0,Dabaja Health Post,Gwaram,Jigawa,11.4064374,9.8611203,BCG,0,19.81,1,1
2026-08-15,28951128.0,Dabaja Health Post,Gwaram,Jigawa,11.4064374,9.8611203,Penta,40,19.81,1,0
2026-08-15,28951128.0,Dabaja Health Post,Gwaram,Jigawa,11.4064374,9.8611203,Measles,148,19.81,1,0
2026-08-18,28951128.0,Dabaja Health Post,Gwaram,Jigawa,11.4064374,9.8611203,BCG,160,22.53,1,1
2026-08-18,28951128.0,Dabaja Health Post,Gwaram,Jigawa,11.4064374,9.8611203,Penta,12,22.53,1,0
2026-08-18,28951128.0,Dabaja Health Post,Gwaram,Jigawa,11.4064374,9.8611203,Measles,126,22.53,1,0
2026-08-19,28951128.0,Dabaja Health Post,Gwaram,Jigawa,11.4064374,9.8611203,BCG,152,19.17,1,0
2026-08-19,28951128.0,Dabaja Health Post,Gwaram,Jigawa,11.4064374,9.8611203,Penta,160,19.17,1,1
2026-08-19,28951128.0,Dabaja Health Post,Gwaram,Jigawa,11.4064374,9.8611203,Measles,111,19.17,1,0
2026-08-21,28951128.0,Dabaja Health Post,Gwaram,Jigawa,11.4064374,9.8611203,BCG,130,20.62,1,0
2026-08-21,28951128.0,Dabaja Health Post,Gwaram,Jigawa,11.4064374,9.8611203,Penta,141,20.62,1,0
2026-08-21,28951128.0,Dabaja Health Post,Gwaram,Jigawa,11.4064374,9.8611203,Measles,87,20.62,1,0
2026-08-03,63321225.0,Nahuce Health Post,Gwaram,Jigawa,11.4300281,9.8024062,BCG,92,10.74,1,0
2026-08-03,63321225.0,Nahuce Health Post,Gwaram,Jigawa,11.4300281,9.8024062,Penta,95,10.74,1,0
2026-08-03,63321225.0,Nahuce Health Post,Gwaram,Jigawa,11.4300281,9.8024062,Measles,104,10.74,1,0
2026-08-08,63321225.0,Nahuce Health Post,Gwaram,Jigawa,11.4300281,9.8024062,BCG,160,20.37,1,1
2026-08-08,63321225.0,Nahuce Health Post,Gwaram,Jigawa,11.4300281,9.8024062,Penta,0,20.37,1,1
2026-08-08,63321225.0,Nahuce Health Post,Gwaram,Jigawa,11.4300281,9.8024062,Measles,82,20.37,1,0
2026-08-14,63321225.0,Nahuce Health Post,Gwaram,Jigawa,11.4300281,9.8024062,BCG,140,20.08,1,0
2026-08-14,63321225.0,Nahuce Health Post,Gwaram,Jigawa,11.4300281,9.8024062,Penta,0,20.08,1,1
2026-08-14,63321225.0,Nahuce Health Post,Gwaram,Jigawa,11.4300281,9.8024062,Measles,58,20.08,1,0
2026-08-16,63321225.0,Nahuce Health Post,Gwaram,Jigawa,11.4300281,9.8024062,BCG,0,21.86,1,1
2026-08-16,63321225.0,Nahuce Health Post,Gwaram,Jigawa,11.4300281,9.8024062,Penta,160,21.86,1,1
2026-08-16,63321225.0,Nahuce Health Post,Gwaram,Jigawa,11.4300281,9.8024062,Measles,41,21.86,1,0
2026-08-18,63321225.0,Nahuce Health Post,Gwaram,Jigawa,11.4300281,9.8024062,BCG,0,20.93,1,1
2026-08-18,63321225.0,Nahuce Health Post,Gwaram,Jigawa,11.4300281,9.8024062,Penta,0,20.93,1,1
2026-08-18,63321225.0,Nahuce Health Post,Gwaram,Jigawa,11.4300281,9.8024062,Measles,23,20.93,1,0
2026-08-27,63321225.0,Nahuce Health Post,Gwaram,Jigawa,11.4300281,9.8024062,BCG,0,21.91,1,1
2026-08-27,63321225.0,Nahuce Health Post,Gwaram,Jigawa,11.4300281,9.8024062,Penta,160,21.91,1,1
2026-08-27,63321225.0,Nahuce Health Post,Gwaram,Jigawa,11.4300281,9.8024062,Measles,3,21.91,1,0
2026-08-03,13488122.0,Indirawa Basic Health Clinic,Gwiwa,Jigawa,12.78793128,8.354072707,BCG,105,7.98,1,0
2026-08-03,13488122.0,Indirawa Basic Health Clinic,Gwiwa,Jigawa,12.78793128,8.354072707,Penta,97,7.98,1,0
2026-08-03,13488122.0,Indirawa Basic Health Clinic,Gwiwa,Jigawa,12.78793128,8.354072707,Measles,93,7.98,1,0
2026-08-10,13488122.0,Indirawa Basic Health Clinic,Gwiwa,Jigawa,12.78793128,8.354072707,BCG,84,21.03,1,0
2026-08-10,13488122.0,Indirawa Basic Health Clinic,Gwiwa,Jigawa,12.78793128,8.354072707,Penta,70,21.03,1,0
2026-08-10,13488122.0,Indirawa Basic Health Clinic,Gwiwa,Jigawa,12.78793128,8.354072707,Measles,0,21.03,1,1
2026-08-11,13488122.0,Indirawa Basic Health Clinic,Gwiwa,Jigawa,12.78793128,8.354072707,BCG,69,18.15,1,0
2026-08-11,13488122.0,Indirawa Basic Health Clinic,Gwiwa,Jigawa,12.78793128,8.354072707,Penta,47,18.15,1,0
2026-08-11,13488122.0,Indirawa Basic Health Clinic,Gwiwa,Jigawa,12.78793128,8.354072707,Measles,0,18.15,1,1
2026-08-25,13488122.0,Indirawa Basic Health Clinic,Gwiwa,Jigawa,12.78793128,8.354072707,BCG,52,21.01,1,0
2026-08-25,13488122.0,Indirawa Basic Health Clinic,Gwiwa,Jigawa,12.78793128,8.354072707,Penta,27,21.01,1,0
2026-08-25,13488122.0,Indirawa Basic Health Clinic,Gwiwa,Jigawa,12.78793128,8.354072707,Measles,0,21.01,1,1
2026-08-27,13488122.0,Indirawa Basic Health Clinic,Gwiwa,Jigawa,12.78793128,8.354072707,BCG,32,21.06,1,0
2026-08-27,13488122.0,Indirawa Basic Health Clinic,Gwiwa,Jigawa,12.78793128,8.354072707,Penta,11,21.06,1,0
2026-08-27,13488122.0,Indirawa Basic Health Clinic,Gwiwa,Jigawa,12.78793128,8.354072707,Measles,0,21.06,1,1
2026-08-28,13488122.0,Indirawa Basic Health Clinic,Gwiwa,Jigawa,12.78793128,8.354072707,BCG,12,16.74,1,0
2026-08-28,13488122.0,Indirawa Basic Health Clinic,Gwiwa,Jigawa,12.78793128,8.354072707,Penta,0,16.74,1,1
2026-08-28,13488122.0,Indirawa Basic Health Clinic,Gwiwa,Jigawa,12.78793128,8.354072707,Measles,0,16.74,1,1
2026-08-02,47230795.0,Gwiwa Primary Health Center,Gwiwa,Jigawa,12.78568,8.34096,BCG,102,5.45,1,0
2026-08-02,47230795.0,Gwiwa Primary Health Center,Gwiwa,Jigawa,12.78568,8.34096,Penta,102,5.45,1,0
2026-08-02,47230795.0,Gwiwa Primary Health Center,Gwiwa,Jigawa,12.78568,8.34096,Measles,106,5.45,1,0
2026-08-10,47230795.0,Gwiwa Primary Health Center,Gwiwa,Jigawa,12.78568,8.34096,BCG,85,20.55,1,0
2026-08-10,47230795.0,Gwiwa Primary Health Center,Gwiwa,Jigawa,12.78568,8.34096,Penta,160,20.55,1,1
2026-08-10,47230795.0,Gwiwa Primary Health Center,Gwiwa,Jigawa,12.78568,8.34096,Measles,90,20.55,1,0
2026-08-13,47230795.0,Gwiwa Primary Health Center,Gwiwa,Jigawa,12.78568,8.34096,BCG,71,20.61,1,0
2026-08-13,47230795.0,Gwiwa Primary Health Center,Gwiwa,Jigawa,12.78568,8.34096,Penta,135,20.61,1,0
2026-08-13,47230795.0,Gwiwa Primary Health Center,Gwiwa,Jigawa,12.78568,8.34096,Measles,0,20.61,1,1
2026-08-16,47230795.0,Gwiwa Primary Health Center,Gwiwa,Jigawa,12.78568,8.34096,BCG,48,21.13,1,0
2026-08-16,47230795.0,Gwiwa Primary Health Center,Gwiwa,Jigawa,12.78568,8.34096,Penta,160,21.13,1,1
2026-08-16,47230795.0,Gwiwa Primary Health Center,Gwiwa,Jigawa,12.78568,8.34096,Measles,0,21.13,1,1
2026-08-17,47230795.0,Gwiwa Primary Health Center,Gwiwa,Jigawa,12.78568,8.34096,BCG,35,18.71,1,0
2026-08-17,47230795.0,Gwiwa Primary Health Center,Gwiwa,Jigawa,12.78568,8.34096,Penta,139,18.71,1,0
2026-08-17,47230795.0,Gwiwa Primary Health Center,Gwiwa,Jigawa,12.78568,8.34096,Measles,0,18.71,1,1
2026-08-18,47230795.0,Gwiwa Primary Health Center,Gwiwa,Jigawa,12.78568,8.34096,BCG,13,16.55,1,0
2026-08-18,47230795.0,Gwiwa Primary Health Center,Gwiwa,Jigawa,12.78568,8.34096,Penta,118,16.55,1,0
2026-08-18,47230795.0,Gwiwa Primary Health Center,Gwiwa,Jigawa,12.78568,8.34096,Measles,0,16.55,1,1
2026-08-19,47230795.0,Gwiwa Primary Health Center,Gwiwa,Jigawa,12.78568,8.34096,BCG,0,14.11,1,1
2026-08-19,47230795.0,Gwiwa Primary Health Center,Gwiwa,Jigawa,12.78568,8.34096,Penta,98,14.11,1,0
2026-08-19,47230795.0,Gwiwa Primary Health Center,Gwiwa,Jigawa,12.78568,8.34096,Measles,0,14.11,1,1
2026-08-24,47230795.0,Gwiwa Primary Health Center,Gwiwa,Jigawa,12.78568,8.34096,BCG,160,22.25,1,1
2026-08-24,47230795.0,Gwiwa Primary Health Center,Gwiwa,Jigawa,12.78568,8.34096,Penta,80,22.25,1,0
2026-08-24,47230795.0,Gwiwa Primary Health Center,Gwiwa,Jigawa,12.78568,8.34096,Measles,0,22.25,1,1
2026-08-27,47230795.0,Gwiwa Primary Health Center,Gwiwa,Jigawa,12.78568,8.34096,BCG,133,21.21,1,0
2026-08-27,47230795.0,Gwiwa Primary Health Center,Gwiwa,Jigawa,12.78568,8.34096,Penta,59,21.21,1,0
2026-08-27,47230795.0,Gwiwa Primary Health Center,Gwiwa,Jigawa,12.78568,8.34096,Measles,0,21.21,1,1
2026-08-05,27478736.0,Majema Primary Health Center,Hadejia,Jigawa,12.4507,10.03991,BCG,100,14.05,1,0
2026-08-05,27478736.0,Majema Primary Health Center,Hadejia,Jigawa,12.4507,10.03991,Penta,102,14.05,1,0
2026-08-05,27478736.0,Majema Primary Health Center,Hadejia,Jigawa,12.4507,10.03991,Measles,0,14.05,1,1
2026-08-06,27478736.0,Majema Primary Health Center,Hadejia,Jigawa,12.4507,10.03991,BCG,81,11.04,1,0
2026-08-06,27478736.0,Majema Primary Health Center,Hadejia,Jigawa,12.4507,10.03991,Penta,77,11.04,1,0
2026-08-06,27478736.0,Majema Primary Health Center,Hadejia,Jigawa,12.4507,10.03991,Measles,0,11.04,1,1
2026-08-08,27478736.0,Majema Primary Health Center,Hadejia,Jigawa,12.4507,10.03991,BCG,57,10.73,1,0
2026-08-08,27478736.0,Majema Primary Health Center,Hadejia,Jigawa,12.4507,10.03991,Penta,63,10.73,1,0
2026-08-08,27478736.0,Majema Primary Health Center,Hadejia,Jigawa,12.4507,10.03991,Measles,0,10.73,1,1
2026-08-09,27478736.0,Majema Primary Health Center,Hadejia,Jigawa,12.4507,10.03991,BCG,32,7.98,1,0
2026-08-09,27478736.0,Majema Primary Health Center,Hadejia,Jigawa,12.4507,10.03991,Penta,41,7.98,1,0
2026-08-09,27478736.0,Majema Primary Health Center,Hadejia,Jigawa,12.4507,10.03991,Measles,0,7.98,1,1
2026-08-11,27478736.0,Majema Primary Health Center,Hadejia,Jigawa,12.4507,10.03991,BCG,9,8.8,1,0
2026-08-11,27478736.0,Majema Primary Health Center,Hadejia,Jigawa,12.4507,10.03991,Penta,22,8.8,1,0
2026-08-11,27478736.0,Majema Primary Health Center,Hadejia,Jigawa,12.4507,10.03991,Measles,0,8.8,1,1
2026-08-13,27478736.0,Majema Primary Health Center,Hadejia,Jigawa,12.4507,10.03991,BCG,0,9.48,1,1
2026-08-13,27478736.0,Majema Primary Health Center,Hadejia,Jigawa,12.4507,10.03991,Penta,0,9.48,1,1
2026-08-13,27478736.0,Majema Primary Health Center,Hadejia,Jigawa,12.4507,10.03991,Measles,160,9.48,1,1
2026-08-15,27478736.0,Majema Primary Health Center,Hadejia,Jigawa,12.4507,10.03991,BCG,0,7.73,1,1
2026-08-15,27478736.0,Majema Primary Health Center,Hadejia,Jigawa,12.4507,10.03991,Penta,0,7.73,1,1
2026-08-15,27478736.0,Majema Primary Health Center,Hadejia,Jigawa,12.4507,10.03991,Measles,137,7.73,1,0
2026-08-16,27478736.0,Majema Primary Health Center,Hadejia,Jigawa,12.4507,10.03991,BCG,0,4.56,1,1
2026-08-16,27478736.0,Majema Primary Health Center,Hadejia,Jigawa,12.4507,10.03991,Penta,0,4.56,1,1
2026-08-16,27478736.0,Majema Primary Health Center,Hadejia,Jigawa,12.4507,10.03991,Measles,119,4.56,1,0
2026-08-19,27478736.0,Majema Primary Health Center,Hadejia,Jigawa,12.4507,10.03991,BCG,160,6.59,1,1
2026-08-19,27478736.0,Majema Primary Health Center,Hadejia,Jigawa,12.4507,10.03991,Penta,0,6.59,1,1
2026-08-19,27478736.0,Majema Primary Health Center,Hadejia,Jigawa,12.4507,10.03991,Measles,106,6.59,1,0
2026-08-22,27478736.0,Majema Primary Health Center,Hadejia,Jigawa,12.4507,10.03991,BCG,142,6.68,1,0
2026-08-22,27478736.0,Majema Primary Health Center,Hadejia,Jigawa,12.4507,10.03991,Penta,160,6.68,1,1
2026-08-22,27478736.0,Majema Primary Health Center,Hadejia,Jigawa,12.4507,10.03991,Measles,88,6.68,1,0
2026-08-26,27478736.0,Majema Primary Health Center,Hadejia,Jigawa,12.4507,10.03991,BCG,121,11.82,1,0
2026-08-26,27478736.0,Majema Primary Health Center,Hadejia,Jigawa,12.4507,10.03991,Penta,136,11.82,1,0
2026-08-26,27478736.0,Majema Primary Health Center,Hadejia,Jigawa,12.4507,10.03991,Measles,68,11.82,1,0
2026-08-03,40470268.0,Kofar Arewa Urban Maternity Centre,Hadejia,Jigawa,12.4557465,10.0419553,BCG,101,8.67,1,0
2026-08-03,40470268.0,Kofar Arewa Urban Maternity Centre,Hadejia,Jigawa,12.4557465,10.0419553,Penta,102,8.67,1,0
2026-08-03,40470268.0,Kofar Arewa Urban Maternity Centre,Hadejia,Jigawa,12.4557465,10.0419553,Measles,106,8.67,1,0
2026-08-09,40470268.0,Kofar Arewa Urban Maternity Centre,Hadejia,Jigawa,12.4557465,10.0419553,BCG,75,21.62,1,0
2026-08-09,40470268.0,Kofar Arewa Urban Maternity Centre,Hadejia,Jigawa,12.4557465,10.0419553,Penta,78,21.62,1,0
2026-08-09,40470268.0,Kofar Arewa Urban Maternity Centre,Hadejia,Jigawa,12.4557465,10.0419553,Measles,0,21.62,1,1
2026-08-11,40470268.0,Kofar Arewa Urban Maternity Centre,Hadejia,Jigawa,12.4557465,10.0419553,BCG,58,21.58,1,0
2026-08-11,40470268.0,Kofar Arewa Urban Maternity Centre,Hadejia,Jigawa,12.4557465,10.0419553,Penta,0,21.58,1,1
2026-08-11,40470268.0,Kofar Arewa Urban Maternity Centre,Hadejia,Jigawa,12.4557465,10.0419553,Measles,160,21.58,1,1
2026-08-13,40470268.0,Kofar Arewa Urban Maternity Centre,Hadejia,Jigawa,12.4557465,10.0419553,BCG,37,20.08,1,0
2026-08-13,40470268.0,Kofar Arewa Urban Maternity Centre,Hadejia,Jigawa,12.4557465,10.0419553,Penta,0,20.08,1,1
2026-08-13,40470268.0,Kofar Arewa Urban Maternity Centre,Hadejia,Jigawa,12.4557465,10.0419553,Measles,135,20.08,1,0
2026-08-14,40470268.0,Kofar Arewa Urban Maternity Centre,Hadejia,Jigawa,12.4557465,10.0419553,BCG,182,17.57,1,0
2026-08-14,40470268.0,Kofar Arewa Urban Maternity Centre,Hadejia,Jigawa,12.4557465,10.0419553,Penta,0,17.57,1,1
2026-08-14,40470268.0,Kofar Arewa Urban Maternity Centre,Hadejia,Jigawa,12.4557465,10.0419553,Measles,110,17.57,1,0
2026-08-15,40470268.0,Kofar Arewa Urban Maternity Centre,Hadejia,Jigawa,12.4557465,10.0419553,BCG,166,14.11,1,0
2026-08-15,40470268.0,Kofar Arewa Urban Maternity Centre,Hadejia,Jigawa,12.4557465,10.0419553,Penta,0,14.11,1,1
2026-08-15,40470268.0,Kofar Arewa Urban Maternity Centre,Hadejia,Jigawa,12.4557465,10.0419553,Measles,93,14.11,1,0
2026-08-17,40470268.0,Kofar Arewa Urban Maternity Centre,Hadejia,Jigawa,12.4557465,10.0419553,BCG,156,17.09,1,0
2026-08-17,40470268.0,Kofar Arewa Urban Maternity Centre,Hadejia,Jigawa,12.4557465,10.0419553,Penta,0,17.09,1,1
2026-08-17,40470268.0,Kofar Arewa Urban Maternity Centre,Hadejia,Jigawa,12.4557465,10.0419553,Measles,70,17.09,1,0
2026-08-18,40470268.0,Kofar Arewa Urban Maternity Centre,Hadejia,Jigawa,12.4557465,10.0419553,BCG,138,14.07,1,0
2026-08-18,40470268.0,Kofar Arewa Urban Maternity Centre,Hadejia,Jigawa,12.4557465,10.0419553,Penta,0,14.07,1,1
2026-08-18,40470268.0,Kofar Arewa Urban Maternity Centre,Hadejia,Jigawa,12.4557465,10.0419553,Measles,55,14.07,1,0
2026-08-19,40470268.0,Kofar Arewa Urban Maternity Centre,Hadejia,Jigawa,12.4557465,10.0419553,BCG,125,11.18,1,0
2026-08-19,40470268.0,Kofar Arewa Urban Maternity Centre,Hadejia,Jigawa,12.4557465,10.0419553,Penta,0,11.18,1,1
2026-08-19,40470268.0,Kofar Arewa Urban Maternity Centre,Hadejia,Jigawa,12.4557465,10.0419553,Measles,35,11.18,1,0
2026-08-25,40470268.0,Kofar Arewa Urban Maternity Centre,Hadejia,Jigawa,12.4557465,10.0419553,BCG,107,21.17,1,0
2026-08-25,40470268.0,Kofar Arewa Urban Maternity Centre,Hadejia,Jigawa,12.4557465,10.0419553,Penta,0,21.17,1,1
2026-08-25,40470268.0,Kofar Arewa Urban Maternity Centre,Hadejia,Jigawa,12.4557465,10.0419553,Measles,17,21.17,1,0
2026-08-29,40470268.0,Kofar Arewa Urban Maternity Centre,Hadejia,Jigawa,12.4557465,10.0419553,BCG,83,21.37,1,0
2026-08-29,40470268.0,Kofar Arewa Urban Maternity Centre,Hadejia,Jigawa,12.4557465,10.0419553,Penta,0,21.37,1,1
2026-08-29,40470268.0,Kofar Arewa Urban Maternity Centre,Hadejia,Jigawa,12.4557465,10.0419553,Measles,2,21.37,1,0
2026-08-01,60743129.0,Kadawawa Primary Health Clinic,Jahun,Jigawa,11.993444,9.798088,BCG,105,2.0,1,0
2026-08-01,60743129.0,Kadawawa Primary Health Clinic,Jahun,Jigawa,11.993444,9.798088,Penta,106,2.0,1,0
2026-08-01,60743129.0,Kadawawa Primary Health Clinic,Jahun,Jigawa,11.993444,9.798088,Measles,106,2.0,1,0
2026-08-05,60743129.0,Kadawawa Primary Health Clinic,Jahun,Jigawa,11.993444,9.798088,BCG,81,7.91,1,0
2026-08-05,60743129.0,Kadawawa Primary Health Clinic,Jahun,Jigawa,11.993444,9.798088,Penta,83,7.91,1,0
2026-08-05,60743129.0,Kadawawa Primary Health Clinic,Jahun,Jigawa,11.993444,9.798088,Measles,92,7.91,1,0
2026-08-10,60743129.0,Kadawawa Primary Health Clinic,Jahun,Jigawa,11.993444,9.798088,BCG,68,20.52,1,0
2026-08-10,60743129.0,Kadawawa Primary Health Clinic,Jahun,Jigawa,11.993444,9.798088,Penta,59,20.52,1,0
2026-08-10,60743129.0,Kadawawa Primary Health Clinic,Jahun,Jigawa,11.993444,9.798088,Measles,0,20.52,1,1
2026-08-12,60743129.0,Kadawawa Primary Health Clinic,Jahun,Jigawa,11.993444,9.798088,BCG,46,21.63,1,0
2026-08-12,60743129.0,Kadawawa Primary Health Clinic,Jahun,Jigawa,11.993444,9.798088,Penta,160,21.63,1,1
2026-08-12,60743129.0,Kadawawa Primary Health Clinic,Jahun,Jigawa,11.993444,9.798088,Measles,0,21.63,1,1
2026-08-21,60743129.0,Kadawawa Primary Health Clinic,Jahun,Jigawa,11.993444,9.798088,BCG,26,21.41,1,0
2026-08-21,60743129.0,Kadawawa Primary Health Clinic,Jahun,Jigawa,11.993444,9.798088,Penta,144,21.41,1,0
2026-08-21,60743129.0,Kadawawa Primary Health Clinic,Jahun,Jigawa,11.993444,9.798088,Measles,0,21.41,1,1
2026-08-22,60743129.0,Kadawawa Primary Health Clinic,Jahun,Jigawa,11.993444,9.798088,BCG,0,19.07,1,1
2026-08-22,60743129.0,Kadawawa Primary Health Clinic,Jahun,Jigawa,11.993444,9.798088,Penta,126,19.07,1,0
2026-08-22,60743129.0,Kadawawa Primary Health Clinic,Jahun,Jigawa,11.993444,9.798088,Measles,0,19.07,1,1
2026-08-24,60743129.0,Kadawawa Primary Health Clinic,Jahun,Jigawa,11.993444,9.798088,BCG,0,17.92,1,1
2026-08-24,60743129.0,Kadawawa Primary Health Clinic,Jahun,Jigawa,11.993444,9.798088,Penta,100,17.92,1,0
2026-08-24,60743129.0,Kadawawa Primary Health Clinic,Jahun,Jigawa,11.993444,9.798088,Measles,0,17.92,1,1
2026-08-27,60743129.0,Kadawawa Primary Health Clinic,Jahun,Jigawa,11.993444,9.798088,BCG,0,20.34,1,1
2026-08-27,60743129.0,Kadawawa Primary Health Clinic,Jahun,Jigawa,11.993444,9.798088,Penta,80,20.34,1,0
2026-08-27,60743129.0,Kadawawa Primary Health Clinic,Jahun,Jigawa,11.993444,9.798088,Measles,0,20.34,1,1
2026-08-30,60743129.0,Kadawawa Primary Health Clinic,Jahun,Jigawa,11.993444,9.798088,BCG,160,20.86,1,1
2026-08-30,60743129.0,Kadawawa Primary Health Clinic,Jahun,Jigawa,11.993444,9.798088,Penta,63,20.86,1,0
2026-08-30,60743129.0,Kadawawa Primary Health Clinic,Jahun,Jigawa,11.993444,9.798088,Measles,0,20.86,1,1
2026-08-01,78268952.0,Babancha Health Post,Jahun,Jigawa,12.10148,9.76306,BCG,103,2.0,1,0
2026-08-01,78268952.0,Babancha Health Post,Jahun,Jigawa,12.10148,9.76306,Penta,104,2.0,1,0
2026-08-01,78268952.0,Babancha Health Post,Jahun,Jigawa,12.10148,9.76306,Measles,103,2.0,1,0
2026-08-03,78268952.0,Babancha Health Post,Jahun,Jigawa,12.10148,9.76306,BCG,78,2.0,1,0
2026-08-03,78268952.0,Babancha Health Post,Jahun,Jigawa,12.10148,9.76306,Penta,83,2.0,1,0
2026-08-03,78268952.0,Babancha Health Post,Jahun,Jigawa,12.10148,9.76306,Measles,78,2.0,1,0
2026-08-06,78268952.0,Babancha Health Post,Jahun,Jigawa,12.10148,9.76306,BCG,50,6.15,1,0
2026-08-06,78268952.0,Babancha Health Post,Jahun,Jigawa,12.10148,9.76306,Penta,68,6.15,1,0
2026-08-06,78268952.0,Babancha Health Post,Jahun,Jigawa,12.10148,9.76306,Measles,49,6.15,1,0
2026-08-08,78268952.0,Babancha Health Post,Jahun,Jigawa,12.10148,9.76306,BCG,32,6.41,1,0
2026-08-08,78268952.0,Babancha Health Post,Jahun,Jigawa,12.10148,9.76306,Penta,51,6.41,1,0
2026-08-08,78268952.0,Babancha Health Post,Jahun,Jigawa,12.10148,9.76306,Measles,31,6.41,1,0
2026-08-10,78268952.0,Babancha Health Post,Jahun,Jigawa,12.10148,9.76306,BCG,11,4.52,1,0
2026-08-10,78268952.0,Babancha Health Post,Jahun,Jigawa,12.10148,9.76306,Penta,34,4.52,1,0
2026-08-10,78268952.0,Babancha Health Post,Jahun,Jigawa,12.10148,9.76306,Measles,11,4.52,1,0
2026-08-14,78268952.0,Babancha Health Post,Jahun,Jigawa,12.10148,9.76306,BCG,0,13.66,1,1
2026-08-14,78268952.0,Babancha Health Post,Jahun,Jigawa,12.10148,9.76306,Penta,160,13.66,1,1
2026-08-14,78268952.0,Babancha Health Post,Jahun,Jigawa,12.10148,9.76306,Measles,0,13.66,1,1
2026-08-19,78268952.0,Babancha Health Post,Jahun,Jigawa,12.10148,9.76306,BCG,160,21.07,1,1
2026-08-19,78268952.0,Babancha Health Post,Jahun,Jigawa,12.10148,9.76306,Penta,141,21.07,1,0
2026-08-19,78268952.0,Babancha Health Post,Jahun,Jigawa,12.10148,9.76306,Measles,0,21.07,1,1
2026-08-21,78268952.0,Babancha Health Post,Jahun,Jigawa,12.10148,9.76306,BCG,0,20.84,1,1
2026-08-21,78268952.0,Babancha Health Post,Jahun,Jigawa,12.10148,9.76306,Penta,124,20.84,1,0
2026-08-21,78268952.0,Babancha Health Post,Jahun,Jigawa,12.10148,9.76306,Measles,0,20.84,1,1
2026-08-24,78268952.0,Babancha Health Post,Jahun,Jigawa,12.10148,9.76306,BCG,160,21.64,1,1
2026-08-24,78268952.0,Babancha Health Post,Jahun,Jigawa,12.10148,9.76306,Penta,0,21.64,1,1
2026-08-24,78268952.0,Babancha Health Post,Jahun,Jigawa,12.10148,9.76306,Measles,160,21.64,1,1
2026-08-27,78268952.0,Babancha Health Post,Jahun,Jigawa,12.10148,9.76306,BCG,134,21.81,1,0
2026-08-27,78268952.0,Babancha Health Post,Jahun,Jigawa,12.10148,9.76306,Penta,0,21.81,1,1
2026-08-27,78268952.0,Babancha Health Post,Jahun,Jigawa,12.10148,9.76306,Measles,136,21.81,1,0
2026-08-28,78268952.0,Babancha Health Post,Jahun,Jigawa,12.10148,9.76306,BCG,115,19.68,1,0
2026-08-28,78268952.0,Babancha Health Post,Jahun,Jigawa,12.10148,9.76306,Penta,0,19.68,1,1
2026-08-28,78268952.0,Babancha Health Post,Jahun,Jigawa,12.10148,9.76306,Measles,118,19.68,1,0
2026-08-30,78268952.0,Babancha Health Post,Jahun,Jigawa,12.10148,9.76306,BCG,92,21.0,1,0
2026-08-30,78268952.0,Babancha Health Post,Jahun,Jigawa,12.10148,9.76306,Penta,0,21.0,1,1
2026-08-30,78268952.0,Babancha Health Post,Jahun,Jigawa,12.10148,9.76306,Measles,0,21.0,1,1
2026-08-01,14538657.0,Majawa Health Post,Kafin Hausa,Jigawa,12.15531,10.03186,BCG,97,2.08,1,0
2026-08-01,14538657.0,Majawa Health Post,Kafin Hausa,Jigawa,12.15531,10.03186,Penta,96,2.08,1,0
2026-08-01,14538657.0,Majawa Health Post,Kafin Hausa,Jigawa,12.15531,10.03186,Measles,100,2.08,1,0
2026-08-12,14538657.0,Majawa Health Post,Kafin Hausa,Jigawa,12.15531,10.03186,BCG,78,20.21,1,0
2026-08-12,14538657.0,Majawa Health Post,Kafin Hausa,Jigawa,12.15531,10.03186,Penta,75,20.21,1,0
2026-08-12,14538657.0,Majawa Health Post,Kafin Hausa,Jigawa,12.15531,10.03186,Measles,83,20.21,1,0
2026-08-22,14538657.0,Majawa Health Post,Kafin Hausa,Jigawa,12.15531,10.03186,BCG,0,19.88,1,1
2026-08-22,14538657.0,Majawa Health Post,Kafin Hausa,Jigawa,12.15531,10.03186,Penta,160,19.88,1,1
2026-08-22,14538657.0,Majawa Health Post,Kafin Hausa,Jigawa,12.15531,10.03186,Measles,0,19.88,1,1
2026-08-24,14538657.0,Majawa Health Post,Kafin Hausa,Jigawa,12.15531,10.03186,BCG,0,19.88,1,1
2026-08-24,14538657.0,Majawa Health Post,Kafin Hausa,Jigawa,12.15531,10.03186,Penta,134,19.88,1,0
2026-08-24,14538657.0,Majawa Health Post,Kafin Hausa,Jigawa,12.15531,10.03186,Measles,0,19.88,1,1
2026-08-27,14538657.0,Majawa Health Post,Kafin Hausa,Jigawa,12.15531,10.03186,BCG,0,21.43,1,1
2026-08-27,14538657.0,Majawa Health Post,Kafin Hausa,Jigawa,12.15531,10.03186,Penta,114,21.43,1,0
2026-08-27,14538657.0,Majawa Health Post,Kafin Hausa,Jigawa,12.15531,10.03186,Measles,0,21.43,1,1
2026-08-28,14538657.0,Majawa Health Post,Kafin Hausa,Jigawa,12.15531,10.03186,BCG,160,19.28,1,1
2026-08-28,14538657.0,Majawa Health Post,Kafin Hausa,Jigawa,12.15531,10.03186,Penta,88,19.28,1,0
2026-08-28,14538657.0,Majawa Health Post,Kafin Hausa,Jigawa,12.15531,10.03186,Measles,160,19.28,1,1
2026-08-01,78077117.0,Dumadumin Toka Health Clinic,Kafin Hausa,Jigawa,12.0865798,9.8967083,BCG,101,2.0,1,0
2026-08-01,78077117.0,Dumadumin Toka Health Clinic,Kafin Hausa,Jigawa,12.0865798,9.8967083,Penta,97,2.0,1,0
2026-08-01,78077117.0,Dumadumin Toka Health Clinic,Kafin Hausa,Jigawa,12.0865798,9.8967083,Measles,103,2.0,1,0
2026-08-07,78077117.0,Dumadumin Toka Health Clinic,Kafin Hausa,Jigawa,12.0865798,9.8967083,BCG,90,20.61,1,0
2026-08-07,78077117.0,Dumadumin Toka Health Clinic,Kafin Hausa,Jigawa,12.0865798,9.8967083,Penta,0,20.61,1,1
2026-08-07,78077117.0,Dumadumin Toka Health Clinic,Kafin Hausa,Jigawa,12.0865798,9.8967083,Measles,0,20.61,1,1
2026-08-11,78077117.0,Dumadumin Toka Health Clinic,Kafin Hausa,Jigawa,12.0865798,9.8967083,BCG,70,19.83,1,0
2026-08-11,78077117.0,Dumadumin Toka Health Clinic,Kafin Hausa,Jigawa,12.0865798,9.8967083,Penta,160,19.83,1,1
2026-08-11,78077117.0,Dumadumin Toka Health Clinic,Kafin Hausa,Jigawa,12.0865798,9.8967083,Measles,0,19.83,1,1
2026-08-14,78077117.0,Dumadumin Toka Health Clinic,Kafin Hausa,Jigawa,12.0865798,9.8967083,BCG,0,21.34,1,1
2026-08-14,78077117.0,Dumadumin Toka Health Clinic,Kafin Hausa,Jigawa,12.0865798,9.8967083,Penta,139,21.34,1,0
2026-08-14,78077117.0,Dumadumin Toka Health Clinic,Kafin Hausa,Jigawa,12.0865798,9.8967083,Measles,0,21.34,1,1
2026-08-17,78077117.0,Dumadumin Toka Health Clinic,Kafin Hausa,Jigawa,12.0865798,9.8967083,BCG,0,21.32,1,1
2026-08-17,78077117.0,Dumadumin Toka Health Clinic,Kafin Hausa,Jigawa,12.0865798,9.8967083,Penta,122,21.32,1,0
2026-08-17,78077117.0,Dumadumin Toka Health Clinic,Kafin Hausa,Jigawa,12.0865798,9.8967083,Measles,0,21.32,1,1
2026-08-19,78077117.0,Dumadumin Toka Health Clinic,Kafin Hausa,Jigawa,12.0865798,9.8967083,BCG,0,22.73,1,1
2026-08-19,78077117.0,Dumadumin Toka Health Clinic,Kafin Hausa,Jigawa,12.0865798,9.8967083,Penta,107,22.73,1,0
2026-08-19,78077117.0,Dumadumin Toka Health Clinic,Kafin Hausa,Jigawa,12.0865798,9.8967083,Measles,0,22.73,1,1
2026-08-20,78077117.0,Dumadumin Toka Health Clinic,Kafin Hausa,Jigawa,12.0865798,9.8967083,BCG,0,20.06,1,1
2026-08-20,78077117.0,Dumadumin Toka Health Clinic,Kafin Hausa,Jigawa,12.0865798,9.8967083,Penta,90,20.06,1,0
2026-08-20,78077117.0,Dumadumin Toka Health Clinic,Kafin Hausa,Jigawa,12.0865798,9.8967083,Measles,0,20.06,1,1
2026-08-22,78077117.0,Dumadumin Toka Health Clinic,Kafin Hausa,Jigawa,12.0865798,9.8967083,BCG,0,20.63,1,1
2026-08-22,78077117.0,Dumadumin Toka Health Clinic,Kafin Hausa,Jigawa,12.0865798,9.8967083,Penta,65,20.63,1,0
2026-08-22,78077117.0,Dumadumin Toka Health Clinic,Kafin Hausa,Jigawa,12.0865798,9.8967083,Measles,0,20.63,1,1
2026-08-02,12986372.0,Girbobo Health Clinic,Kaugama,Jigawa,12.7669406,9.7488339,BCG,101,3.21,1,0
2026-08-02,12986372.0,Girbobo Health Clinic,Kaugama,Jigawa,12.7669406,9.7488339,Penta,103,3.21,1,0
2026-08-02,12986372.0,Girbobo Health Clinic,Kaugama,Jigawa,12.7669406,9.7488339,Measles,96,3.21,1,0
2026-08-10,12986372.0,Girbobo Health Clinic,Kaugama,Jigawa,12.7669406,9.7488339,BCG,81,20.87,1,0
2026-08-10,12986372.0,Girbobo Health Clinic,Kaugama,Jigawa,12.7669406,9.7488339,Penta,81,20.87,1,0
2026-08-10,12986372.0,Girbobo Health Clinic,Kaugama,Jigawa,12.7669406,9.7488339,Measles,73,20.87,1,0
2026-08-13,12986372.0,Girbobo Health Clinic,Kaugama,Jigawa,12.7669406,9.7488339,BCG,66,20.93,1,0
2026-08-13,12986372.0,Girbobo Health Clinic,Kaugama,Jigawa,12.7669406,9.7488339,Penta,0,20.93,1,1
2026-08-13,12986372.0,Girbobo Health Clinic,Kaugama,Jigawa,12.7669406,9.7488339,Measles,46,20.93,1,0
2026-08-01,63162341.0,Farun Daba Primary Health Clinic,Kazaure,Jigawa,12.625483,8.526033,BCG,100,2.0,1,0
2026-08-01,63162341.0,Farun Daba Primary Health Clinic,Kazaure,Jigawa,12.625483,8.526033,Penta,95,2.0,1,0
2026-08-01,63162341.0,Farun Daba Primary Health Clinic,Kazaure,Jigawa,12.625483,8.526033,Measles,102,2.0,1,0
2026-08-02,63162341.0,Farun Daba Primary Health Clinic,Kazaure,Jigawa,12.625483,8.526033,BCG,84,2.0,1,0
2026-08-02,63162341.0,Farun Daba Primary Health Clinic,Kazaure,Jigawa,12.625483,8.526033,Penta,80,2.0,1,0
2026-08-02,63162341.0,Farun Daba Primary Health Clinic,Kazaure,Jigawa,12.625483,8.526033,Measles,84,2.0,1,0
2026-08-11,63162341.0,Farun Daba Primary Health Clinic,Kazaure,Jigawa,12.625483,8.526033,BCG,63,20.57,1,0
2026-08-11,63162341.0,Farun Daba Primary Health Clinic,Kazaure,Jigawa,12.625483,8.526033,Penta,0,20.57,1,1
2026-08-11,63162341.0,Farun Daba Primary Health Clinic,Kazaure,Jigawa,12.625483,8.526033,Measles,0,20.57,1,1
2026-08-20,63162341.0,Farun Daba Primary Health Clinic,Kazaure,Jigawa,12.625483,8.526033,BCG,160,20.83,1,1
2026-08-20,63162341.0,Farun Daba Primary Health Clinic,Kazaure,Jigawa,12.625483,8.526033,Penta,0,20.83,1,1
2026-08-20,63162341.0,Farun Daba Primary Health Clinic,Kazaure,Jigawa,12.625483,8.526033,Measles,0,20.83,1,1
2026-08-22,63162341.0,Farun Daba Primary Health Clinic,Kazaure,Jigawa,12.625483,8.526033,BCG,136,20.81,1,0
2026-08-22,63162341.0,Farun Daba Primary Health Clinic,Kazaure,Jigawa,12.625483,8.526033,Penta,0,20.81,1,1
2026-08-22,63162341.0,Farun Daba Primary Health Clinic,Kazaure,Jigawa,12.625483,8.526033,Measles,0,20.81,1,1
2026-08-23,63162341.0,Farun Daba Primary Health Clinic,Kazaure,Jigawa,12.625483,8.526033,BCG,112,18.64,1,0
2026-08-23,63162341.0,Farun Daba Primary Health Clinic,Kazaure,Jigawa,12.625483,8.526033,Penta,0,18.64,1,1
2026-08-23,63162341.0,Farun Daba Primary Health Clinic,Kazaure,Jigawa,12.625483,8.526033,Measles,0,18.64,1,1
2026-08-28,63162341.0,Farun Daba Primary Health Clinic,Kazaure,Jigawa,12.625483,8.526033,BCG,0,20.38,1,1
2026-08-28,63162341.0,Farun Daba Primary Health Clinic,Kazaure,Jigawa,12.625483,8.526033,Penta,0,20.38,1,1
2026-08-28,63162341.0,Farun Daba Primary Health Clinic,Kazaure,Jigawa,12.625483,8.526033,Measles,0,20.38,1,1
2026-08-29,63162341.0,Farun Daba Primary Health Clinic,Kazaure,Jigawa,12.625483,8.526033,BCG,0,17.26,1,1
2026-08-29,63162341.0,Farun Daba Primary Health Clinic,Kazaure,Jigawa,12.625483,8.526033,Penta,0,17.26,1,1
2026-08-29,63162341.0,Farun Daba Primary Health Clinic,Kazaure,Jigawa,12.625483,8.526033,Measles,0,17.26,1,1
2026-08-03,51494916.0,Bandutse Health Post,Kazaure,Jigawa,12.6826637,8.4046257,BCG,101,7.01,1,0
2026-08-03,51494916.0,Bandutse Health Post,Kazaure,Jigawa,12.6826637,8.4046257,Penta,101,7.01,1,0
2026-08-03,51494916.0,Bandutse Health Post,Kazaure,Jigawa,12.6826637,8.4046257,Measles,97,7.01,1,0
2026-08-04,51494916.0,Bandutse Health Post,Kazaure,Jigawa,12.6826637,8.4046257,BCG,78,4.58,1,0
2026-08-04,51494916.0,Bandutse Health Post,Kazaure,Jigawa,12.6826637,8.4046257,Penta,77,4.58,1,0
2026-08-04,51494916.0,Bandutse Health Post,Kazaure,Jigawa,12.6826637,8.4046257,Measles,79,4.58,1,0
2026-08-08,51494916.0,Bandutse Health Post,Kazaure,Jigawa,12.6826637,8.4046257,BCG,59,12.37,1,0
2026-08-08,51494916.0,Bandutse Health Post,Kazaure,Jigawa,12.6826637,8.4046257,Penta,54,12.37,1,0
2026-08-08,51494916.0,Bandutse Health Post,Kazaure,Jigawa,12.6826637,8.4046257,Measles,63,12.37,1,0
2026-08-10,51494916.0,Bandutse Health Post,Kazaure,Jigawa,12.6826637,8.4046257,BCG,0,13.76,1,1
2026-08-10,51494916.0,Bandutse Health Post,Kazaure,Jigawa,12.6826637,8.4046257,Penta,40,13.76,1,0
2026-08-10,51494916.0,Bandutse Health Post,Kazaure,Jigawa,12.6826637,8.4046257,Measles,0,13.76,1,1
2026-08-12,51494916.0,Bandutse Health Post,Kazaure,Jigawa,12.6826637,8.4046257,BCG,0,15.8,1,1
2026-08-12,51494916.0,Bandutse Health Post,Kazaure,Jigawa,12.6826637,8.4046257,Penta,0,15.8,1,1
2026-08-12,51494916.0,Bandutse Health Post,Kazaure,Jigawa,12.6826637,8.4046257,Measles,0,15.8,1,1
2026-08-13,51494916.0,Bandutse Health Post,Kazaure,Jigawa,12.6826637,8.4046257,BCG,160,11.55,1,1
2026-08-13,51494916.0,Bandutse Health Post,Kazaure,Jigawa,12.6826637,8.4046257,Penta,0,11.55,1,1
2026-08-13,51494916.0,Bandutse Health Post,Kazaure,Jigawa,12.6826637,8.4046257,Measles,0,11.55,1,1
2026-08-14,51494916.0,Bandutse Health Post,Kazaure,Jigawa,12.6826637,8.4046257,BCG,144,9.54,1,0
2026-08-14,51494916.0,Bandutse Health Post,Kazaure,Jigawa,12.6826637,8.4046257,Penta,0,9.54,1,1
2026-08-14,51494916.0,Bandutse Health Post,Kazaure,Jigawa,12.6826637,8.4046257,Measles,0,9.54,1,1
2026-08-18,51494916.0,Bandutse Health Post,Kazaure,Jigawa,12.6826637,8.4046257,BCG,117,15.6,1,0
2026-08-18,51494916.0,Bandutse Health Post,Kazaure,Jigawa,12.6826637,8.4046257,Penta,0,15.6,1,1
2026-08-18,51494916.0,Bandutse Health Post,Kazaure,Jigawa,12.6826637,8.4046257,Measles,160,15.6,1,1
2026-08-20,51494916.0,Bandutse Health Post,Kazaure,Jigawa,12.6826637,8.4046257,BCG,160,15.38,1,1
2026-08-20,51494916.0,Bandutse Health Post,Kazaure,Jigawa,12.6826637,8.4046257,Penta,160,15.38,1,1
2026-08-20,51494916.0,Bandutse Health Post,Kazaure,Jigawa,12.6826637,8.4046257,Measles,142,15.38,1,0
2026-08-23,51494916.0,Bandutse Health Post,Kazaure,Jigawa,12.6826637,8.4046257,BCG,138,21.07,1,0
2026-08-23,51494916.0,Bandutse Health Post,Kazaure,Jigawa,12.6826637,8.4046257,Penta,133,21.07,1,0
2026-08-23,51494916.0,Bandutse Health Post,Kazaure,Jigawa,12.6826637,8.4046257,Measles,160,21.07,1,1
2026-08-24,51494916.0,Bandutse Health Post,Kazaure,Jigawa,12.6826637,8.4046257,BCG,114,18.35,1,0
2026-08-24,51494916.0,Bandutse Health Post,Kazaure,Jigawa,12.6826637,8.4046257,Penta,115,18.35,1,0
2026-08-24,51494916.0,Bandutse Health Post,Kazaure,Jigawa,12.6826637,8.4046257,Measles,142,18.35,1,0
2026-08-26,51494916.0,Bandutse Health Post,Kazaure,Jigawa,12.6826637,8.4046257,BCG,95,20.69,1,0
2026-08-26,51494916.0,Bandutse Health Post,Kazaure,Jigawa,12.6826637,8.4046257,Penta,94,20.69,1,0
2026-08-26,51494916.0,Bandutse Health Post,Kazaure,Jigawa,12.6826637,8.4046257,Measles,122,20.69,1,0
2026-08-27,51494916.0,Bandutse Health Post,Kazaure,Jigawa,12.6826637,8.4046257,BCG,72,18.56,1,0
2026-08-27,51494916.0,Bandutse Health Post,Kazaure,Jigawa,12.6826637,8.4046257,Penta,76,18.56,1,0
2026-08-27,51494916.0,Bandutse Health Post,Kazaure,Jigawa,12.6826637,8.4046257,Measles,0,18.56,1,1
2026-08-30,51494916.0,Bandutse Health Post,Kazaure,Jigawa,12.6826637,8.4046257,BCG,46,20.6,1,0
2026-08-30,51494916.0,Bandutse Health Post,Kazaure,Jigawa,12.6826637,8.4046257,Penta,56,20.6,1,0
2026-08-30,51494916.0,Bandutse Health Post,Kazaure,Jigawa,12.6826637,8.4046257,Measles,160,20.6,1,1
2026-08-01,83337136.0,Kuit Basic Health Clinic,Kiri Kasamma,Jigawa,12.5351647,10.120525,BCG,101,2.0,1,0
2026-08-01,83337136.0,Kuit Basic Health Clinic,Kiri Kasamma,Jigawa,12.5351647,10.120525,Penta,96,2.0,1,0
2026-08-01,83337136.0,Kuit Basic Health Clinic,Kiri Kasamma,Jigawa,12.5351647,10.120525,Measles,87,2.0,1,0
2026-08-04,83337136.0,Kuit Basic Health Clinic,Kiri Kasamma,Jigawa,12.5351647,10.120525,BCG,75,5.42,1,0
2026-08-04,83337136.0,Kuit Basic Health Clinic,Kiri Kasamma,Jigawa,12.5351647,10.120525,Penta,78,5.42,1,0
2026-08-04,83337136.0,Kuit Basic Health Clinic,Kiri Kasamma,Jigawa,12.5351647,10.120525,Measles,65,5.42,1,0
2026-08-12,83337136.0,Kuit Basic Health Clinic,Kiri Kasamma,Jigawa,12.5351647,10.120525,BCG,57,20.61,1,0
2026-08-12,83337136.0,Kuit Basic Health Clinic,Kiri Kasamma,Jigawa,12.5351647,10.120525,Penta,55,20.61,1,0
2026-08-12,83337136.0,Kuit Basic Health Clinic,Kiri Kasamma,Jigawa,12.5351647,10.120525,Measles,44,20.61,1,0
2026-08-14,83337136.0,Kuit Basic Health Clinic,Kiri Kasamma,Jigawa,12.5351647,10.120525,BCG,160,20.0,1,1
2026-08-14,83337136.0,Kuit Basic Health Clinic,Kiri Kasamma,Jigawa,12.5351647,10.120525,Penta,0,20.0,1,1
2026-08-14,83337136.0,Kuit Basic Health Clinic,Kiri Kasamma,Jigawa,12.5351647,10.120525,Measles,20,20.0,1,0
2026-08-15,83337136.0,Kuit Basic Health Clinic,Kiri Kasamma,Jigawa,12.5351647,10.120525,BCG,146,17.14,1,0
2026-08-15,83337136.0,Kuit Basic Health Clinic,Kiri Kasamma,Jigawa,12.5351647,10.120525,Penta,0,17.14,1,1
2026-08-15,83337136.0,Kuit Basic Health Clinic,Kiri Kasamma,Jigawa,12.5351647,10.120525,Measles,0,17.14,1,1
2026-08-21,83337136.0,Kuit Basic Health Clinic,Kiri Kasamma,Jigawa,12.5351647,10.120525,BCG,0,20.18,1,1
2026-08-21,83337136.0,Kuit Basic Health Clinic,Kiri Kasamma,Jigawa,12.5351647,10.120525,Penta,0,20.18,1,1
2026-08-21,83337136.0,Kuit Basic Health Clinic,Kiri Kasamma,Jigawa,12.5351647,10.120525,Measles,0,20.18,1,1
2026-08-23,83337136.0,Kuit Basic Health Clinic,Kiri Kasamma,Jigawa,12.5351647,10.120525,BCG,0,21.73,1,1
2026-08-23,83337136.0,Kuit Basic Health Clinic,Kiri Kasamma,Jigawa,12.5351647,10.120525,Penta,0,21.73,1,1
2026-08-23,83337136.0,Kuit Basic Health Clinic,Kiri Kasamma,Jigawa,12.5351647,10.120525,Measles,0,21.73,1,1
2026-08-25,83337136.0,Kuit Basic Health Clinic,Kiri Kasamma,Jigawa,12.5351647,10.120525,BCG,160,21.68,1,1
2026-08-25,83337136.0,Kuit Basic Health Clinic,Kiri Kasamma,Jigawa,12.5351647,10.120525,Penta,160,21.68,1,1
2026-08-25,83337136.0,Kuit Basic Health Clinic,Kiri Kasamma,Jigawa,12.5351647,10.120525,Measles,160,21.68,1,1
2026-08-26,83337136.0,Kuit Basic Health Clinic,Kiri Kasamma,Jigawa,12.5351647,10.120525,BCG,136,18.62,1,0
2026-08-26,83337136.0,Kuit Basic Health Clinic,Kiri Kasamma,Jigawa,12.5351647,10.120525,Penta,0,18.62,1,1
2026-08-26,83337136.0,Kuit Basic Health Clinic,Kiri Kasamma,Jigawa,12.5351647,10.120525,Measles,133,18.62,1,0
2026-08-02,26111385.0,Marma Basic Health Clinic,Kiri Kasamma,Jigawa,12.65473599,10.33839415,BCG,105,3.41,1,0
2026-08-02,26111385.0,Marma Basic Health Clinic,Kiri Kasamma,Jigawa,12.65473599,10.33839415,Penta,107,3.41,1,0
2026-08-02,26111385.0,Marma Basic Health Clinic,Kiri Kasamma,Jigawa,12.65473599,10.33839415,Measles,102,3.41,1,0
2026-08-06,26111385.0,Marma Basic Health Clinic,Kiri Kasamma,Jigawa,12.65473599,10.33839415,BCG,79,8.94,1,0
2026-08-06,26111385.0,Marma Basic Health Clinic,Kiri Kasamma,Jigawa,12.65473599,10.33839415,Penta,89,8.94,1,0
2026-08-06,26111385.0,Marma Basic Health Clinic,Kiri Kasamma,Jigawa,12.65473599,10.33839415,Measles,84,8.94,1,0
2026-08-10,26111385.0,Marma Basic Health Clinic,Kiri Kasamma,Jigawa,12.65473599,10.33839415,BCG,56,19.31,1,0
2026-08-10,26111385.0,Marma Basic Health Clinic,Kiri Kasamma,Jigawa,12.65473599,10.33839415,Penta,69,19.31,1,0
2026-08-10,26111385.0,Marma Basic Health Clinic,Kiri Kasamma,Jigawa,12.65473599,10.33839415,Measles,62,19.31,1,0
2026-08-13,26111385.0,Marma Basic Health Clinic,Kiri Kasamma,Jigawa,12.65473599,10.33839415,BCG,35,21.66,1,0
2026-08-13,26111385.0,Marma Basic Health Clinic,Kiri Kasamma,Jigawa,12.65473599,10.33839415,Penta,49,21.66,1,0
2026-08-13,26111385.0,Marma Basic Health Clinic,Kiri Kasamma,Jigawa,12.65473599,10.33839415,Measles,44,21.66,1,0
2026-08-14,26111385.0,Marma Basic Health Clinic,Kiri Kasamma,Jigawa,12.65473599,10.33839415,BCG,160,19.7,1,1
2026-08-14,26111385.0,Marma Basic Health Clinic,Kiri Kasamma,Jigawa,12.65473599,10.33839415,Penta,185,19.7,1,0
2026-08-14,26111385.0,Marma Basic Health Clinic,Kiri Kasamma,Jigawa,12.65473599,10.33839415,Measles,24,19.7,1,0
2026-08-16,26111385.0,Marma Basic Health Clinic,Kiri Kasamma,Jigawa,12.65473599,10.33839415,BCG,133,20.07,1,0
2026-08-16,26111385.0,Marma Basic Health Clinic,Kiri Kasamma,Jigawa,12.65473599,10.33839415,Penta,164,20.07,1,0
2026-08-16,26111385.0,Marma Basic Health Clinic,Kiri Kasamma,Jigawa,12.65473599,10.33839415,Measles,2,20.07,1,0
2026-08-17,26111385.0,Marma Basic Health Clinic,Kiri Kasamma,Jigawa,12.65473599,10.33839415,BCG,111,17.87,1,0
2026-08-17,26111385.0,Marma Basic Health Clinic,Kiri Kasamma,Jigawa,12.65473599,10.33839415,Penta,137,17.87,1,0
2026-08-17,26111385.0,Marma Basic Health Clinic,Kiri Kasamma,Jigawa,12.65473599,10.33839415,Measles,160,17.87,1,1
2026-08-25,26111385.0,Marma Basic Health Clinic,Kiri Kasamma,Jigawa,12.65473599,10.33839415,BCG,92,21.72,1,0
2026-08-25,26111385.0,Marma Basic Health Clinic,Kiri Kasamma,Jigawa,12.65473599,10.33839415,Penta,119,21.72,1,0
2026-08-25,26111385.0,Marma Basic Health Clinic,Kiri Kasamma,Jigawa,12.65473599,10.33839415,Measles,140,21.72,1,0
2026-08-28,26111385.0,Marma Basic Health Clinic,Kiri Kasamma,Jigawa,12.65473599,10.33839415,BCG,0,20.84,1,1
2026-08-28,26111385.0,Marma Basic Health Clinic,Kiri Kasamma,Jigawa,12.65473599,10.33839415,Penta,95,20.84,1,0
2026-08-28,26111385.0,Marma Basic Health Clinic,Kiri Kasamma,Jigawa,12.65473599,10.33839415,Measles,121,20.84,1,0
2026-08-29,26111385.0,Marma Basic Health Clinic,Kiri Kasamma,Jigawa,12.65473599,10.33839415,BCG,0,18.63,1,1
2026-08-29,26111385.0,Marma Basic Health Clinic,Kiri Kasamma,Jigawa,12.65473599,10.33839415,Penta,79,18.63,1,0
2026-08-29,26111385.0,Marma Basic Health Clinic,Kiri Kasamma,Jigawa,12.65473599,10.33839415,Measles,160,18.63,1,1
2026-08-02,51267004.0,Balago Primary Health Clinic,Kiyawa,Jigawa,11.8746973,9.6683207,BCG,99,4.91,1,0
2026-08-02,51267004.0,Balago Primary Health Clinic,Kiyawa,Jigawa,11.8746973,9.6683207,Penta,102,4.91,1,0
2026-08-02,51267004.0,Balago Primary Health Clinic,Kiyawa,Jigawa,11.8746973,9.6683207,Measles,98,4.91,1,0
2026-08-03,51267004.0,Balago Primary Health Clinic,Kiyawa,Jigawa,11.8746973,9.6683207,BCG,79,2.0,1,0
2026-08-03,51267004.0,Balago Primary Health Clinic,Kiyawa,Jigawa,11.8746973,9.6683207,Penta,85,2.0,1,0
2026-08-03,51267004.0,Balago Primary Health Clinic,Kiyawa,Jigawa,11.8746973,9.6683207,Measles,75,2.0,1,0
2026-08-04,51267004.0,Balago Primary Health Clinic,Kiyawa,Jigawa,11.8746973,9.6683207,BCG,59,2.0,1,0
2026-08-04,51267004.0,Balago Primary Health Clinic,Kiyawa,Jigawa,11.8746973,9.6683207,Penta,64,2.0,1,0
2026-08-04,51267004.0,Balago Primary Health Clinic,Kiyawa,Jigawa,11.8746973,9.6683207,Measles,61,2.0,1,0
2026-08-08,51267004.0,Balago Primary Health Clinic,Kiyawa,Jigawa,11.8746973,9.6683207,BCG,195,10.5,1,0
2026-08-08,51267004.0,Balago Primary Health Clinic,Kiyawa,Jigawa,11.8746973,9.6683207,Penta,52,10.5,1,0
2026-08-08,51267004.0,Balago Primary Health Clinic,Kiyawa,Jigawa,11.8746973,9.6683207,Measles,37,10.5,1,0
2026-08-13,51267004.0,Balago Primary Health Clinic,Kiyawa,Jigawa,11.8746973,9.6683207,BCG,174,20.93,1,0
2026-08-13,51267004.0,Balago Primary Health Clinic,Kiyawa,Jigawa,11.8746973,9.6683207,Penta,36,20.93,1,0
2026-08-13,51267004.0,Balago Primary Health Clinic,Kiyawa,Jigawa,11.8746973,9.6683207,Measles,160,20.93,1,1
2026-08-22,51267004.0,Balago Primary Health Clinic,Kiyawa,Jigawa,11.8746973,9.6683207,BCG,148,20.34,1,0
2026-08-22,51267004.0,Balago Primary Health Clinic,Kiyawa,Jigawa,11.8746973,9.6683207,Penta,15,20.34,1,0
2026-08-22,51267004.0,Balago Primary Health Clinic,Kiyawa,Jigawa,11.8746973,9.6683207,Measles,137,20.34,1,0
2026-08-23,51267004.0,Balago Primary Health Clinic,Kiyawa,Jigawa,11.8746973,9.6683207,BCG,133,17.79,1,0
2026-08-23,51267004.0,Balago Primary Health Clinic,Kiyawa,Jigawa,11.8746973,9.6683207,Penta,0,17.79,1,1
2026-08-23,51267004.0,Balago Primary Health Clinic,Kiyawa,Jigawa,11.8746973,9.6683207,Measles,118,17.79,1,0
2026-08-25,51267004.0,Balago Primary Health Clinic,Kiyawa,Jigawa,11.8746973,9.6683207,BCG,118,18.11,1,0
2026-08-25,51267004.0,Balago Primary Health Clinic,Kiyawa,Jigawa,11.8746973,9.6683207,Penta,160,18.11,1,1
2026-08-25,51267004.0,Balago Primary Health Clinic,Kiyawa,Jigawa,11.8746973,9.6683207,Measles,103,18.11,1,0
2026-08-30,51267004.0,Balago Primary Health Clinic,Kiyawa,Jigawa,11.8746973,9.6683207,BCG,103,21.64,1,0
2026-08-30,51267004.0,Balago Primary Health Clinic,Kiyawa,Jigawa,11.8746973,9.6683207,Penta,160,21.64,1,1
2026-08-30,51267004.0,Balago Primary Health Clinic,Kiyawa,Jigawa,11.8746973,9.6683207,Measles,73,21.64,1,0
2026-08-03,28160763.0,Anya Health Post,Kiyawa,Jigawa,11.8626563,9.6098779,BCG,106,9.37,1,0
2026-08-03,28160763.0,Anya Health Post,Kiyawa,Jigawa,11.8626563,9.6098779,Penta,100,9.37,1,0
2026-08-03,28160763.0,Anya Health Post,Kiyawa,Jigawa,11.8626563,9.6098779,Measles,97,9.37,1,0
2026-08-04,28160763.0,Anya Health Post,Kiyawa,Jigawa,11.8626563,9.6098779,BCG,85,7.84,1,0
2026-08-04,28160763.0,Anya Health Post,Kiyawa,Jigawa,11.8626563,9.6098779,Penta,68,7.84,1,0
2026-08-04,28160763.0,Anya Health Post,Kiyawa,Jigawa,11.8626563,9.6098779,Measles,83,7.84,1,0
2026-08-05,28160763.0,Anya Health Post,Kiyawa,Jigawa,11.8626563,9.6098779,BCG,62,5.09,1,0
2026-08-05,28160763.0,Anya Health Post,Kiyawa,Jigawa,11.8626563,9.6098779,Penta,46,5.09,1,0
2026-08-05,28160763.0,Anya Health Post,Kiyawa,Jigawa,11.8626563,9.6098779,Measles,65,5.09,1,0
2026-08-07,28160763.0,Anya Health Post,Kiyawa,Jigawa,11.8626563,9.6098779,BCG,43,5.78,1,0
2026-08-07,28160763.0,Anya Health Post,Kiyawa,Jigawa,11.8626563,9.6098779,Penta,29,5.78,1,0
2026-08-07,28160763.0,Anya Health Post,Kiyawa,Jigawa,11.8626563,9.6098779,Measles,51,5.78,1,0
2026-08-12,28160763.0,Anya Health Post,Kiyawa,Jigawa,11.8626563,9.6098779,BCG,0,16.57,1,1
2026-08-12,28160763.0,Anya Health Post,Kiyawa,Jigawa,11.8626563,9.6098779,Penta,8,16.57,1,0
2026-08-12,28160763.0,Anya Health Post,Kiyawa,Jigawa,11.8626563,9.6098779,Measles,36,16.57,1,0
2026-08-15,28160763.0,Anya Health Post,Kiyawa,Jigawa,11.8626563,9.6098779,BCG,0,21.43,1,1
2026-08-15,28160763.0,Anya Health Post,Kiyawa,Jigawa,11.8626563,9.6098779,Penta,0,21.43,1,1
2026-08-15,28160763.0,Anya Health Post,Kiyawa,Jigawa,11.8626563,9.6098779,Measles,18,21.43,1,0
2026-08-16,28160763.0,Anya Health Post,Kiyawa,Jigawa,11.8626563,9.6098779,BCG,0,19.36,1,1
2026-08-16,28160763.0,Anya Health Post,Kiyawa,Jigawa,11.8626563,9.6098779,Penta,0,19.36,1,1
2026-08-16,28160763.0,Anya Health Post,Kiyawa,Jigawa,11.8626563,9.6098779,Measles,0,19.36,1,1
2026-08-21,28160763.0,Anya Health Post,Kiyawa,Jigawa,11.8626563,9.6098779,BCG,0,20.77,1,1
2026-08-21,28160763.0,Anya Health Post,Kiyawa,Jigawa,11.8626563,9.6098779,Penta,0,20.77,1,1
2026-08-21,28160763.0,Anya Health Post,Kiyawa,Jigawa,11.8626563,9.6098779,Measles,0,20.77,1,1
2026-08-22,28160763.0,Anya Health Post,Kiyawa,Jigawa,11.8626563,9.6098779,BCG,0,18.74,1,1
2026-08-22,28160763.0,Anya Health Post,Kiyawa,Jigawa,11.8626563,9.6098779,Penta,0,18.74,1,1
2026-08-22,28160763.0,Anya Health Post,Kiyawa,Jigawa,11.8626563,9.6098779,Measles,0,18.74,1,1
2026-08-26,28160763.0,Anya Health Post,Kiyawa,Jigawa,11.8626563,9.6098779,BCG,0,20.82,1,1
2026-08-26,28160763.0,Anya Health Post,Kiyawa,Jigawa,11.8626563,9.6098779,Penta,0,20.82,1,1
2026-08-26,28160763.0,Anya Health Post,Kiyawa,Jigawa,11.8626563,9.6098779,Measles,0,20.82,1,1
2026-08-01,22898250.0,Wanzamai Health Post,Maigatari,Jigawa,12.771199,9.475703001,BCG,99,2.0,1,0
2026-08-01,22898250.0,Wanzamai Health Post,Maigatari,Jigawa,12.771199,9.475703001,Penta,98,2.0,1,0
2026-08-01,22898250.0,Wanzamai Health Post,Maigatari,Jigawa,12.771199,9.475703001,Measles,105,2.0,1,0
2026-08-03,22898250.0,Wanzamai Health Post,Maigatari,Jigawa,12.771199,9.475703001,BCG,79,2.0,1,0
2026-08-03,22898250.0,Wanzamai Health Post,Maigatari,Jigawa,12.771199,9.475703001,Penta,80,2.0,1,0
2026-08-03,22898250.0,Wanzamai Health Post,Maigatari,Jigawa,12.771199,9.475703001,Measles,78,2.0,1,0
2026-08-06,22898250.0,Wanzamai Health Post,Maigatari,Jigawa,12.771199,9.475703001,BCG,63,7.69,1,0
2026-08-06,22898250.0,Wanzamai Health Post,Maigatari,Jigawa,12.771199,9.475703001,Penta,62,7.69,1,0
2026-08-06,22898250.0,Wanzamai Health Post,Maigatari,Jigawa,12.771199,9.475703001,Measles,50,7.69,1,0
2026-08-07,22898250.0,Wanzamai Health Post,Maigatari,Jigawa,12.771199,9.475703001,BCG,41,4.63,1,0
2026-08-07,22898250.0,Wanzamai Health Post,Maigatari,Jigawa,12.771199,9.475703001,Penta,43,4.63,1,0
2026-08-07,22898250.0,Wanzamai Health Post,Maigatari,Jigawa,12.771199,9.475703001,Measles,21,4.63,1,0
2026-08-08,22898250.0,Wanzamai Health Post,Maigatari,Jigawa,12.771199,9.475703001,BCG,171,2.0,1,0
2026-08-08,22898250.0,Wanzamai Health Post,Maigatari,Jigawa,12.771199,9.475703001,Penta,183,2.0,1,0
2026-08-08,22898250.0,Wanzamai Health Post,Maigatari,Jigawa,12.771199,9.475703001,Measles,2,2.0,1,0
2026-08-13,22898250.0,Wanzamai Health Post,Maigatari,Jigawa,12.771199,9.475703001,BCG,156,10.55,1,0
2026-08-13,22898250.0,Wanzamai Health Post,Maigatari,Jigawa,12.771199,9.475703001,Penta,156,10.55,1,0
2026-08-13,22898250.0,Wanzamai Health Post,Maigatari,Jigawa,12.771199,9.475703001,Measles,160,10.55,1,1
2026-08-14,22898250.0,Wanzamai Health Post,Maigatari,Jigawa,12.771199,9.475703001,BCG,125,7.87,1,0
2026-08-14,22898250.0,Wanzamai Health Post,Maigatari,Jigawa,12.771199,9.475703001,Penta,136,7.87,1,0
2026-08-14,22898250.0,Wanzamai Health Post,Maigatari,Jigawa,12.771199,9.475703001,Measles,141,7.87,1,0
2026-08-17,22898250.0,Wanzamai Health Post,Maigatari,Jigawa,12.771199,9.475703001,BCG,110,11.69,1,0
2026-08-17,22898250.0,Wanzamai Health Post,Maigatari,Jigawa,12.771199,9.475703001,Penta,113,11.69,1,0
2026-08-17,22898250.0,Wanzamai Health Post,Maigatari,Jigawa,12.771199,9.475703001,Measles,117,11.69,1,0
2026-08-20,22898250.0,Wanzamai Health Post,Maigatari,Jigawa,12.771199,9.475703001,BCG,90,16.12,1,0
2026-08-20,22898250.0,Wanzamai Health Post,Maigatari,Jigawa,12.771199,9.475703001,Penta,86,16.12,1,0
2026-08-20,22898250.0,Wanzamai Health Post,Maigatari,Jigawa,12.771199,9.475703001,Measles,93,16.12,1,0
2026-08-22,22898250.0,Wanzamai Health Post,Maigatari,Jigawa,12.771199,9.475703001,BCG,0,17.0,1,1
2026-08-22,22898250.0,Wanzamai Health Post,Maigatari,Jigawa,12.771199,9.475703001,Penta,65,17.0,1,0
2026-08-22,22898250.0,Wanzamai Health Post,Maigatari,Jigawa,12.771199,9.475703001,Measles,83,17.0,1,0
2026-08-29,22898250.0,Wanzamai Health Post,Maigatari,Jigawa,12.771199,9.475703001,BCG,0,21.6,1,1
2026-08-29,22898250.0,Wanzamai Health Post,Maigatari,Jigawa,12.771199,9.475703001,Penta,48,21.6,1,0
2026-08-29,22898250.0,Wanzamai Health Post,Maigatari,Jigawa,12.771199,9.475703001,Measles,63,21.6,1,0
2026-08-06,69571085.0,S Maja Health Clinic,Maigatari,Jigawa,12.8045044,9.448120117,BCG,107,20.5,1,0
2026-08-06,69571085.0,S Maja Health Clinic,Maigatari,Jigawa,12.8045044,9.448120117,Penta,106,20.5,1,0
2026-08-06,69571085.0,S Maja Health Clinic,Maigatari,Jigawa,12.8045044,9.448120117,Measles,108,20.5,1,0
2026-08-07,69571085.0,S Maja Health Clinic,Maigatari,Jigawa,12.8045044,9.448120117,BCG,83,16.85,1,0
2026-08-07,69571085.0,S Maja Health Clinic,Maigatari,Jigawa,12.8045044,9.448120117,Penta,83,16.85,1,0
2026-08-07,69571085.0,S Maja Health Clinic,Maigatari,Jigawa,12.8045044,9.448120117,Measles,0,16.85,1,1
2026-08-16,69571085.0,S Maja Health Clinic,Maigatari,Jigawa,12.8045044,9.448120117,BCG,62,21.33,1,0
2026-08-16,69571085.0,S Maja Health Clinic,Maigatari,Jigawa,12.8045044,9.448120117,Penta,69,21.33,1,0
2026-08-16,69571085.0,S Maja Health Clinic,Maigatari,Jigawa,12.8045044,9.448120117,Measles,160,21.33,1,1
2026-08-18,69571085.0,S Maja Health Clinic,Maigatari,Jigawa,12.8045044,9.448120117,BCG,45,20.67,1,0
2026-08-18,69571085.0,S Maja Health Clinic,Maigatari,Jigawa,12.8045044,9.448120117,Penta,0,20.67,1,1
2026-08-18,69571085.0,S Maja Health Clinic,Maigatari,Jigawa,12.8045044,9.448120117,Measles,142,20.67,1,0
2026-08-29,69571085.0,S Maja Health Clinic,Maigatari,Jigawa,12.8045044,9.448120117,BCG,23,19.78,1,0
2026-08-29,69571085.0,S Maja Health Clinic,Maigatari,Jigawa,12.8045044,9.448120117,Penta,0,19.78,1,1
2026-08-29,69571085.0,S Maja Health Clinic,Maigatari,Jigawa,12.8045044,9.448120117,Measles,121,19.78,1,0
2026-08-30,69571085.0,S Maja Health Clinic,Maigatari,Jigawa,12.8045044,9.448120117,BCG,160,16.36,1,1
2026-08-30,69571085.0,S Maja Health Clinic,Maigatari,Jigawa,12.8045044,9.448120117,Penta,0,16.36,1,1
2026-08-30,69571085.0,S Maja Health Clinic,Maigatari,Jigawa,12.8045044,9.448120117,Measles,102,16.36,1,0
2026-08-01,16080632.0,Agin Basic Health Clinic,Malam Madori,Jigawa,12.3704942,9.9098814,BCG,102,2.0,1,0
2026-08-01,16080632.0,Agin Basic Health Clinic,Malam Madori,Jigawa,12.3704942,9.9098814,Penta,108,2.0,1,0
2026-08-01,16080632.0,Agin Basic Health Clinic,Malam Madori,Jigawa,12.3704942,9.9098814,Measles,99,2.0,1,0
2026-08-02,16080632.0,Agin Basic Health Clinic,Malam Madori,Jigawa,12.3704942,9.9098814,BCG,72,2.0,1,0
2026-08-02,16080632.0,Agin Basic Health Clinic,Malam Madori,Jigawa,12.3704942,9.9098814,Penta,87,2.0,1,0
2026-08-02,16080632.0,Agin Basic Health Clinic,Malam Madori,Jigawa,12.3704942,9.9098814,Measles,75,2.0,1,0
2026-08-05,16080632.0,Agin Basic Health Clinic,Malam Madori,Jigawa,12.3704942,9.9098814,BCG,48,5.64,1,0
2026-08-05,16080632.0,Agin Basic Health Clinic,Malam Madori,Jigawa,12.3704942,9.9098814,Penta,76,5.64,1,0
2026-08-05,16080632.0,Agin Basic Health Clinic,Malam Madori,Jigawa,12.3704942,9.9098814,Measles,55,5.64,1,0
2026-08-14,16080632.0,Agin Basic Health Clinic,Malam Madori,Jigawa,12.3704942,9.9098814,BCG,185,21.1,1,0
2026-08-14,16080632.0,Agin Basic Health Clinic,Malam Madori,Jigawa,12.3704942,9.9098814,Penta,54,21.1,1,0
2026-08-14,16080632.0,Agin Basic Health Clinic,Malam Madori,Jigawa,12.3704942,9.9098814,Measles,30,21.1,1,0
2026-08-17,16080632.0,Agin Basic Health Clinic,Malam Madori,Jigawa,12.3704942,9.9098814,BCG,0,21.05,1,1
2026-08-17,16080632.0,Agin Basic Health Clinic,Malam Madori,Jigawa,12.3704942,9.9098814,Penta,36,21.05,1,0
2026-08-17,16080632.0,Agin Basic Health Clinic,Malam Madori,Jigawa,12.3704942,9.9098814,Measles,11,21.05,1,0
2026-08-19,16080632.0,Agin Basic Health Clinic,Malam Madori,Jigawa,12.3704942,9.9098814,BCG,160,21.59,1,1
2026-08-19,16080632.0,Agin Basic Health Clinic,Malam Madori,Jigawa,12.3704942,9.9098814,Penta,9,21.59,1,0
2026-08-19,16080632.0,Agin Basic Health Clinic,Malam Madori,Jigawa,12.3704942,9.9098814,Measles,0,21.59,1,1
2026-08-20,16080632.0,Agin Basic Health Clinic,Malam Madori,Jigawa,12.3704942,9.9098814,BCG,136,18.87,1,0
2026-08-20,16080632.0,Agin Basic Health Clinic,Malam Madori,Jigawa,12.3704942,9.9098814,Penta,0,18.87,1,1
2026-08-20,16080632.0,Agin Basic Health Clinic,Malam Madori,Jigawa,12.3704942,9.9098814,Measles,0,18.87,1,1
2026-08-27,16080632.0,Agin Basic Health Clinic,Malam Madori,Jigawa,12.3704942,9.9098814,BCG,117,20.64,1,0
2026-08-27,16080632.0,Agin Basic Health Clinic,Malam Madori,Jigawa,12.3704942,9.9098814,Penta,0,20.64,1,1
2026-08-27,16080632.0,Agin Basic Health Clinic,Malam Madori,Jigawa,12.3704942,9.9098814,Measles,0,20.64,1,1
2026-08-02,71303832.0,Tosarawa Health Post,Malam Madori,Jigawa,12.4376713,9.9213013,BCG,99,3.58,1,0
2026-08-02,71303832.0,Tosarawa Health Post,Malam Madori,Jigawa,12.4376713,9.9213013,Penta,101,3.58,1,0
2026-08-02,71303832.0,Tosarawa Health Post,Malam Madori,Jigawa,12.4376713,9.9213013,Measles,98,3.58,1,0
2026-08-04,71303832.0,Tosarawa Health Post,Malam Madori,Jigawa,12.4376713,9.9213013,BCG,77,4.94,1,0
2026-08-04,71303832.0,Tosarawa Health Post,Malam Madori,Jigawa,12.4376713,9.9213013,Penta,77,4.94,1,0
2026-08-04,71303832.0,Tosarawa Health Post,Malam Madori,Jigawa,12.4376713,9.9213013,Measles,71,4.94,1,0
2026-08-06,71303832.0,Tosarawa Health Post,Malam Madori,Jigawa,12.4376713,9.9213013,BCG,49,7.63,1,0
2026-08-06,71303832.0,Tosarawa Health Post,Malam Madori,Jigawa,12.4376713,9.9213013,Penta,60,7.63,1,0
2026-08-06,71303832.0,Tosarawa Health Post,Malam Madori,Jigawa,12.4376713,9.9213013,Measles,47,7.63,1,0
2026-08-08,71303832.0,Tosarawa Health Post,Malam Madori,Jigawa,12.4376713,9.9213013,BCG,30,6.25,1,0
2026-08-08,71303832.0,Tosarawa Health Post,Malam Madori,Jigawa,12.4376713,9.9213013,Penta,42,6.25,1,0
2026-08-08,71303832.0,Tosarawa Health Post,Malam Madori,Jigawa,12.4376713,9.9213013,Measles,23,6.25,1,0
2026-08-11,71303832.0,Tosarawa Health Post,Malam Madori,Jigawa,12.4376713,9.9213013,BCG,5,10.31,1,0
2026-08-11,71303832.0,Tosarawa Health Post,Malam Madori,Jigawa,12.4376713,9.9213013,Penta,17,10.31,1,0
2026-08-11,71303832.0,Tosarawa Health Post,Malam Madori,Jigawa,12.4376713,9.9213013,Measles,0,10.31,1,1
2026-08-14,71303832.0,Tosarawa Health Post,Malam Madori,Jigawa,12.4376713,9.9213013,BCG,0,12.23,1,1
2026-08-14,71303832.0,Tosarawa Health Post,Malam Madori,Jigawa,12.4376713,9.9213013,Penta,0,12.23,1,1
2026-08-14,71303832.0,Tosarawa Health Post,Malam Madori,Jigawa,12.4376713,9.9213013,Measles,160,12.23,1,1
2026-08-18,71303832.0,Tosarawa Health Post,Malam Madori,Jigawa,12.4376713,9.9213013,BCG,0,20.5,1,1
2026-08-18,71303832.0,Tosarawa Health Post,Malam Madori,Jigawa,12.4376713,9.9213013,Penta,0,20.5,1,1
2026-08-18,71303832.0,Tosarawa Health Post,Malam Madori,Jigawa,12.4376713,9.9213013,Measles,139,20.5,1,0
2026-08-20,71303832.0,Tosarawa Health Post,Malam Madori,Jigawa,12.4376713,9.9213013,BCG,0,19.6,1,1
2026-08-20,71303832.0,Tosarawa Health Post,Malam Madori,Jigawa,12.4376713,9.9213013,Penta,0,19.6,1,1
2026-08-20,71303832.0,Tosarawa Health Post,Malam Madori,Jigawa,12.4376713,9.9213013,Measles,122,19.6,1,0
2026-08-21,71303832.0,Tosarawa Health Post,Malam Madori,Jigawa,12.4376713,9.9213013,BCG,0,16.2,1,1
2026-08-21,71303832.0,Tosarawa Health Post,Malam Madori,Jigawa,12.4376713,9.9213013,Penta,160,16.2,1,1
2026-08-21,71303832.0,Tosarawa Health Post,Malam Madori,Jigawa,12.4376713,9.9213013,Measles,104,16.2,1,0
2026-08-24,71303832.0,Tosarawa Health Post,Malam Madori,Jigawa,12.4376713,9.9213013,BCG,160,22.31,1,1
2026-08-24,71303832.0,Tosarawa Health Post,Malam Madori,Jigawa,12.4376713,9.9213013,Penta,160,22.31,1,1
2026-08-24,71303832.0,Tosarawa Health Post,Malam Madori,Jigawa,12.4376713,9.9213013,Measles,85,22.31,1,0
2026-08-25,71303832.0,Tosarawa Health Post,Malam Madori,Jigawa,12.4376713,9.9213013,BCG,140,20.44,1,0
2026-08-25,71303832.0,Tosarawa Health Post,Malam Madori,Jigawa,12.4376713,9.9213013,Penta,142,20.44,1,0
2026-08-25,71303832.0,Tosarawa Health Post,Malam Madori,Jigawa,12.4376713,9.9213013,Measles,63,20.44,1,0
2026-08-27,71303832.0,Tosarawa Health Post,Malam Madori,Jigawa,12.4376713,9.9213013,BCG,0,20.99,1,1
2026-08-27,71303832.0,Tosarawa Health Post,Malam Madori,Jigawa,12.4376713,9.9213013,Penta,126,20.99,1,0
2026-08-27,71303832.0,Tosarawa Health Post,Malam Madori,Jigawa,12.4376713,9.9213013,Measles,42,20.99,1,0
2026-08-28,71303832.0,Tosarawa Health Post,Malam Madori,Jigawa,12.4376713,9.9213013,BCG,0,17.23,1,1
2026-08-28,71303832.0,Tosarawa Health Post,Malam Madori,Jigawa,12.4376713,9.9213013,Penta,0,17.23,1,1
2026-08-28,71303832.0,Tosarawa Health Post,Malam Madori,Jigawa,12.4376713,9.9213013,Measles,27,17.23,1,0
2026-08-04,73303284.0,Garbo Primary Health Center,Miga,Jigawa,12.17730713,9.765075684,BCG,101,13.61,1,0
2026-08-04,73303284.0,Garbo Primary Health Center,Miga,Jigawa,12.17730713,9.765075684,Penta,98,13.61,1,0
2026-08-04,73303284.0,Garbo Primary Health Center,Miga,Jigawa,12.17730713,9.765075684,Measles,0,13.61,1,1
2026-08-05,73303284.0,Garbo Primary Health Center,Miga,Jigawa,12.17730713,9.765075684,BCG,88,9.91,1,0
2026-08-05,73303284.0,Garbo Primary Health Center,Miga,Jigawa,12.17730713,9.765075684,Penta,85,9.91,1,0
2026-08-05,73303284.0,Garbo Primary Health Center,Miga,Jigawa,12.17730713,9.765075684,Measles,0,9.91,1,1
2026-08-08,73303284.0,Garbo Primary Health Center,Miga,Jigawa,12.17730713,9.765075684,BCG,76,13.45,1,0
2026-08-08,73303284.0,Garbo Primary Health Center,Miga,Jigawa,12.17730713,9.765075684,Penta,0,13.45,1,1
2026-08-08,73303284.0,Garbo Primary Health Center,Miga,Jigawa,12.17730713,9.765075684,Measles,0,13.45,1,1
2026-08-09,73303284.0,Garbo Primary Health Center,Miga,Jigawa,12.17730713,9.765075684,BCG,59,9.95,1,0
2026-08-09,73303284.0,Garbo Primary Health Center,Miga,Jigawa,12.17730713,9.765075684,Penta,0,9.95,1,1
2026-08-09,73303284.0,Garbo Primary Health Center,Miga,Jigawa,12.17730713,9.765075684,Measles,0,9.95,1,1
2026-08-10,73303284.0,Garbo Primary Health Center,Miga,Jigawa,12.17730713,9.765075684,BCG,45,7.69,1,0
2026-08-10,73303284.0,Garbo Primary Health Center,Miga,Jigawa,12.17730713,9.765075684,Penta,160,7.69,1,1
2026-08-10,73303284.0,Garbo Primary Health Center,Miga,Jigawa,12.17730713,9.765075684,Measles,160,7.69,1,1
2026-08-13,73303284.0,Garbo Primary Health Center,Miga,Jigawa,12.17730713,9.765075684,BCG,0,13.77,1,1
2026-08-13,73303284.0,Garbo Primary Health Center,Miga,Jigawa,12.17730713,9.765075684,Penta,137,13.77,1,0
2026-08-13,73303284.0,Garbo Primary Health Center,Miga,Jigawa,12.17730713,9.765075684,Measles,138,13.77,1,0
2026-08-21,73303284.0,Garbo Primary Health Center,Miga,Jigawa,12.17730713,9.765075684,BCG,0,22.28,1,1
2026-08-21,73303284.0,Garbo Primary Health Center,Miga,Jigawa,12.17730713,9.765075684,Penta,119,22.28,1,0
2026-08-21,73303284.0,Garbo Primary Health Center,Miga,Jigawa,12.17730713,9.765075684,Measles,118,22.28,1,0
2026-08-23,73303284.0,Garbo Primary Health Center,Miga,Jigawa,12.17730713,9.765075684,BCG,0,20.36,1,1
2026-08-23,73303284.0,Garbo Primary Health Center,Miga,Jigawa,12.17730713,9.765075684,Penta,104,20.36,1,0
2026-08-23,73303284.0,Garbo Primary Health Center,Miga,Jigawa,12.17730713,9.765075684,Measles,95,20.36,1,0
2026-08-26,73303284.0,Garbo Primary Health Center,Miga,Jigawa,12.17730713,9.765075684,BCG,160,21.01,1,1
2026-08-26,73303284.0,Garbo Primary Health Center,Miga,Jigawa,12.17730713,9.765075684,Penta,86,21.01,1,0
2026-08-26,73303284.0,Garbo Primary Health Center,Miga,Jigawa,12.17730713,9.765075684,Measles,0,21.01,1,1
2026-08-02,55604352.0,Muduga Primary Health Clinic,Miga,Jigawa,12.23534905,9.786980248,BCG,95,2.61,1,0
2026-08-02,55604352.0,Muduga Primary Health Clinic,Miga,Jigawa,12.23534905,9.786980248,Penta,96,2.61,1,0
2026-08-02,55604352.0,Muduga Primary Health Clinic,Miga,Jigawa,12.23534905,9.786980248,Measles,102,2.61,1,0
2026-08-05,55604352.0,Muduga Primary Health Clinic,Miga,Jigawa,12.23534905,9.786980248,BCG,68,5.42,1,0
2026-08-05,55604352.0,Muduga Primary Health Clinic,Miga,Jigawa,12.23534905,9.786980248,Penta,70,5.42,1,0
2026-08-05,55604352.0,Muduga Primary Health Clinic,Miga,Jigawa,12.23534905,9.786980248,Measles,74,5.42,1,0
2026-08-11,55604352.0,Muduga Primary Health Clinic,Miga,Jigawa,12.23534905,9.786980248,BCG,57,14.81,1,0
2026-08-11,55604352.0,Muduga Primary Health Clinic,Miga,Jigawa,12.23534905,9.786980248,Penta,47,14.81,1,0
2026-08-11,55604352.0,Muduga Primary Health Clinic,Miga,Jigawa,12.23534905,9.786980248,Measles,54,14.81,1,0
2026-08-15,55604352.0,Muduga Primary Health Clinic,Miga,Jigawa,12.23534905,9.786980248,BCG,39,18.79,1,0
2026-08-15,55604352.0,Muduga Primary Health Clinic,Miga,Jigawa,12.23534905,9.786980248,Penta,0,18.79,1,1
2026-08-15,55604352.0,Muduga Primary Health Clinic,Miga,Jigawa,12.23534905,9.786980248,Measles,30,18.79,1,0
2026-08-22,55604352.0,Muduga Primary Health Clinic,Miga,Jigawa,12.23534905,9.786980248,BCG,21,21.21,1,0
2026-08-22,55604352.0,Muduga Primary Health Clinic,Miga,Jigawa,12.23534905,9.786980248,Penta,0,21.21,1,1
2026-08-22,55604352.0,Muduga Primary Health Clinic,Miga,Jigawa,12.23534905,9.786980248,Measles,9,21.21,1,0
2026-08-23,55604352.0,Muduga Primary Health Clinic,Miga,Jigawa,12.23534905,9.786980248,BCG,167,19.09,1,0
2026-08-23,55604352.0,Muduga Primary Health Clinic,Miga,Jigawa,12.23534905,9.786980248,Penta,0,19.09,1,1
2026-08-23,55604352.0,Muduga Primary Health Clinic,Miga,Jigawa,12.23534905,9.786980248,Measles,0,19.09,1,1
2026-08-25,55604352.0,Muduga Primary Health Clinic,Miga,Jigawa,12.23534905,9.786980248,BCG,146,20.37,1,0
2026-08-25,55604352.0,Muduga Primary Health Clinic,Miga,Jigawa,12.23534905,9.786980248,Penta,0,20.37,1,1
2026-08-25,55604352.0,Muduga Primary Health Clinic,Miga,Jigawa,12.23534905,9.786980248,Measles,0,20.37,1,1
2026-08-27,55604352.0,Muduga Primary Health Clinic,Miga,Jigawa,12.23534905,9.786980248,BCG,128,21.21,1,0
2026-08-27,55604352.0,Muduga Primary Health Clinic,Miga,Jigawa,12.23534905,9.786980248,Penta,0,21.21,1,1
2026-08-27,55604352.0,Muduga Primary Health Clinic,Miga,Jigawa,12.23534905,9.786980248,Measles,0,21.21,1,1
2026-08-29,55604352.0,Muduga Primary Health Clinic,Miga,Jigawa,12.23534905,9.786980248,BCG,0,20.84,1,1
2026-08-29,55604352.0,Muduga Primary Health Clinic,Miga,Jigawa,12.23534905,9.786980248,Penta,0,20.84,1,1
2026-08-29,55604352.0,Muduga Primary Health Clinic,Miga,Jigawa,12.23534905,9.786980248,Measles,160,20.84,1,1
2026-08-30,55604352.0,Muduga Primary Health Clinic,Miga,Jigawa,12.23534905,9.786980248,BCG,0,17.91,1,1
2026-08-30,55604352.0,Muduga Primary Health Clinic,Miga,Jigawa,12.23534905,9.786980248,Penta,0,17.91,1,1
2026-08-30,55604352.0,Muduga Primary Health Clinic,Miga,Jigawa,12.23534905,9.786980248,Measles,139,17.91,1,0
2026-08-02,54756781.0,Kakori Health Post,Nguru,Jigawa,12.81344,10.292905,BCG,104,5.75,1,0
2026-08-02,54756781.0,Kakori Health Post,Nguru,Jigawa,12.81344,10.292905,Penta,102,5.75,1,0
2026-08-02,54756781.0,Kakori Health Post,Nguru,Jigawa,12.81344,10.292905,Measles,104,5.75,1,0
2026-08-04,54756781.0,Kakori Health Post,Nguru,Jigawa,12.81344,10.292905,BCG,87,3.95,1,0
2026-08-04,54756781.0,Kakori Health Post,Nguru,Jigawa,12.81344,10.292905,Penta,82,3.95,1,0
2026-08-04,54756781.0,Kakori Health Post,Nguru,Jigawa,12.81344,10.292905,Measles,91,3.95,1,0
2026-08-05,54756781.0,Kakori Health Post,Nguru,Jigawa,12.81344,10.292905,BCG,68,2.0,1,0
2026-08-05,54756781.0,Kakori Health Post,Nguru,Jigawa,12.81344,10.292905,Penta,57,2.0,1,0
2026-08-05,54756781.0,Kakori Health Post,Nguru,Jigawa,12.81344,10.292905,Measles,77,2.0,1,0
2026-08-06,54756781.0,Kakori Health Post,Nguru,Jigawa,12.81344,10.292905,BCG,53,2.0,1,0
2026-08-06,54756781.0,Kakori Health Post,Nguru,Jigawa,12.81344,10.292905,Penta,45,2.0,1,0
2026-08-06,54756781.0,Kakori Health Post,Nguru,Jigawa,12.81344,10.292905,Measles,53,2.0,1,0
2026-08-11,54756781.0,Kakori Health Post,Nguru,Jigawa,12.81344,10.292905,BCG,36,14.78,1,0
2026-08-11,54756781.0,Kakori Health Post,Nguru,Jigawa,12.81344,10.292905,Penta,21,14.78,1,0
2026-08-11,54756781.0,Kakori Health Post,Nguru,Jigawa,12.81344,10.292905,Measles,0,14.78,1,1
2026-08-12,54756781.0,Kakori Health Post,Nguru,Jigawa,12.81344,10.292905,BCG,15,11.59,1,0
2026-08-12,54756781.0,Kakori Health Post,Nguru,Jigawa,12.81344,10.292905,Penta,5,11.59,1,0
2026-08-12,54756781.0,Kakori Health Post,Nguru,Jigawa,12.81344,10.292905,Measles,0,11.59,1,1
2026-08-16,54756781.0,Kakori Health Post,Nguru,Jigawa,12.81344,10.292905,BCG,1,19.42,1,0
2026-08-16,54756781.0,Kakori Health Post,Nguru,Jigawa,12.81344,10.292905,Penta,0,19.42,1,1
2026-08-16,54756781.0,Kakori Health Post,Nguru,Jigawa,12.81344,10.292905,Measles,0,19.42,1,1
2026-08-21,54756781.0,Kakori Health Post,Nguru,Jigawa,12.81344,10.292905,BCG,0,20.85,1,1
2026-08-21,54756781.0,Kakori Health Post,Nguru,Jigawa,12.81344,10.292905,Penta,0,20.85,1,1
2026-08-21,54756781.0,Kakori Health Post,Nguru,Jigawa,12.81344,10.292905,Measles,0,20.85,1,1
2026-08-22,54756781.0,Kakori Health Post,Nguru,Jigawa,12.81344,10.292905,BCG,0,18.67,1,1
2026-08-22,54756781.0,Kakori Health Post,Nguru,Jigawa,12.81344,10.292905,Penta,0,18.67,1,1
2026-08-22,54756781.0,Kakori Health Post,Nguru,Jigawa,12.81344,10.292905,Measles,0,18.67,1,1
2026-08-23,54756781.0,Kakori Health Post,Nguru,Jigawa,12.81344,10.292905,BCG,0,14.81,1,1
2026-08-23,54756781.0,Kakori Health Post,Nguru,Jigawa,12.81344,10.292905,Penta,0,14.81,1,1
2026-08-23,54756781.0,Kakori Health Post,Nguru,Jigawa,12.81344,10.292905,Measles,0,14.81,1,1
2026-08-25,54756781.0,Kakori Health Post,Nguru,Jigawa,12.81344,10.292905,BCG,0,14.58,1,1
2026-08-25,54756781.0,Kakori Health Post,Nguru,Jigawa,12.81344,10.292905,Penta,160,14.58,1,1
2026-08-25,54756781.0,Kakori Health Post,Nguru,Jigawa,12.81344,10.292905,Measles,160,14.58,1,1
2026-08-30,54756781.0,Kakori Health Post,Nguru,Jigawa,12.81344,10.292905,BCG,0,21.52,1,1
2026-08-30,54756781.0,Kakori Health Post,Nguru,Jigawa,12.81344,10.292905,Penta,137,21.52,1,0
2026-08-30,54756781.0,Kakori Health Post,Nguru,Jigawa,12.81344,10.292905,Measles,144,21.52,1,0
2026-08-01,41811033.0,Daurawa Health Post,Ringim,Jigawa,12.12154,9.2898,BCG,92,2.0,1,0
2026-08-01,41811033.0,Daurawa Health Post,Ringim,Jigawa,12.12154,9.2898,Penta,95,2.0,1,0
2026-08-01,41811033.0,Daurawa Health Post,Ringim,Jigawa,12.12154,9.2898,Measles,104,2.0,1,0
2026-08-07,41811033.0,Daurawa Health Post,Ringim,Jigawa,12.12154,9.2898,BCG,73,14.23,1,0
2026-08-07,41811033.0,Daurawa Health Post,Ringim,Jigawa,12.12154,9.2898,Penta,83,14.23,1,0
2026-08-07,41811033.0,Daurawa Health Post,Ringim,Jigawa,12.12154,9.2898,Measles,89,14.23,1,0
2026-08-12,41811033.0,Daurawa Health Post,Ringim,Jigawa,12.12154,9.2898,BCG,58,20.72,1,0
2026-08-12,41811033.0,Daurawa Health Post,Ringim,Jigawa,12.12154,9.2898,Penta,63,20.72,1,0
2026-08-12,41811033.0,Daurawa Health Post,Ringim,Jigawa,12.12154,9.2898,Measles,0,20.72,1,1
2026-08-14,41811033.0,Daurawa Health Post,Ringim,Jigawa,12.12154,9.2898,BCG,198,20.61,1,0
2026-08-14,41811033.0,Daurawa Health Post,Ringim,Jigawa,12.12154,9.2898,Penta,45,20.61,1,0
2026-08-14,41811033.0,Daurawa Health Post,Ringim,Jigawa,12.12154,9.2898,Measles,0,20.61,1,1
2026-08-15,41811033.0,Daurawa Health Post,Ringim,Jigawa,12.12154,9.2898,BCG,177,18.25,1,0
2026-08-15,41811033.0,Daurawa Health Post,Ringim,Jigawa,12.12154,9.2898,Penta,24,18.25,1,0
2026-08-15,41811033.0,Daurawa Health Post,Ringim,Jigawa,12.12154,9.2898,Measles,160,18.25,1,1
2026-08-18,41811033.0,Daurawa Health Post,Ringim,Jigawa,12.12154,9.2898,BCG,163,21.55,1,0
2026-08-18,41811033.0,Daurawa Health Post,Ringim,Jigawa,12.12154,9.2898,Penta,161,21.55,1,0
2026-08-18,41811033.0,Daurawa Health Post,Ringim,Jigawa,12.12154,9.2898,Measles,0,21.55,1,1
2026-08-21,41811033.0,Daurawa Health Post,Ringim,Jigawa,12.12154,9.2898,BCG,147,21.14,1,0
2026-08-21,41811033.0,Daurawa Health Post,Ringim,Jigawa,12.12154,9.2898,Penta,140,21.14,1,0
2026-08-21,41811033.0,Daurawa Health Post,Ringim,Jigawa,12.12154,9.2898,Measles,0,21.14,1,1
2026-08-22,41811033.0,Daurawa Health Post,Ringim,Jigawa,12.12154,9.2898,BCG,122,18.44,1,0
2026-08-22,41811033.0,Daurawa Health Post,Ringim,Jigawa,12.12154,9.2898,Penta,0,18.44,1,1
2026-08-22,41811033.0,Daurawa Health Post,Ringim,Jigawa,12.12154,9.2898,Measles,0,18.44,1,1
2026-08-26,41811033.0,Daurawa Health Post,Ringim,Jigawa,12.12154,9.2898,BCG,0,21.13,1,1
2026-08-26,41811033.0,Daurawa Health Post,Ringim,Jigawa,12.12154,9.2898,Penta,0,21.13,1,1
2026-08-26,41811033.0,Daurawa Health Post,Ringim,Jigawa,12.12154,9.2898,Measles,0,21.13,1,1
2026-08-27,41811033.0,Daurawa Health Post,Ringim,Jigawa,12.12154,9.2898,BCG,0,17.71,1,1
2026-08-27,41811033.0,Daurawa Health Post,Ringim,Jigawa,12.12154,9.2898,Penta,0,17.71,1,1
2026-08-27,41811033.0,Daurawa Health Post,Ringim,Jigawa,12.12154,9.2898,Measles,160,17.71,1,1
2026-08-28,41811033.0,Daurawa Health Post,Ringim,Jigawa,12.12154,9.2898,BCG,0,15.07,1,1
2026-08-28,41811033.0,Daurawa Health Post,Ringim,Jigawa,12.12154,9.2898,Penta,0,15.07,1,1
2026-08-28,41811033.0,Daurawa Health Post,Ringim,Jigawa,12.12154,9.2898,Measles,160,15.07,1,1
2026-08-29,41811033.0,Daurawa Health Post,Ringim,Jigawa,12.12154,9.2898,BCG,0,12.56,1,1
2026-08-29,41811033.0,Daurawa Health Post,Ringim,Jigawa,12.12154,9.2898,Penta,0,12.56,1,1
2026-08-29,41811033.0,Daurawa Health Post,Ringim,Jigawa,12.12154,9.2898,Measles,136,12.56,1,0
2026-08-01,66008501.0,Walawa Primary Health Center,Ringim,Jigawa,12.1503715,9.1699798,BCG,105,2.0,1,0
2026-08-01,66008501.0,Walawa Primary Health Center,Ringim,Jigawa,12.1503715,9.1699798,Penta,105,2.0,1,0
2026-08-01,66008501.0,Walawa Primary Health Center,Ringim,Jigawa,12.1503715,9.1699798,Measles,102,2.0,1,0
2026-08-02,66008501.0,Walawa Primary Health Center,Ringim,Jigawa,12.1503715,9.1699798,BCG,84,2.0,1,0
2026-08-02,66008501.0,Walawa Primary Health Center,Ringim,Jigawa,12.1503715,9.1699798,Penta,79,2.0,1,0
2026-08-02,66008501.0,Walawa Primary Health Center,Ringim,Jigawa,12.1503715,9.1699798,Measles,82,2.0,1,0
2026-08-07,66008501.0,Walawa Primary Health Center,Ringim,Jigawa,12.1503715,9.1699798,BCG,0,15.26,1,1
2026-08-07,66008501.0,Walawa Primary Health Center,Ringim,Jigawa,12.1503715,9.1699798,Penta,62,15.26,1,0
2026-08-07,66008501.0,Walawa Primary Health Center,Ringim,Jigawa,12.1503715,9.1699798,Measles,66,15.26,1,0
2026-08-08,66008501.0,Walawa Primary Health Center,Ringim,Jigawa,12.1503715,9.1699798,BCG,0,13.03,1,1
2026-08-08,66008501.0,Walawa Primary Health Center,Ringim,Jigawa,12.1503715,9.1699798,Penta,31,13.03,1,0
2026-08-08,66008501.0,Walawa Primary Health Center,Ringim,Jigawa,12.1503715,9.1699798,Measles,39,13.03,1,0
2026-08-09,66008501.0,Walawa Primary Health Center,Ringim,Jigawa,12.1503715,9.1699798,BCG,0,10.33,1,1
2026-08-09,66008501.0,Walawa Primary Health Center,Ringim,Jigawa,12.1503715,9.1699798,Penta,5,10.33,1,0
2026-08-09,66008501.0,Walawa Primary Health Center,Ringim,Jigawa,12.1503715,9.1699798,Measles,12,10.33,1,0
2026-08-11,66008501.0,Walawa Primary Health Center,Ringim,Jigawa,12.1503715,9.1699798,BCG,0,7.56,1,1
2026-08-11,66008501.0,Walawa Primary Health Center,Ringim,Jigawa,12.1503715,9.1699798,Penta,0,7.56,1,1
2026-08-11,66008501.0,Walawa Primary Health Center,Ringim,Jigawa,12.1503715,9.1699798,Measles,0,7.56,1,1
2026-08-12,66008501.0,Walawa Primary Health Center,Ringim,Jigawa,12.1503715,9.1699798,BCG,0,3.42,1,1
2026-08-12,66008501.0,Walawa Primary Health Center,Ringim,Jigawa,12.1503715,9.1699798,Penta,0,3.42,1,1
2026-08-12,66008501.0,Walawa Primary Health Center,Ringim,Jigawa,12.1503715,9.1699798,Measles,0,3.42,1,1
2026-08-17,66008501.0,Walawa Primary Health Center,Ringim,Jigawa,12.1503715,9.1699798,BCG,0,15.0,1,1
2026-08-17,66008501.0,Walawa Primary Health Center,Ringim,Jigawa,12.1503715,9.1699798,Penta,0,15.0,1,1
2026-08-17,66008501.0,Walawa Primary Health Center,Ringim,Jigawa,12.1503715,9.1699798,Measles,0,15.0,1,1
2026-08-19,66008501.0,Walawa Primary Health Center,Ringim,Jigawa,12.1503715,9.1699798,BCG,0,17.2,1,1
2026-08-19,66008501.0,Walawa Primary Health Center,Ringim,Jigawa,12.1503715,9.1699798,Penta,0,17.2,1,1
2026-08-19,66008501.0,Walawa Primary Health Center,Ringim,Jigawa,12.1503715,9.1699798,Measles,0,17.2,1,1
2026-08-22,66008501.0,Walawa Primary Health Center,Ringim,Jigawa,12.1503715,9.1699798,BCG,0,20.0,1,1
2026-08-22,66008501.0,Walawa Primary Health Center,Ringim,Jigawa,12.1503715,9.1699798,Penta,0,20.0,1,1
2026-08-22,66008501.0,Walawa Primary Health Center,Ringim,Jigawa,12.1503715,9.1699798,Measles,0,20.0,1,1
2026-08-25,66008501.0,Walawa Primary Health Center,Ringim,Jigawa,12.1503715,9.1699798,BCG,0,20.4,1,1
2026-08-25,66008501.0,Walawa Primary Health Center,Ringim,Jigawa,12.1503715,9.1699798,Penta,0,20.4,1,1
2026-08-25,66008501.0,Walawa Primary Health Center,Ringim,Jigawa,12.1503715,9.1699798,Measles,0,20.4,1,1
2026-08-26,66008501.0,Walawa Primary Health Center,Ringim,Jigawa,12.1503715,9.1699798,BCG,0,16.69,1,1
2026-08-26,66008501.0,Walawa Primary Health Center,Ringim,Jigawa,12.1503715,9.1699798,Penta,0,16.69,1,1
2026-08-26,66008501.0,Walawa Primary Health Center,Ringim,Jigawa,12.1503715,9.1699798,Measles,0,16.69,1,1
2026-08-04,55982676.0,Roni Primary Health Center,Roni,Jigawa,12.6609469,8.2665742,BCG,103,14.99,1,0
2026-08-04,55982676.0,Roni Primary Health Center,Roni,Jigawa,12.6609469,8.2665742,Penta,95,14.99,1,0
2026-08-04,55982676.0,Roni Primary Health Center,Roni,Jigawa,12.6609469,8.2665742,Measles,96,14.99,1,0
2026-08-06,55982676.0,Roni Primary Health Center,Roni,Jigawa,12.6609469,8.2665742,BCG,88,15.49,1,0
2026-08-06,55982676.0,Roni Primary Health Center,Roni,Jigawa,12.6609469,8.2665742,Penta,76,15.49,1,0
2026-08-06,55982676.0,Roni Primary Health Center,Roni,Jigawa,12.6609469,8.2665742,Measles,76,15.49,1,0
2026-08-10,55982676.0,Roni Primary Health Center,Roni,Jigawa,12.6609469,8.2665742,BCG,74,20.72,1,0
2026-08-10,55982676.0,Roni Primary Health Center,Roni,Jigawa,12.6609469,8.2665742,Penta,63,20.72,1,0
2026-08-10,55982676.0,Roni Primary Health Center,Roni,Jigawa,12.6609469,8.2665742,Measles,51,20.72,1,0
2026-08-11,55982676.0,Roni Primary Health Center,Roni,Jigawa,12.6609469,8.2665742,BCG,58,19.42,1,0
2026-08-11,55982676.0,Roni Primary Health Center,Roni,Jigawa,12.6609469,8.2665742,Penta,41,19.42,1,0
2026-08-11,55982676.0,Roni Primary Health Center,Roni,Jigawa,12.6609469,8.2665742,Measles,0,19.42,1,1
2026-08-15,55982676.0,Roni Primary Health Center,Roni,Jigawa,12.6609469,8.2665742,BCG,46,20.78,1,0
2026-08-15,55982676.0,Roni Primary Health Center,Roni,Jigawa,12.6609469,8.2665742,Penta,27,20.78,1,0
2026-08-15,55982676.0,Roni Primary Health Center,Roni,Jigawa,12.6609469,8.2665742,Measles,0,20.78,1,1
2026-08-16,55982676.0,Roni Primary Health Center,Roni,Jigawa,12.6609469,8.2665742,BCG,0,16.81,1,1
2026-08-16,55982676.0,Roni Primary Health Center,Roni,Jigawa,12.6609469,8.2665742,Penta,0,16.81,1,1
2026-08-16,55982676.0,Roni Primary Health Center,Roni,Jigawa,12.6609469,8.2665742,Measles,0,16.81,1,1
2026-08-18,55982676.0,Roni Primary Health Center,Roni,Jigawa,12.6609469,8.2665742,BCG,0,18.72,1,1
2026-08-18,55982676.0,Roni Primary Health Center,Roni,Jigawa,12.6609469,8.2665742,Penta,0,18.72,1,1
2026-08-18,55982676.0,Roni Primary Health Center,Roni,Jigawa,12.6609469,8.2665742,Measles,160,18.72,1,1
2026-08-20,55982676.0,Roni Primary Health Center,Roni,Jigawa,12.6609469,8.2665742,BCG,0,17.66,1,1
2026-08-20,55982676.0,Roni Primary Health Center,Roni,Jigawa,12.6609469,8.2665742,Penta,0,17.66,1,1
2026-08-20,55982676.0,Roni Primary Health Center,Roni,Jigawa,12.6609469,8.2665742,Measles,138,17.66,1,0
2026-08-21,55982676.0,Roni Primary Health Center,Roni,Jigawa,12.6609469,8.2665742,BCG,0,13.85,1,1
2026-08-21,55982676.0,Roni Primary Health Center,Roni,Jigawa,12.6609469,8.2665742,Penta,0,13.85,1,1
2026-08-21,55982676.0,Roni Primary Health Center,Roni,Jigawa,12.6609469,8.2665742,Measles,119,13.85,1,0
2026-08-25,55982676.0,Roni Primary Health Center,Roni,Jigawa,12.6609469,8.2665742,BCG,160,21.2,1,1
2026-08-25,55982676.0,Roni Primary Health Center,Roni,Jigawa,12.6609469,8.2665742,Penta,0,21.2,1,1
2026-08-25,55982676.0,Roni Primary Health Center,Roni,Jigawa,12.6609469,8.2665742,Measles,100,21.2,1,0
2026-08-27,55982676.0,Roni Primary Health Center,Roni,Jigawa,12.6609469,8.2665742,BCG,136,21.03,1,0
2026-08-27,55982676.0,Roni Primary Health Center,Roni,Jigawa,12.6609469,8.2665742,Penta,160,21.03,1,1
2026-08-27,55982676.0,Roni Primary Health Center,Roni,Jigawa,12.6609469,8.2665742,Measles,81,21.03,1,0
2026-08-29,55982676.0,Roni Primary Health Center,Roni,Jigawa,12.6609469,8.2665742,BCG,0,20.63,1,1
2026-08-29,55982676.0,Roni Primary Health Center,Roni,Jigawa,12.6609469,8.2665742,Penta,0,20.63,1,1
2026-08-29,55982676.0,Roni Primary Health Center,Roni,Jigawa,12.6609469,8.2665742,Measles,56,20.63,1,0
2026-08-30,55982676.0,Roni Primary Health Center,Roni,Jigawa,12.6609469,8.2665742,BCG,0,16.66,1,1
2026-08-30,55982676.0,Roni Primary Health Center,Roni,Jigawa,12.6609469,8.2665742,Penta,0,16.66,1,1
2026-08-30,55982676.0,Roni Primary Health Center,Roni,Jigawa,12.6609469,8.2665742,Measles,194,16.66,1,0
2026-08-02,63968184.0,Tuntube Health Post,Roni,Jigawa,12.51526416,8.37113881,BCG,99,2.92,1,0
2026-08-02,63968184.0,Tuntube Health Post,Roni,Jigawa,12.51526416,8.37113881,Penta,104,2.92,1,0
2026-08-02,63968184.0,Tuntube Health Post,Roni,Jigawa,12.51526416,8.37113881,Measles,95,2.92,1,0
2026-08-05,63968184.0,Tuntube Health Post,Roni,Jigawa,12.51526416,8.37113881,BCG,80,8.98,1,0
2026-08-05,63968184.0,Tuntube Health Post,Roni,Jigawa,12.51526416,8.37113881,Penta,80,8.98,1,0
2026-08-05,63968184.0,Tuntube Health Post,Roni,Jigawa,12.51526416,8.37113881,Measles,66,8.98,1,0
2026-08-11,63968184.0,Tuntube Health Post,Roni,Jigawa,12.51526416,8.37113881,BCG,58,20.85,1,0
2026-08-11,63968184.0,Tuntube Health Post,Roni,Jigawa,12.51526416,8.37113881,Penta,0,20.85,1,1
2026-08-11,63968184.0,Tuntube Health Post,Roni,Jigawa,12.51526416,8.37113881,Measles,47,20.85,1,0
2026-08-20,63968184.0,Tuntube Health Post,Roni,Jigawa,12.51526416,8.37113881,BCG,38,19.87,1,0
2026-08-20,63968184.0,Tuntube Health Post,Roni,Jigawa,12.51526416,8.37113881,Penta,0,19.87,1,1
2026-08-20,63968184.0,Tuntube Health Post,Roni,Jigawa,12.51526416,8.37113881,Measles,0,19.87,1,1
2026-08-21,63968184.0,Tuntube Health Post,Roni,Jigawa,12.51526416,8.37113881,BCG,0,16.97,1,1
2026-08-21,63968184.0,Tuntube Health Post,Roni,Jigawa,12.51526416,8.37113881,Penta,0,16.97,1,1
2026-08-21,63968184.0,Tuntube Health Post,Roni,Jigawa,12.51526416,8.37113881,Measles,0,16.97,1,1
2026-08-29,63968184.0,Tuntube Health Post,Roni,Jigawa,12.51526416,8.37113881,BCG,0,21.14,1,1
2026-08-29,63968184.0,Tuntube Health Post,Roni,Jigawa,12.51526416,8.37113881,Penta,0,21.14,1,1
2026-08-29,63968184.0,Tuntube Health Post,Roni,Jigawa,12.51526416,8.37113881,Measles,0,21.14,1,1
2026-08-04,18128148.0,Banaga Primary Health Clinic,Sule-Tankarkar,Jigawa,12.493398,9.285035,BCG,104,9.68,1,0
2026-08-04,18128148.0,Banaga Primary Health Clinic,Sule-Tankarkar,Jigawa,12.493398,9.285035,Penta,108,9.68,1,0
2026-08-04,18128148.0,Banaga Primary Health Clinic,Sule-Tankarkar,Jigawa,12.493398,9.285035,Measles,96,9.68,1,0
2026-08-15,18128148.0,Banaga Primary Health Clinic,Sule-Tankarkar,Jigawa,12.493398,9.285035,BCG,74,20.79,1,0
2026-08-15,18128148.0,Banaga Primary Health Clinic,Sule-Tankarkar,Jigawa,12.493398,9.285035,Penta,84,20.79,1,0
2026-08-15,18128148.0,Banaga Primary Health Clinic,Sule-Tankarkar,Jigawa,12.493398,9.285035,Measles,67,20.79,1,0
2026-08-20,18128148.0,Banaga Primary Health Clinic,Sule-Tankarkar,Jigawa,12.493398,9.285035,BCG,56,21.58,1,0
2026-08-20,18128148.0,Banaga Primary Health Clinic,Sule-Tankarkar,Jigawa,12.493398,9.285035,Penta,65,21.58,1,0
2026-08-20,18128148.0,Banaga Primary Health Clinic,Sule-Tankarkar,Jigawa,12.493398,9.285035,Measles,51,21.58,1,0
2026-08-26,18128148.0,Banaga Primary Health Clinic,Sule-Tankarkar,Jigawa,12.493398,9.285035,BCG,32,21.76,1,0
2026-08-26,18128148.0,Banaga Primary Health Clinic,Sule-Tankarkar,Jigawa,12.493398,9.285035,Penta,43,21.76,1,0
2026-08-26,18128148.0,Banaga Primary Health Clinic,Sule-Tankarkar,Jigawa,12.493398,9.285035,Measles,30,21.76,1,0
2026-08-29,18128148.0,Banaga Primary Health Clinic,Sule-Tankarkar,Jigawa,12.493398,9.285035,BCG,160,20.84,1,1
2026-08-29,18128148.0,Banaga Primary Health Clinic,Sule-Tankarkar,Jigawa,12.493398,9.285035,Penta,21,20.84,1,0
2026-08-29,18128148.0,Banaga Primary Health Clinic,Sule-Tankarkar,Jigawa,12.493398,9.285035,Measles,8,20.84,1,0
2026-08-03,33202591.0,Mu'Azu Health Post,Sule-Tankarkar,Jigawa,12.7562065,9.3005344,BCG,100,6.84,1,0
2026-08-03,33202591.0,Mu'Azu Health Post,Sule-Tankarkar,Jigawa,12.7562065,9.3005344,Penta,103,6.84,1,0
2026-08-03,33202591.0,Mu'Azu Health Post,Sule-Tankarkar,Jigawa,12.7562065,9.3005344,Measles,102,6.84,1,0
2026-08-05,33202591.0,Mu'Azu Health Post,Sule-Tankarkar,Jigawa,12.7562065,9.3005344,BCG,82,9.15,1,0
2026-08-05,33202591.0,Mu'Azu Health Post,Sule-Tankarkar,Jigawa,12.7562065,9.3005344,Penta,80,9.15,1,0
2026-08-05,33202591.0,Mu'Azu Health Post,Sule-Tankarkar,Jigawa,12.7562065,9.3005344,Measles,79,9.15,1,0
2026-08-08,33202591.0,Mu'Azu Health Post,Sule-Tankarkar,Jigawa,12.7562065,9.3005344,BCG,58,17.29,1,0
2026-08-08,33202591.0,Mu'Azu Health Post,Sule-Tankarkar,Jigawa,12.7562065,9.3005344,Penta,60,17.29,1,0
2026-08-08,33202591.0,Mu'Azu Health Post,Sule-Tankarkar,Jigawa,12.7562065,9.3005344,Measles,0,17.29,1,1
2026-08-14,33202591.0,Mu'Azu Health Post,Sule-Tankarkar,Jigawa,12.7562065,9.3005344,BCG,44,21.24,1,0
2026-08-14,33202591.0,Mu'Azu Health Post,Sule-Tankarkar,Jigawa,12.7562065,9.3005344,Penta,32,21.24,1,0
2026-08-14,33202591.0,Mu'Azu Health Post,Sule-Tankarkar,Jigawa,12.7562065,9.3005344,Measles,0,21.24,1,1
2026-08-15,33202591.0,Mu'Azu Health Post,Sule-Tankarkar,Jigawa,12.7562065,9.3005344,BCG,23,17.87,1,0
2026-08-15,33202591.0,Mu'Azu Health Post,Sule-Tankarkar,Jigawa,12.7562065,9.3005344,Penta,0,17.87,1,1
2026-08-15,33202591.0,Mu'Azu Health Post,Sule-Tankarkar,Jigawa,12.7562065,9.3005344,Measles,0,17.87,1,1
2026-08-19,33202591.0,Mu'Azu Health Post,Sule-Tankarkar,Jigawa,12.7562065,9.3005344,BCG,160,22.03,1,1
2026-08-19,33202591.0,Mu'Azu Health Post,Sule-Tankarkar,Jigawa,12.7562065,9.3005344,Penta,160,22.03,1,1
2026-08-19,33202591.0,Mu'Azu Health Post,Sule-Tankarkar,Jigawa,12.7562065,9.3005344,Measles,0,22.03,1,1
2026-08-23,33202591.0,Mu'Azu Health Post,Sule-Tankarkar,Jigawa,12.7562065,9.3005344,BCG,140,20.79,1,0
2026-08-23,33202591.0,Mu'Azu Health Post,Sule-Tankarkar,Jigawa,12.7562065,9.3005344,Penta,147,20.79,1,0
2026-08-23,33202591.0,Mu'Azu Health Post,Sule-Tankarkar,Jigawa,12.7562065,9.3005344,Measles,0,20.79,1,1
2026-08-24,33202591.0,Mu'Azu Health Post,Sule-Tankarkar,Jigawa,12.7562065,9.3005344,BCG,123,18.23,1,0
2026-08-24,33202591.0,Mu'Azu Health Post,Sule-Tankarkar,Jigawa,12.7562065,9.3005344,Penta,125,18.23,1,0
2026-08-24,33202591.0,Mu'Azu Health Post,Sule-Tankarkar,Jigawa,12.7562065,9.3005344,Measles,0,18.23,1,1
2026-08-25,33202591.0,Mu'Azu Health Post,Sule-Tankarkar,Jigawa,12.7562065,9.3005344,BCG,107,15.27,1,0
2026-08-25,33202591.0,Mu'Azu Health Post,Sule-Tankarkar,Jigawa,12.7562065,9.3005344,Penta,0,15.27,1,1
2026-08-25,33202591.0,Mu'Azu Health Post,Sule-Tankarkar,Jigawa,12.7562065,9.3005344,Measles,160,15.27,1,1
2026-08-02,46577636.0,Bardo Health Post,Taura,Jigawa,12.2741373,9.5372544,BCG,97,5.52,1,0
2026-08-02,46577636.0,Bardo Health Post,Taura,Jigawa,12.2741373,9.5372544,Penta,94,5.52,1,0
2026-08-02,46577636.0,Bardo Health Post,Taura,Jigawa,12.2741373,9.5372544,Measles,105,5.52,1,0
2026-08-03,46577636.0,Bardo Health Post,Taura,Jigawa,12.2741373,9.5372544,BCG,78,2.94,1,0
2026-08-03,46577636.0,Bardo Health Post,Taura,Jigawa,12.2741373,9.5372544,Penta,67,2.94,1,0
2026-08-03,46577636.0,Bardo Health Post,Taura,Jigawa,12.2741373,9.5372544,Measles,82,2.94,1,0
2026-08-05,46577636.0,Bardo Health Post,Taura,Jigawa,12.2741373,9.5372544,BCG,57,4.3,1,0
2026-08-05,46577636.0,Bardo Health Post,Taura,Jigawa,12.2741373,9.5372544,Penta,48,4.3,1,0
2026-08-05,46577636.0,Bardo Health Post,Taura,Jigawa,12.2741373,9.5372544,Measles,57,4.3,1,0
2026-08-13,46577636.0,Bardo Health Post,Taura,Jigawa,12.2741373,9.5372544,BCG,32,21.12,1,0
2026-08-13,46577636.0,Bardo Health Post,Taura,Jigawa,12.2741373,9.5372544,Penta,31,21.12,1,0
2026-08-13,46577636.0,Bardo Health Post,Taura,Jigawa,12.2741373,9.5372544,Measles,29,21.12,1,0
2026-08-24,46577636.0,Bardo Health Post,Taura,Jigawa,12.2741373,9.5372544,BCG,19,21.07,1,0
2026-08-24,46577636.0,Bardo Health Post,Taura,Jigawa,12.2741373,9.5372544,Penta,6,21.07,1,0
2026-08-24,46577636.0,Bardo Health Post,Taura,Jigawa,12.2741373,9.5372544,Measles,160,21.07,1,1
2026-08-27,46577636.0,Bardo Health Post,Taura,Jigawa,12.2741373,9.5372544,BCG,0,21.15,1,1
2026-08-27,46577636.0,Bardo Health Post,Taura,Jigawa,12.2741373,9.5372544,Penta,0,21.15,1,1
2026-08-27,46577636.0,Bardo Health Post,Taura,Jigawa,12.2741373,9.5372544,Measles,142,21.15,1,0
2026-08-30,46577636.0,Bardo Health Post,Taura,Jigawa,12.2741373,9.5372544,BCG,0,21.45,1,1
2026-08-30,46577636.0,Bardo Health Post,Taura,Jigawa,12.2741373,9.5372544,Penta,0,21.45,1,1
2026-08-30,46577636.0,Bardo Health Post,Taura,Jigawa,12.2741373,9.5372544,Measles,129,21.45,1,0
2026-08-04,76734706.0,Bidawa Health Post,Taura,Jigawa,12.2590762,9.2340466,BCG,98,13.88,1,0
2026-08-04,76734706.0,Bidawa Health Post,Taura,Jigawa,12.2590762,9.2340466,Penta,100,13.88,1,0
2026-08-04,76734706.0,Bidawa Health Post,Taura,Jigawa,12.2590762,9.2340466,Measles,91,13.88,1,0
2026-08-05,76734706.0,Bidawa Health Post,Taura,Jigawa,12.2590762,9.2340466,BCG,82,12.03,1,0
2026-08-05,76734706.0,Bidawa Health Post,Taura,Jigawa,12.2590762,9.2340466,Penta,79,12.03,1,0
2026-08-05,76734706.0,Bidawa Health Post,Taura,Jigawa,12.2590762,9.2340466,Measles,77,12.03,1,0
2026-08-08,76734706.0,Bidawa Health Post,Taura,Jigawa,12.2590762,9.2340466,BCG,57,19.58,1,0
2026-08-08,76734706.0,Bidawa Health Post,Taura,Jigawa,12.2590762,9.2340466,Penta,54,19.58,1,0
2026-08-08,76734706.0,Bidawa Health Post,Taura,Jigawa,12.2590762,9.2340466,Measles,57,19.58,1,0
2026-08-15,76734706.0,Bidawa Health Post,Taura,Jigawa,12.2590762,9.2340466,BCG,37,22.1,1,0
2026-08-15,76734706.0,Bidawa Health Post,Taura,Jigawa,12.2590762,9.2340466,Penta,199,22.1,1,0
2026-08-15,76734706.0,Bidawa Health Post,Taura,Jigawa,12.2590762,9.2340466,Measles,160,22.1,1,1
2026-08-18,76734706.0,Bidawa Health Post,Taura,Jigawa,12.2590762,9.2340466,BCG,18,21.47,1,0
2026-08-18,76734706.0,Bidawa Health Post,Taura,Jigawa,12.2590762,9.2340466,Penta,0,21.47,1,1
2026-08-18,76734706.0,Bidawa Health Post,Taura,Jigawa,12.2590762,9.2340466,Measles,0,21.47,1,1
2026-08-19,76734706.0,Bidawa Health Post,Taura,Jigawa,12.2590762,9.2340466,BCG,0,18.68,1,1
2026-08-19,76734706.0,Bidawa Health Post,Taura,Jigawa,12.2590762,9.2340466,Penta,0,18.68,1,1
2026-08-19,76734706.0,Bidawa Health Post,Taura,Jigawa,12.2590762,9.2340466,Measles,160,18.68,1,1
2026-08-20,76734706.0,Bidawa Health Post,Taura,Jigawa,12.2590762,9.2340466,BCG,0,15.89,1,1
2026-08-20,76734706.0,Bidawa Health Post,Taura,Jigawa,12.2590762,9.2340466,Penta,0,15.89,1,1
2026-08-20,76734706.0,Bidawa Health Post,Taura,Jigawa,12.2590762,9.2340466,Measles,143,15.89,1,0
2026-08-22,76734706.0,Bidawa Health Post,Taura,Jigawa,12.2590762,9.2340466,BCG,0,17.17,1,1
2026-08-22,76734706.0,Bidawa Health Post,Taura,Jigawa,12.2590762,9.2340466,Penta,160,17.17,1,1
2026-08-22,76734706.0,Bidawa Health Post,Taura,Jigawa,12.2590762,9.2340466,Measles,0,17.17,1,1
2026-08-23,76734706.0,Bidawa Health Post,Taura,Jigawa,12.2590762,9.2340466,BCG,0,15.09,1,1
2026-08-23,76734706.0,Bidawa Health Post,Taura,Jigawa,12.2590762,9.2340466,Penta,141,15.09,1,0
2026-08-23,76734706.0,Bidawa Health Post,Taura,Jigawa,12.2590762,9.2340466,Measles,160,15.09,1,1
2026-08-28,76734706.0,Bidawa Health Post,Taura,Jigawa,12.2590762,9.2340466,BCG,0,20.33,1,1
2026-08-28,76734706.0,Bidawa Health Post,Taura,Jigawa,12.2590762,9.2340466,Penta,124,20.33,1,0
2026-08-28,76734706.0,Bidawa Health Post,Taura,Jigawa,12.2590762,9.2340466,Measles,135,20.33,1,0
2026-08-30,76734706.0,Bidawa Health Post,Taura,Jigawa,12.2590762,9.2340466,BCG,0,20.5,1,1
2026-08-30,76734706.0,Bidawa Health Post,Taura,Jigawa,12.2590762,9.2340466,Penta,106,20.5,1,0
2026-08-30,76734706.0,Bidawa Health Post,Taura,Jigawa,12.2590762,9.2340466,Measles,116,20.5,1,0
2026-08-02,50550580.0,Ruruma Health Post,Yankwashi,Jigawa,12.700245,8.552039,BCG,100,5.05,1,0
2026-08-02,50550580.0,Ruruma Health Post,Yankwashi,Jigawa,12.700245,8.552039,Penta,95,5.05,1,0
2026-08-02,50550580.0,Ruruma Health Post,Yankwashi,Jigawa,12.700245,8.552039,Measles,100,5.05,1,0
2026-08-05,50550580.0,Ruruma Health Post,Yankwashi,Jigawa,12.700245,8.552039,BCG,83,7.79,1,0
2026-08-05,50550580.0,Ruruma Health Post,Yankwashi,Jigawa,12.700245,8.552039,Penta,81,7.79,1,0
2026-08-05,50550580.0,Ruruma Health Post,Yankwashi,Jigawa,12.700245,8.552039,Measles,75,7.79,1,0
2026-08-06,50550580.0,Ruruma Health Post,Yankwashi,Jigawa,12.700245,8.552039,BCG,63,5.91,1,0
2026-08-06,50550580.0,Ruruma Health Post,Yankwashi,Jigawa,12.700245,8.552039,Penta,68,5.91,1,0
2026-08-06,50550580.0,Ruruma Health Post,Yankwashi,Jigawa,12.700245,8.552039,Measles,63,5.91,1,0
2026-08-07,50550580.0,Ruruma Health Post,Yankwashi,Jigawa,12.700245,8.552039,BCG,44,2.37,1,0
2026-08-07,50550580.0,Ruruma Health Post,Yankwashi,Jigawa,12.700245,8.552039,Penta,52,2.37,1,0
2026-08-07,50550580.0,Ruruma Health Post,Yankwashi,Jigawa,12.700245,8.552039,Measles,46,2.37,1,0
2026-08-09,50550580.0,Ruruma Health Post,Yankwashi,Jigawa,12.700245,8.552039,BCG,28,3.71,1,0
2026-08-09,50550580.0,Ruruma Health Post,Yankwashi,Jigawa,12.700245,8.552039,Penta,192,3.71,1,0
2026-08-09,50550580.0,Ruruma Health Post,Yankwashi,Jigawa,12.700245,8.552039,Measles,33,3.71,1,0
2026-08-10,50550580.0,Ruruma Health Post,Yankwashi,Jigawa,12.700245,8.552039,BCG,2,2.0,1,0
2026-08-10,50550580.0,Ruruma Health Post,Yankwashi,Jigawa,12.700245,8.552039,Penta,165,2.0,1,0
2026-08-10,50550580.0,Ruruma Health Post,Yankwashi,Jigawa,12.700245,8.552039,Measles,14,2.0,1,0
2026-08-11,50550580.0,Ruruma Health Post,Yankwashi,Jigawa,12.700245,8.552039,BCG,0,2.0,1,1
2026-08-11,50550580.0,Ruruma Health Post,Yankwashi,Jigawa,12.700245,8.552039,Penta,137,2.0,1,0
2026-08-11,50550580.0,Ruruma Health Post,Yankwashi,Jigawa,12.700245,8.552039,Measles,0,2.0,1,1
2026-08-18,50550580.0,Ruruma Health Post,Yankwashi,Jigawa,12.700245,8.552039,BCG,0,21.84,1,1
2026-08-18,50550580.0,Ruruma Health Post,Yankwashi,Jigawa,12.700245,8.552039,Penta,122,21.84,1,0
2026-08-18,50550580.0,Ruruma Health Post,Yankwashi,Jigawa,12.700245,8.552039,Measles,0,21.84,1,1
2026-08-19,50550580.0,Ruruma Health Post,Yankwashi,Jigawa,12.700245,8.552039,BCG,0,18.71,1,1
2026-08-19,50550580.0,Ruruma Health Post,Yankwashi,Jigawa,12.700245,8.552039,Penta,97,18.71,1,0
2026-08-19,50550580.0,Ruruma Health Post,Yankwashi,Jigawa,12.700245,8.552039,Measles,160,18.71,1,1
2026-08-21,50550580.0,Ruruma Health Post,Yankwashi,Jigawa,12.700245,8.552039,BCG,0,17.53,1,1
2026-08-21,50550580.0,Ruruma Health Post,Yankwashi,Jigawa,12.700245,8.552039,Penta,74,17.53,1,0
2026-08-21,50550580.0,Ruruma Health Post,Yankwashi,Jigawa,12.700245,8.552039,Measles,143,17.53,1,0
2026-08-30,50550580.0,Ruruma Health Post,Yankwashi,Jigawa,12.700245,8.552039,BCG,160,21.78,1,1
2026-08-30,50550580.0,Ruruma Health Post,Yankwashi,Jigawa,12.700245,8.552039,Penta,57,21.78,1,0
2026-08-30,50550580.0,Ruruma Health Post,Yankwashi,Jigawa,12.700245,8.552039,Measles,124,21.78,1,0
2026-08-02,60381059.0,Unguwar Kalgo Health Post,Yankwashi,Jigawa,12.695031,8.5808204,BCG,101,3.8,1,0
2026-08-02,60381059.0,Unguwar Kalgo Health Post,Yankwashi,Jigawa,12.695031,8.5808204,Penta,99,3.8,1,0
2026-08-02,60381059.0,Unguwar Kalgo Health Post,Yankwashi,Jigawa,12.695031,8.5808204,Measles,95,3.8,1,0
2026-08-06,60381059.0,Unguwar Kalgo Health Post,Yankwashi,Jigawa,12.695031,8.5808204,BCG,0,12.34,1,1
2026-08-06,60381059.0,Unguwar Kalgo Health Post,Yankwashi,Jigawa,12.695031,8.5808204,Penta,160,12.34,1,1
2026-08-06,60381059.0,Unguwar Kalgo Health Post,Yankwashi,Jigawa,12.695031,8.5808204,Measles,0,12.34,1,1
2026-08-08,60381059.0,Unguwar Kalgo Health Post,Yankwashi,Jigawa,12.695031,8.5808204,BCG,0,16.61,1,1
2026-08-08,60381059.0,Unguwar Kalgo Health Post,Yankwashi,Jigawa,12.695031,8.5808204,Penta,146,16.61,1,0
2026-08-08,60381059.0,Unguwar Kalgo Health Post,Yankwashi,Jigawa,12.695031,8.5808204,Measles,160,16.61,1,1
2026-08-09,60381059.0,Unguwar Kalgo Health Post,Yankwashi,Jigawa,12.695031,8.5808204,BCG,0,13.49,1,1
2026-08-09,60381059.0,Unguwar Kalgo Health Post,Yankwashi,Jigawa,12.695031,8.5808204,Penta,130,13.49,1,0
2026-08-09,60381059.0,Unguwar Kalgo Health Post,Yankwashi,Jigawa,12.695031,8.5808204,Measles,144,13.49,1,0
2026-08-11,60381059.0,Unguwar Kalgo Health Post,Yankwashi,Jigawa,12.695031,8.5808204,BCG,0,12.97,1,1
2026-08-11,60381059.0,Unguwar Kalgo Health Post,Yankwashi,Jigawa,12.695031,8.5808204,Penta,112,12.97,1,0
2026-08-11,60381059.0,Unguwar Kalgo Health Post,Yankwashi,Jigawa,12.695031,8.5808204,Measles,0,12.97,1,1
2026-08-14,60381059.0,Unguwar Kalgo Health Post,Yankwashi,Jigawa,12.695031,8.5808204,BCG,0,18.72,1,1
2026-08-14,60381059.0,Unguwar Kalgo Health Post,Yankwashi,Jigawa,12.695031,8.5808204,Penta,88,18.72,1,0
2026-08-14,60381059.0,Unguwar Kalgo Health Post,Yankwashi,Jigawa,12.695031,8.5808204,Measles,0,18.72,1,1
2026-08-15,60381059.0,Unguwar Kalgo Health Post,Yankwashi,Jigawa,12.695031,8.5808204,BCG,0,15.82,1,1
2026-08-15,60381059.0,Unguwar Kalgo Health Post,Yankwashi,Jigawa,12.695031,8.5808204,Penta,0,15.82,1,1
2026-08-15,60381059.0,Unguwar Kalgo Health Post,Yankwashi,Jigawa,12.695031,8.5808204,Measles,0,15.82,1,1
2026-08-22,60381059.0,Unguwar Kalgo Health Post,Yankwashi,Jigawa,12.695031,8.5808204,BCG,0,22.18,1,1
2026-08-22,60381059.0,Unguwar Kalgo Health Post,Yankwashi,Jigawa,12.695031,8.5808204,Penta,0,22.18,1,1
2026-08-22,60381059.0,Unguwar Kalgo Health Post,Yankwashi,Jigawa,12.695031,8.5808204,Measles,160,22.18,1,1
2026-08-27,60381059.0,Unguwar Kalgo Health Post,Yankwashi,Jigawa,12.695031,8.5808204,BCG,0,21.92,1,1
2026-08-27,60381059.0,Unguwar Kalgo Health Post,Yankwashi,Jigawa,12.695031,8.5808204,Penta,0,21.92,1,1
2026-08-27,60381059.0,Unguwar Kalgo Health Post,Yankwashi,Jigawa,12.695031,8.5808204,Measles,141,21.92,1,0
2026-08-29,60381059.0,Unguwar Kalgo Health Post,Yankwashi,Jigawa,12.695031,8.5808204,BCG,0,20.72,1,1
2026-08-29,60381059.0,Unguwar Kalgo Health Post,Yankwashi,Jigawa,12.695031,8.5808204,Penta,0,20.72,1,1
2026-08-29,60381059.0,Unguwar Kalgo Health Post,Yankwashi,Jigawa,12.695031,8.5808204,Measles,130,20.72,1,0
2026-08-02,55399414.0,Dundun Health Post,Ajingi,Kano,11.93275704,9.034592871,BCG,217,7.67,1,0
2026-08-02,55399414.0,Dundun Health Post,Ajingi,Kano,11.93275704,9.034592871,Penta,222,7.67,1,0
2026-08-02,55399414.0,Dundun Health Post,Ajingi,Kano,11.93275704,9.034592871,Measles,233,7.67,1,0
2026-08-06,55399414.0,Dundun Health Post,Ajingi,Kano,11.93275704,9.034592871,BCG,178,15.01,1,0
2026-08-06,55399414.0,Dundun Health Post,Ajingi,Kano,11.93275704,9.034592871,Penta,194,15.01,1,0
2026-08-06,55399414.0,Dundun Health Post,Ajingi,Kano,11.93275704,9.034592871,Measles,188,15.01,1,0
2026-08-07,55399414.0,Dundun Health Post,Ajingi,Kano,11.93275704,9.034592871,BCG,148,12.24,1,0
2026-08-07,55399414.0,Dundun Health Post,Ajingi,Kano,11.93275704,9.034592871,Penta,151,12.24,1,0
2026-08-07,55399414.0,Dundun Health Post,Ajingi,Kano,11.93275704,9.034592871,Measles,153,12.24,1,0
2026-08-10,55399414.0,Dundun Health Post,Ajingi,Kano,11.93275704,9.034592871,BCG,101,18.2,1,0
2026-08-10,55399414.0,Dundun Health Post,Ajingi,Kano,11.93275704,9.034592871,Penta,96,18.2,1,0
2026-08-10,55399414.0,Dundun Health Post,Ajingi,Kano,11.93275704,9.034592871,Measles,106,18.2,1,0
2026-08-13,55399414.0,Dundun Health Post,Ajingi,Kano,11.93275704,9.034592871,BCG,428,20.75,1,0
2026-08-13,55399414.0,Dundun Health Post,Ajingi,Kano,11.93275704,9.034592871,Penta,404,20.75,1,0
2026-08-13,55399414.0,Dundun Health Post,Ajingi,Kano,11.93275704,9.034592871,Measles,66,20.75,1,0
2026-08-16,55399414.0,Dundun Health Post,Ajingi,Kano,11.93275704,9.034592871,BCG,376,21.07,1,0
2026-08-16,55399414.0,Dundun Health Post,Ajingi,Kano,11.93275704,9.034592871,Penta,360,21.07,1,1
2026-08-16,55399414.0,Dundun Health Post,Ajingi,Kano,11.93275704,9.034592871,Measles,360,21.07,1,1
2026-08-18,55399414.0,Dundun Health Post,Ajingi,Kano,11.93275704,9.034592871,BCG,333,21.37,1,0
2026-08-18,55399414.0,Dundun Health Post,Ajingi,Kano,11.93275704,9.034592871,Penta,0,21.37,1,1
2026-08-18,55399414.0,Dundun Health Post,Ajingi,Kano,11.93275704,9.034592871,Measles,318,21.37,1,0
2026-08-21,55399414.0,Dundun Health Post,Ajingi,Kano,11.93275704,9.034592871,BCG,0,20.71,1,1
2026-08-21,55399414.0,Dundun Health Post,Ajingi,Kano,11.93275704,9.034592871,Penta,0,20.71,1,1
2026-08-21,55399414.0,Dundun Health Post,Ajingi,Kano,11.93275704,9.034592871,Measles,270,20.71,1,0
2026-08-26,55399414.0,Dundun Health Post,Ajingi,Kano,11.93275704,9.034592871,BCG,0,19.65,1,1
2026-08-26,55399414.0,Dundun Health Post,Ajingi,Kano,11.93275704,9.034592871,Penta,0,19.65,1,1
2026-08-26,55399414.0,Dundun Health Post,Ajingi,Kano,11.93275704,9.034592871,Measles,220,19.65,1,0
2026-08-27,55399414.0,Dundun Health Post,Ajingi,Kano,11.93275704,9.034592871,BCG,0,17.76,1,1
2026-08-27,55399414.0,Dundun Health Post,Ajingi,Kano,11.93275704,9.034592871,Penta,0,17.76,1,1
2026-08-27,55399414.0,Dundun Health Post,Ajingi,Kano,11.93275704,9.034592871,Measles,0,17.76,1,1
2026-08-29,55399414.0,Dundun Health Post,Ajingi,Kano,11.93275704,9.034592871,BCG,0,19.36,1,1
2026-08-29,55399414.0,Dundun Health Post,Ajingi,Kano,11.93275704,9.034592871,Penta,360,19.36,1,1
2026-08-29,55399414.0,Dundun Health Post,Ajingi,Kano,11.93275704,9.034592871,Measles,0,19.36,1,1
2026-08-01,52193731.0,Gafasa Health Clinic,Ajingi,Kano,11.984654,9.133028,BCG,230,2.0,1,0
2026-08-01,52193731.0,Gafasa Health Clinic,Ajingi,Kano,11.984654,9.133028,Penta,222,2.0,1,0
2026-08-01,52193731.0,Gafasa Health Clinic,Ajingi,Kano,11.984654,9.133028,Measles,219,2.0,1,0
2026-08-05,52193731.0,Gafasa Health Clinic,Ajingi,Kano,11.984654,9.133028,BCG,0,15.0,1,1
2026-08-05,52193731.0,Gafasa Health Clinic,Ajingi,Kano,11.984654,9.133028,Penta,182,15.0,1,0
2026-08-05,52193731.0,Gafasa Health Clinic,Ajingi,Kano,11.984654,9.133028,Measles,173,15.0,1,0
2026-08-09,52193731.0,Gafasa Health Clinic,Ajingi,Kano,11.984654,9.133028,BCG,0,20.7,1,1
2026-08-09,52193731.0,Gafasa Health Clinic,Ajingi,Kano,11.984654,9.133028,Penta,135,20.7,1,0
2026-08-09,52193731.0,Gafasa Health Clinic,Ajingi,Kano,11.984654,9.133028,Measles,127,20.7,1,0
2026-08-12,52193731.0,Gafasa Health Clinic,Ajingi,Kano,11.984654,9.133028,BCG,0,20.91,1,1
2026-08-12,52193731.0,Gafasa Health Clinic,Ajingi,Kano,11.984654,9.133028,Penta,88,20.91,1,0
2026-08-12,52193731.0,Gafasa Health Clinic,Ajingi,Kano,11.984654,9.133028,Measles,73,20.91,1,0
2026-08-14,52193731.0,Gafasa Health Clinic,Ajingi,Kano,11.984654,9.133028,BCG,0,21.82,1,1
2026-08-14,52193731.0,Gafasa Health Clinic,Ajingi,Kano,11.984654,9.133028,Penta,57,21.82,1,0
2026-08-14,52193731.0,Gafasa Health Clinic,Ajingi,Kano,11.984654,9.133028,Measles,19,21.82,1,0
2026-08-16,52193731.0,Gafasa Health Clinic,Ajingi,Kano,11.984654,9.133028,BCG,0,20.44,1,1
2026-08-16,52193731.0,Gafasa Health Clinic,Ajingi,Kano,11.984654,9.133028,Penta,2,20.44,1,0
2026-08-16,52193731.0,Gafasa Health Clinic,Ajingi,Kano,11.984654,9.133028,Measles,360,20.44,1,1
2026-08-21,52193731.0,Gafasa Health Clinic,Ajingi,Kano,11.984654,9.133028,BCG,0,20.68,1,1
2026-08-21,52193731.0,Gafasa Health Clinic,Ajingi,Kano,11.984654,9.133028,Penta,360,20.68,1,1
2026-08-21,52193731.0,Gafasa Health Clinic,Ajingi,Kano,11.984654,9.133028,Measles,0,20.68,1,1
2026-08-22,52193731.0,Gafasa Health Clinic,Ajingi,Kano,11.984654,9.133028,BCG,0,18.52,1,1
2026-08-22,52193731.0,Gafasa Health Clinic,Ajingi,Kano,11.984654,9.133028,Penta,307,18.52,1,0
2026-08-22,52193731.0,Gafasa Health Clinic,Ajingi,Kano,11.984654,9.133028,Measles,0,18.52,1,1
2026-08-28,52193731.0,Gafasa Health Clinic,Ajingi,Kano,11.984654,9.133028,BCG,0,21.49,1,1
2026-08-28,52193731.0,Gafasa Health Clinic,Ajingi,Kano,11.984654,9.133028,Penta,261,21.49,1,0
2026-08-28,52193731.0,Gafasa Health Clinic,Ajingi,Kano,11.984654,9.133028,Measles,0,21.49,1,1
2026-08-02,60403264.0,Government Girls Arabic Secondary School Albasu School Clinic,Albasu,Kano,11.627,9.151,BCG,223,5.58,1,0
2026-08-02,60403264.0,Government Girls Arabic Secondary School Albasu School Clinic,Albasu,Kano,11.627,9.151,Penta,240,5.58,1,0
2026-08-02,60403264.0,Government Girls Arabic Secondary School Albasu School Clinic,Albasu,Kano,11.627,9.151,Measles,229,5.58,1,0
2026-08-04,60403264.0,Government Girls Arabic Secondary School Albasu School Clinic,Albasu,Kano,11.627,9.151,BCG,177,4.62,1,0
2026-08-04,60403264.0,Government Girls Arabic Secondary School Albasu School Clinic,Albasu,Kano,11.627,9.151,Penta,202,4.62,1,0
2026-08-04,60403264.0,Government Girls Arabic Secondary School Albasu School Clinic,Albasu,Kano,11.627,9.151,Measles,170,4.62,1,0
2026-08-06,60403264.0,Government Girls Arabic Secondary School Albasu School Clinic,Albasu,Kano,11.627,9.151,BCG,128,4.77,1,0
2026-08-06,60403264.0,Government Girls Arabic Secondary School Albasu School Clinic,Albasu,Kano,11.627,9.151,Penta,152,4.77,1,0
2026-08-06,60403264.0,Government Girls Arabic Secondary School Albasu School Clinic,Albasu,Kano,11.627,9.151,Measles,126,4.77,1,0
2026-08-10,60403264.0,Government Girls Arabic Secondary School Albasu School Clinic,Albasu,Kano,11.627,9.151,BCG,91,11.99,1,0
2026-08-10,60403264.0,Government Girls Arabic Secondary School Albasu School Clinic,Albasu,Kano,11.627,9.151,Penta,104,11.99,1,0
2026-08-10,60403264.0,Government Girls Arabic Secondary School Albasu School Clinic,Albasu,Kano,11.627,9.151,Measles,75,11.99,1,0
2026-08-11,60403264.0,Government Girls Arabic Secondary School Albasu School Clinic,Albasu,Kano,11.627,9.151,BCG,57,9.06,1,0
2026-08-11,60403264.0,Government Girls Arabic Secondary School Albasu School Clinic,Albasu,Kano,11.627,9.151,Penta,64,9.06,1,0
2026-08-11,60403264.0,Government Girls Arabic Secondary School Albasu School Clinic,Albasu,Kano,11.627,9.151,Measles,26,9.06,1,0
2026-08-16,60403264.0,Government Girls Arabic Secondary School Albasu School Clinic,Albasu,Kano,11.627,9.151,BCG,13,21.91,1,0
2026-08-16,60403264.0,Government Girls Arabic Secondary School Albasu School Clinic,Albasu,Kano,11.627,9.151,Penta,22,21.91,1,0
2026-08-16,60403264.0,Government Girls Arabic Secondary School Albasu School Clinic,Albasu,Kano,11.627,9.151,Measles,0,21.91,1,1
2026-08-20,60403264.0,Government Girls Arabic Secondary School Albasu School Clinic,Albasu,Kano,11.627,9.151,BCG,0,21.39,1,1
2026-08-20,60403264.0,Government Girls Arabic Secondary School Albasu School Clinic,Albasu,Kano,11.627,9.151,Penta,0,21.39,1,1
2026-08-20,60403264.0,Government Girls Arabic Secondary School Albasu School Clinic,Albasu,Kano,11.627,9.151,Measles,0,21.39,1,1
2026-08-26,60403264.0,Government Girls Arabic Secondary School Albasu School Clinic,Albasu,Kano,11.627,9.151,BCG,0,21.24,1,1
2026-08-26,60403264.0,Government Girls Arabic Secondary School Albasu School Clinic,Albasu,Kano,11.627,9.151,Penta,360,21.24,1,1
2026-08-26,60403264.0,Government Girls Arabic Secondary School Albasu School Clinic,Albasu,Kano,11.627,9.151,Measles,0,21.24,1,1
2026-08-28,60403264.0,Government Girls Arabic Secondary School Albasu School Clinic,Albasu,Kano,11.627,9.151,BCG,360,19.81,1,1
2026-08-28,60403264.0,Government Girls Arabic Secondary School Albasu School Clinic,Albasu,Kano,11.627,9.151,Penta,316,19.81,1,0
2026-08-28,60403264.0,Government Girls Arabic Secondary School Albasu School Clinic,Albasu,Kano,11.627,9.151,Measles,0,19.81,1,1
2026-08-29,60403264.0,Government Girls Arabic Secondary School Albasu School Clinic,Albasu,Kano,11.627,9.151,BCG,304,15.41,1,0
2026-08-29,60403264.0,Government Girls Arabic Secondary School Albasu School Clinic,Albasu,Kano,11.627,9.151,Penta,274,15.41,1,0
2026-08-29,60403264.0,Government Girls Arabic Secondary School Albasu School Clinic,Albasu,Kano,11.627,9.151,Measles,360,15.41,1,1
2026-08-01,51298601.0,Burburwa Health Post,Albasu,Kano,11.723773,8.932581,BCG,230,2.0,1,0
2026-08-01,51298601.0,Burburwa Health Post,Albasu,Kano,11.723773,8.932581,Penta,208,2.0,1,0
2026-08-01,51298601.0,Burburwa Health Post,Albasu,Kano,11.723773,8.932581,Measles,226,2.0,1,0
2026-08-04,51298601.0,Burburwa Health Post,Albasu,Kano,11.723773,8.932581,BCG,169,6.37,1,0
2026-08-04,51298601.0,Burburwa Health Post,Albasu,Kano,11.723773,8.932581,Penta,153,6.37,1,0
2026-08-04,51298601.0,Burburwa Health Post,Albasu,Kano,11.723773,8.932581,Measles,172,6.37,1,0
2026-08-06,51298601.0,Burburwa Health Post,Albasu,Kano,11.723773,8.932581,BCG,112,5.78,1,0
2026-08-06,51298601.0,Burburwa Health Post,Albasu,Kano,11.723773,8.932581,Penta,104,5.78,1,0
2026-08-06,51298601.0,Burburwa Health Post,Albasu,Kano,11.723773,8.932581,Measles,126,5.78,1,0
2026-08-10,51298601.0,Burburwa Health Post,Albasu,Kano,11.723773,8.932581,BCG,0,13.86,1,1
2026-08-10,51298601.0,Burburwa Health Post,Albasu,Kano,11.723773,8.932581,Penta,61,13.86,1,0
2026-08-10,51298601.0,Burburwa Health Post,Albasu,Kano,11.723773,8.932581,Measles,84,13.86,1,0
2026-08-21,51298601.0,Burburwa Health Post,Albasu,Kano,11.723773,8.932581,BCG,0,20.56,1,1
2026-08-21,51298601.0,Burburwa Health Post,Albasu,Kano,11.723773,8.932581,Penta,3,20.56,1,0
2026-08-21,51298601.0,Burburwa Health Post,Albasu,Kano,11.723773,8.932581,Measles,32,20.56,1,0
2026-08-22,51298601.0,Burburwa Health Post,Albasu,Kano,11.723773,8.932581,BCG,0,17.84,1,1
2026-08-22,51298601.0,Burburwa Health Post,Albasu,Kano,11.723773,8.932581,Penta,0,17.84,1,1
2026-08-22,51298601.0,Burburwa Health Post,Albasu,Kano,11.723773,8.932581,Measles,0,17.84,1,1
2026-08-24,51298601.0,Burburwa Health Post,Albasu,Kano,11.723773,8.932581,BCG,0,17.73,1,1
2026-08-24,51298601.0,Burburwa Health Post,Albasu,Kano,11.723773,8.932581,Penta,360,17.73,1,1
2026-08-24,51298601.0,Burburwa Health Post,Albasu,Kano,11.723773,8.932581,Measles,0,17.73,1,1
2026-08-25,51298601.0,Burburwa Health Post,Albasu,Kano,11.723773,8.932581,BCG,0,15.4,1,1
2026-08-25,51298601.0,Burburwa Health Post,Albasu,Kano,11.723773,8.932581,Penta,314,15.4,1,0
2026-08-25,51298601.0,Burburwa Health Post,Albasu,Kano,11.723773,8.932581,Measles,360,15.4,1,1
2026-08-28,51298601.0,Burburwa Health Post,Albasu,Kano,11.723773,8.932581,BCG,0,20.17,1,1
2026-08-28,51298601.0,Burburwa Health Post,Albasu,Kano,11.723773,8.932581,Penta,276,20.17,1,0
2026-08-28,51298601.0,Burburwa Health Post,Albasu,Kano,11.723773,8.932581,Measles,322,20.17,1,0
2026-08-29,51298601.0,Burburwa Health Post,Albasu,Kano,11.723773,8.932581,BCG,0,17.52,1,1
2026-08-29,51298601.0,Burburwa Health Post,Albasu,Kano,11.723773,8.932581,Penta,230,17.52,1,0
2026-08-29,51298601.0,Burburwa Health Post,Albasu,Kano,11.723773,8.932581,Measles,285,17.52,1,0
2026-08-30,51298601.0,Burburwa Health Post,Albasu,Kano,11.723773,8.932581,BCG,0,15.04,1,1
2026-08-30,51298601.0,Burburwa Health Post,Albasu,Kano,11.723773,8.932581,Penta,173,15.04,1,0
2026-08-30,51298601.0,Burburwa Health Post,Albasu,Kano,11.723773,8.932581,Measles,246,15.04,1,0
2026-08-03,34987506.0,Alajawa Health Post,Bagwai,Kano,12.102407,7.994044,BCG,227,7.45,1,0
2026-08-03,34987506.0,Alajawa Health Post,Bagwai,Kano,12.102407,7.994044,Penta,225,7.45,1,0
2026-08-03,34987506.0,Alajawa Health Post,Bagwai,Kano,12.102407,7.994044,Measles,217,7.45,1,0
2026-08-05,34987506.0,Alajawa Health Post,Bagwai,Kano,12.102407,7.994044,BCG,187,10.08,1,0
2026-08-05,34987506.0,Alajawa Health Post,Bagwai,Kano,12.102407,7.994044,Penta,194,10.08,1,0
2026-08-05,34987506.0,Alajawa Health Post,Bagwai,Kano,12.102407,7.994044,Measles,165,10.08,1,0
2026-08-06,34987506.0,Alajawa Health Post,Bagwai,Kano,12.102407,7.994044,BCG,140,7.31,1,0
2026-08-06,34987506.0,Alajawa Health Post,Bagwai,Kano,12.102407,7.994044,Penta,149,7.31,1,0
2026-08-06,34987506.0,Alajawa Health Post,Bagwai,Kano,12.102407,7.994044,Measles,112,7.31,1,0
2026-08-10,34987506.0,Alajawa Health Post,Bagwai,Kano,12.102407,7.994044,BCG,98,14.8,1,0
2026-08-10,34987506.0,Alajawa Health Post,Bagwai,Kano,12.102407,7.994044,Penta,101,14.8,1,0
2026-08-10,34987506.0,Alajawa Health Post,Bagwai,Kano,12.102407,7.994044,Measles,428,14.8,1,0
2026-08-12,34987506.0,Alajawa Health Post,Bagwai,Kano,12.102407,7.994044,BCG,414,14.29,1,0
2026-08-12,34987506.0,Alajawa Health Post,Bagwai,Kano,12.102407,7.994044,Penta,0,14.29,1,1
2026-08-12,34987506.0,Alajawa Health Post,Bagwai,Kano,12.102407,7.994044,Measles,385,14.29,1,0
2026-08-14,34987506.0,Alajawa Health Post,Bagwai,Kano,12.102407,7.994044,BCG,364,14.89,1,0
2026-08-14,34987506.0,Alajawa Health Post,Bagwai,Kano,12.102407,7.994044,Penta,0,14.89,1,1
2026-08-14,34987506.0,Alajawa Health Post,Bagwai,Kano,12.102407,7.994044,Measles,336,14.89,1,0
2026-08-15,34987506.0,Alajawa Health Post,Bagwai,Kano,12.102407,7.994044,BCG,0,12.41,1,1
2026-08-15,34987506.0,Alajawa Health Post,Bagwai,Kano,12.102407,7.994044,Penta,0,12.41,1,1
2026-08-15,34987506.0,Alajawa Health Post,Bagwai,Kano,12.102407,7.994044,Measles,291,12.41,1,0
2026-08-16,34987506.0,Alajawa Health Post,Bagwai,Kano,12.102407,7.994044,BCG,360,10.57,1,1
2026-08-16,34987506.0,Alajawa Health Post,Bagwai,Kano,12.102407,7.994044,Penta,0,10.57,1,1
2026-08-16,34987506.0,Alajawa Health Post,Bagwai,Kano,12.102407,7.994044,Measles,231,10.57,1,0
2026-08-21,34987506.0,Alajawa Health Post,Bagwai,Kano,12.102407,7.994044,BCG,329,20.87,1,0
2026-08-21,34987506.0,Alajawa Health Post,Bagwai,Kano,12.102407,7.994044,Penta,0,20.87,1,1
2026-08-21,34987506.0,Alajawa Health Post,Bagwai,Kano,12.102407,7.994044,Measles,177,20.87,1,0
2026-08-26,34987506.0,Alajawa Health Post,Bagwai,Kano,12.102407,7.994044,BCG,284,21.19,1,0
2026-08-26,34987506.0,Alajawa Health Post,Bagwai,Kano,12.102407,7.994044,Penta,0,21.19,1,1
2026-08-26,34987506.0,Alajawa Health Post,Bagwai,Kano,12.102407,7.994044,Measles,143,21.19,1,0
2026-08-28,34987506.0,Alajawa Health Post,Bagwai,Kano,12.102407,7.994044,BCG,242,20.78,1,0
2026-08-28,34987506.0,Alajawa Health Post,Bagwai,Kano,12.102407,7.994044,Penta,0,20.78,1,1
2026-08-28,34987506.0,Alajawa Health Post,Bagwai,Kano,12.102407,7.994044,Measles,360,20.78,1,1
2026-08-02,68451707.0,Ginzo Health Post,Bagwai,Kano,12.12431108,8.077518554,BCG,227,7.6,1,0
2026-08-02,68451707.0,Ginzo Health Post,Bagwai,Kano,12.12431108,8.077518554,Penta,233,7.6,1,0
2026-08-02,68451707.0,Ginzo Health Post,Bagwai,Kano,12.12431108,8.077518554,Measles,225,7.6,1,0
2026-08-05,68451707.0,Ginzo Health Post,Bagwai,Kano,12.12431108,8.077518554,BCG,189,13.15,1,0
2026-08-05,68451707.0,Ginzo Health Post,Bagwai,Kano,12.12431108,8.077518554,Penta,196,13.15,1,0
2026-08-05,68451707.0,Ginzo Health Post,Bagwai,Kano,12.12431108,8.077518554,Measles,168,13.15,1,0
2026-08-06,68451707.0,Ginzo Health Post,Bagwai,Kano,12.12431108,8.077518554,BCG,146,9.22,1,0
2026-08-06,68451707.0,Ginzo Health Post,Bagwai,Kano,12.12431108,8.077518554,Penta,151,9.22,1,0
2026-08-06,68451707.0,Ginzo Health Post,Bagwai,Kano,12.12431108,8.077518554,Measles,123,9.22,1,0
2026-08-08,68451707.0,Ginzo Health Post,Bagwai,Kano,12.12431108,8.077518554,BCG,95,11.82,1,0
2026-08-08,68451707.0,Ginzo Health Post,Bagwai,Kano,12.12431108,8.077518554,Penta,93,11.82,1,0
2026-08-08,68451707.0,Ginzo Health Post,Bagwai,Kano,12.12431108,8.077518554,Measles,436,11.82,1,0
2026-08-09,68451707.0,Ginzo Health Post,Bagwai,Kano,12.12431108,8.077518554,BCG,415,9.23,1,0
2026-08-09,68451707.0,Ginzo Health Post,Bagwai,Kano,12.12431108,8.077518554,Penta,405,9.23,1,0
2026-08-09,68451707.0,Ginzo Health Post,Bagwai,Kano,12.12431108,8.077518554,Measles,389,9.23,1,0
2026-08-11,68451707.0,Ginzo Health Post,Bagwai,Kano,12.12431108,8.077518554,BCG,372,7.75,1,0
2026-08-11,68451707.0,Ginzo Health Post,Bagwai,Kano,12.12431108,8.077518554,Penta,362,7.75,1,0
2026-08-11,68451707.0,Ginzo Health Post,Bagwai,Kano,12.12431108,8.077518554,Measles,332,7.75,1,0
2026-08-20,68451707.0,Ginzo Health Post,Bagwai,Kano,12.12431108,8.077518554,BCG,331,20.91,1,0
2026-08-20,68451707.0,Ginzo Health Post,Bagwai,Kano,12.12431108,8.077518554,Penta,309,20.91,1,0
2026-08-20,68451707.0,Ginzo Health Post,Bagwai,Kano,12.12431108,8.077518554,Measles,279,20.91,1,0
2026-08-23,68451707.0,Ginzo Health Post,Bagwai,Kano,12.12431108,8.077518554,BCG,360,21.96,1,1
2026-08-23,68451707.0,Ginzo Health Post,Bagwai,Kano,12.12431108,8.077518554,Penta,270,21.96,1,0
2026-08-23,68451707.0,Ginzo Health Post,Bagwai,Kano,12.12431108,8.077518554,Measles,238,21.96,1,0
2026-08-24,68451707.0,Ginzo Health Post,Bagwai,Kano,12.12431108,8.077518554,BCG,316,19.7,1,0
2026-08-24,68451707.0,Ginzo Health Post,Bagwai,Kano,12.12431108,8.077518554,Penta,0,19.7,1,1
2026-08-24,68451707.0,Ginzo Health Post,Bagwai,Kano,12.12431108,8.077518554,Measles,0,19.7,1,1
2026-08-27,68451707.0,Ginzo Health Post,Bagwai,Kano,12.12431108,8.077518554,BCG,261,20.44,1,0
2026-08-27,68451707.0,Ginzo Health Post,Bagwai,Kano,12.12431108,8.077518554,Penta,0,20.44,1,1
2026-08-27,68451707.0,Ginzo Health Post,Bagwai,Kano,12.12431108,8.077518554,Measles,0,20.44,1,1
2026-08-01,70942169.0,Wak Primary Health Center,Bebeji,Kano,11.59194859,8.35778813,BCG,225,2.0,1,0
2026-08-01,70942169.0,Wak Primary Health Center,Bebeji,Kano,11.59194859,8.35778813,Penta,220,2.0,1,0
2026-08-01,70942169.0,Wak Primary Health Center,Bebeji,Kano,11.59194859,8.35778813,Measles,232,2.0,1,0
2026-08-02,70942169.0,Wak Primary Health Center,Bebeji,Kano,11.59194859,8.35778813,BCG,186,2.0,1,0
2026-08-02,70942169.0,Wak Primary Health Center,Bebeji,Kano,11.59194859,8.35778813,Penta,167,2.0,1,0
2026-08-02,70942169.0,Wak Primary Health Center,Bebeji,Kano,11.59194859,8.35778813,Measles,186,2.0,1,0
2026-08-08,70942169.0,Wak Primary Health Center,Bebeji,Kano,11.59194859,8.35778813,BCG,146,16.25,1,0
2026-08-08,70942169.0,Wak Primary Health Center,Bebeji,Kano,11.59194859,8.35778813,Penta,118,16.25,1,0
2026-08-08,70942169.0,Wak Primary Health Center,Bebeji,Kano,11.59194859,8.35778813,Measles,141,16.25,1,0
2026-08-14,70942169.0,Wak Primary Health Center,Bebeji,Kano,11.59194859,8.35778813,BCG,0,20.81,1,1
2026-08-14,70942169.0,Wak Primary Health Center,Bebeji,Kano,11.59194859,8.35778813,Penta,0,20.81,1,1
2026-08-14,70942169.0,Wak Primary Health Center,Bebeji,Kano,11.59194859,8.35778813,Measles,97,20.81,1,0
2026-08-18,70942169.0,Wak Primary Health Center,Bebeji,Kano,11.59194859,8.35778813,BCG,360,22.12,1,1
2026-08-18,70942169.0,Wak Primary Health Center,Bebeji,Kano,11.59194859,8.35778813,Penta,360,22.12,1,1
2026-08-18,70942169.0,Wak Primary Health Center,Bebeji,Kano,11.59194859,8.35778813,Measles,54,22.12,1,0
2026-08-22,70942169.0,Wak Primary Health Center,Bebeji,Kano,11.59194859,8.35778813,BCG,316,21.35,1,0
2026-08-22,70942169.0,Wak Primary Health Center,Bebeji,Kano,11.59194859,8.35778813,Penta,318,21.35,1,0
2026-08-22,70942169.0,Wak Primary Health Center,Bebeji,Kano,11.59194859,8.35778813,Measles,374,21.35,1,0
2026-08-25,70942169.0,Wak Primary Health Center,Bebeji,Kano,11.59194859,8.35778813,BCG,267,21.2,1,0
2026-08-25,70942169.0,Wak Primary Health Center,Bebeji,Kano,11.59194859,8.35778813,Penta,272,21.2,1,0
2026-08-25,70942169.0,Wak Primary Health Center,Bebeji,Kano,11.59194859,8.35778813,Measles,0,21.2,1,1
2026-08-27,70942169.0,Wak Primary Health Center,Bebeji,Kano,11.59194859,8.35778813,BCG,0,19.76,1,1
2026-08-27,70942169.0,Wak Primary Health Center,Bebeji,Kano,11.59194859,8.35778813,Penta,230,19.76,1,0
2026-08-27,70942169.0,Wak Primary Health Center,Bebeji,Kano,11.59194859,8.35778813,Measles,360,19.76,1,1
2026-08-01,28559539.0,Nassarawar Kuki Health Post,Bebeji,Kano,11.409326,8.314452,BCG,223,2.0,1,0
2026-08-01,28559539.0,Nassarawar Kuki Health Post,Bebeji,Kano,11.409326,8.314452,Penta,226,2.0,1,0
2026-08-01,28559539.0,Nassarawar Kuki Health Post,Bebeji,Kano,11.409326,8.314452,Measles,224,2.0,1,0
2026-08-02,28559539.0,Nassarawar Kuki Health Post,Bebeji,Kano,11.409326,8.314452,BCG,181,2.0,1,0
2026-08-02,28559539.0,Nassarawar Kuki Health Post,Bebeji,Kano,11.409326,8.314452,Penta,179,2.0,1,0
2026-08-02,28559539.0,Nassarawar Kuki Health Post,Bebeji,Kano,11.409326,8.314452,Measles,176,2.0,1,0
2026-08-05,28559539.0,Nassarawar Kuki Health Post,Bebeji,Kano,11.409326,8.314452,BCG,123,3.99,1,0
2026-08-05,28559539.0,Nassarawar Kuki Health Post,Bebeji,Kano,11.409326,8.314452,Penta,140,3.99,1,0
2026-08-05,28559539.0,Nassarawar Kuki Health Post,Bebeji,Kano,11.409326,8.314452,Measles,136,3.99,1,0
2026-08-07,28559539.0,Nassarawar Kuki Health Post,Bebeji,Kano,11.409326,8.314452,BCG,63,3.82,1,0
2026-08-07,28559539.0,Nassarawar Kuki Health Post,Bebeji,Kano,11.409326,8.314452,Penta,92,3.82,1,0
2026-08-07,28559539.0,Nassarawar Kuki Health Post,Bebeji,Kano,11.409326,8.314452,Measles,98,3.82,1,0
2026-08-08,28559539.0,Nassarawar Kuki Health Post,Bebeji,Kano,11.409326,8.314452,BCG,379,2.0,1,0
2026-08-08,28559539.0,Nassarawar Kuki Health Post,Bebeji,Kano,11.409326,8.314452,Penta,50,2.0,1,0
2026-08-08,28559539.0,Nassarawar Kuki Health Post,Bebeji,Kano,11.409326,8.314452,Measles,54,2.0,1,0
2026-08-13,28559539.0,Nassarawar Kuki Health Post,Bebeji,Kano,11.409326,8.314452,BCG,339,11.26,1,0
2026-08-13,28559539.0,Nassarawar Kuki Health Post,Bebeji,Kano,11.409326,8.314452,Penta,7,11.26,1,0
2026-08-13,28559539.0,Nassarawar Kuki Health Post,Bebeji,Kano,11.409326,8.314452,Measles,8,11.26,1,0
2026-08-18,28559539.0,Nassarawar Kuki Health Post,Bebeji,Kano,11.409326,8.314452,BCG,0,19.44,1,1
2026-08-18,28559539.0,Nassarawar Kuki Health Post,Bebeji,Kano,11.409326,8.314452,Penta,0,19.44,1,1
2026-08-18,28559539.0,Nassarawar Kuki Health Post,Bebeji,Kano,11.409326,8.314452,Measles,0,19.44,1,1
2026-08-25,28559539.0,Nassarawar Kuki Health Post,Bebeji,Kano,11.409326,8.314452,BCG,0,21.05,1,1
2026-08-25,28559539.0,Nassarawar Kuki Health Post,Bebeji,Kano,11.409326,8.314452,Penta,0,21.05,1,1
2026-08-25,28559539.0,Nassarawar Kuki Health Post,Bebeji,Kano,11.409326,8.314452,Measles,0,21.05,1,1
2026-08-26,28559539.0,Nassarawar Kuki Health Post,Bebeji,Kano,11.409326,8.314452,BCG,0,17.71,1,1
2026-08-26,28559539.0,Nassarawar Kuki Health Post,Bebeji,Kano,11.409326,8.314452,Penta,0,17.71,1,1
2026-08-26,28559539.0,Nassarawar Kuki Health Post,Bebeji,Kano,11.409326,8.314452,Measles,0,17.71,1,1
2026-08-29,28559539.0,Nassarawar Kuki Health Post,Bebeji,Kano,11.409326,8.314452,BCG,0,18.36,1,1
2026-08-29,28559539.0,Nassarawar Kuki Health Post,Bebeji,Kano,11.409326,8.314452,Penta,360,18.36,1,1
2026-08-29,28559539.0,Nassarawar Kuki Health Post,Bebeji,Kano,11.409326,8.314452,Measles,0,18.36,1,1
2026-08-01,33768529.0,Malikawar Sarari Health Post,Bichi,Kano,12.380523,8.147549,BCG,222,2.0,1,0
2026-08-01,33768529.0,Malikawar Sarari Health Post,Bichi,Kano,12.380523,8.147549,Penta,226,2.0,1,0
2026-08-01,33768529.0,Malikawar Sarari Health Post,Bichi,Kano,12.380523,8.147549,Measles,222,2.0,1,0
2026-08-02,33768529.0,Malikawar Sarari Health Post,Bichi,Kano,12.380523,8.147549,BCG,171,2.0,1,0
2026-08-02,33768529.0,Malikawar Sarari Health Post,Bichi,Kano,12.380523,8.147549,Penta,176,2.0,1,0
2026-08-02,33768529.0,Malikawar Sarari Health Post,Bichi,Kano,12.380523,8.147549,Measles,170,2.0,1,0
2026-08-10,33768529.0,Malikawar Sarari Health Post,Bichi,Kano,12.380523,8.147549,BCG,0,20.99,1,1
2026-08-10,33768529.0,Malikawar Sarari Health Post,Bichi,Kano,12.380523,8.147549,Penta,130,20.99,1,0
2026-08-10,33768529.0,Malikawar Sarari Health Post,Bichi,Kano,12.380523,8.147549,Measles,117,20.99,1,0
2026-08-11,33768529.0,Malikawar Sarari Health Post,Bichi,Kano,12.380523,8.147549,BCG,0,19.01,1,1
2026-08-11,33768529.0,Malikawar Sarari Health Post,Bichi,Kano,12.380523,8.147549,Penta,91,19.01,1,0
2026-08-11,33768529.0,Malikawar Sarari Health Post,Bichi,Kano,12.380523,8.147549,Measles,71,19.01,1,0
2026-08-14,33768529.0,Malikawar Sarari Health Post,Bichi,Kano,12.380523,8.147549,BCG,0,21.11,1,1
2026-08-14,33768529.0,Malikawar Sarari Health Post,Bichi,Kano,12.380523,8.147549,Penta,0,21.11,1,1
2026-08-14,33768529.0,Malikawar Sarari Health Post,Bichi,Kano,12.380523,8.147549,Measles,34,21.11,1,0
2026-08-15,33768529.0,Malikawar Sarari Health Post,Bichi,Kano,12.380523,8.147549,BCG,0,18.49,1,1
2026-08-15,33768529.0,Malikawar Sarari Health Post,Bichi,Kano,12.380523,8.147549,Penta,0,18.49,1,1
2026-08-15,33768529.0,Malikawar Sarari Health Post,Bichi,Kano,12.380523,8.147549,Measles,5,18.49,1,0
2026-08-16,33768529.0,Malikawar Sarari Health Post,Bichi,Kano,12.380523,8.147549,BCG,360,15.79,1,1
2026-08-16,33768529.0,Malikawar Sarari Health Post,Bichi,Kano,12.380523,8.147549,Penta,0,15.79,1,1
2026-08-16,33768529.0,Malikawar Sarari Health Post,Bichi,Kano,12.380523,8.147549,Measles,360,15.79,1,1
2026-08-17,33768529.0,Malikawar Sarari Health Post,Bichi,Kano,12.380523,8.147549,BCG,0,12.74,1,1
2026-08-17,33768529.0,Malikawar Sarari Health Post,Bichi,Kano,12.380523,8.147549,Penta,0,12.74,1,1
2026-08-17,33768529.0,Malikawar Sarari Health Post,Bichi,Kano,12.380523,8.147549,Measles,328,12.74,1,0
2026-08-18,33768529.0,Malikawar Sarari Health Post,Bichi,Kano,12.380523,8.147549,BCG,0,10.63,1,1
2026-08-18,33768529.0,Malikawar Sarari Health Post,Bichi,Kano,12.380523,8.147549,Penta,0,10.63,1,1
2026-08-18,33768529.0,Malikawar Sarari Health Post,Bichi,Kano,12.380523,8.147549,Measles,290,10.63,1,0
2026-08-20,33768529.0,Malikawar Sarari Health Post,Bichi,Kano,12.380523,8.147549,BCG,0,13.53,1,1
2026-08-20,33768529.0,Malikawar Sarari Health Post,Bichi,Kano,12.380523,8.147549,Penta,0,13.53,1,1
2026-08-20,33768529.0,Malikawar Sarari Health Post,Bichi,Kano,12.380523,8.147549,Measles,242,13.53,1,0
2026-08-21,33768529.0,Malikawar Sarari Health Post,Bichi,Kano,12.380523,8.147549,BCG,360,9.76,1,1
2026-08-21,33768529.0,Malikawar Sarari Health Post,Bichi,Kano,12.380523,8.147549,Penta,0,9.76,1,1
2026-08-21,33768529.0,Malikawar Sarari Health Post,Bichi,Kano,12.380523,8.147549,Measles,196,9.76,1,0
2026-08-26,33768529.0,Malikawar Sarari Health Post,Bichi,Kano,12.380523,8.147549,BCG,315,22.04,1,0
2026-08-26,33768529.0,Malikawar Sarari Health Post,Bichi,Kano,12.380523,8.147549,Penta,360,22.04,1,1
2026-08-26,33768529.0,Malikawar Sarari Health Post,Bichi,Kano,12.380523,8.147549,Measles,151,22.04,1,0
2026-08-27,33768529.0,Malikawar Sarari Health Post,Bichi,Kano,12.380523,8.147549,BCG,0,19.26,1,1
2026-08-27,33768529.0,Malikawar Sarari Health Post,Bichi,Kano,12.380523,8.147549,Penta,315,19.26,1,0
2026-08-27,33768529.0,Malikawar Sarari Health Post,Bichi,Kano,12.380523,8.147549,Measles,0,19.26,1,1
2026-08-29,33768529.0,Malikawar Sarari Health Post,Bichi,Kano,12.380523,8.147549,BCG,0,18.2,1,1
2026-08-29,33768529.0,Malikawar Sarari Health Post,Bichi,Kano,12.380523,8.147549,Penta,274,18.2,1,0
2026-08-29,33768529.0,Malikawar Sarari Health Post,Bichi,Kano,12.380523,8.147549,Measles,360,18.2,1,1
2026-08-01,,Fagolo Health Post,Bichi,Kano,12.300918,8.443265,BCG,231,2.0,1,0
2026-08-01,,Fagolo Health Post,Bichi,Kano,12.300918,8.443265,Penta,230,2.0,1,0
2026-08-01,,Fagolo Health Post,Bichi,Kano,12.300918,8.443265,Measles,235,2.0,1,0
2026-08-03,,Fagolo Health Post,Bichi,Kano,12.300918,8.443265,BCG,178,2.01,1,0
2026-08-03,,Fagolo Health Post,Bichi,Kano,12.300918,8.443265,Penta,188,2.01,1,0
2026-08-03,,Fagolo Health Post,Bichi,Kano,12.300918,8.443265,Measles,178,2.01,1,0
2026-08-04,,Fagolo Health Post,Bichi,Kano,12.300918,8.443265,BCG,139,2.0,1,0
2026-08-04,,Fagolo Health Post,Bichi,Kano,12.300918,8.443265,Penta,135,2.0,1,0
2026-08-04,,Fagolo Health Post,Bichi,Kano,12.300918,8.443265,Measles,130,2.0,1,0
2026-08-11,,Fagolo Health Post,Bichi,Kano,12.300918,8.443265,BCG,109,20.62,1,0
2026-08-11,,Fagolo Health Post,Bichi,Kano,12.300918,8.443265,Penta,101,20.62,1,0
2026-08-11,,Fagolo Health Post,Bichi,Kano,12.300918,8.443265,Measles,83,20.62,1,0
2026-08-13,,Fagolo Health Post,Bichi,Kano,12.300918,8.443265,BCG,434,21.13,1,0
2026-08-13,,Fagolo Health Post,Bichi,Kano,12.300918,8.443265,Penta,54,21.13,1,0
2026-08-13,,Fagolo Health Post,Bichi,Kano,12.300918,8.443265,Measles,43,21.13,1,0
2026-08-17,,Fagolo Health Post,Bichi,Kano,12.300918,8.443265,BCG,388,20.58,1,0
2026-08-17,,Fagolo Health Post,Bichi,Kano,12.300918,8.443265,Penta,369,20.58,1,0
2026-08-17,,Fagolo Health Post,Bichi,Kano,12.300918,8.443265,Measles,0,20.58,1,1
2026-08-19,,Fagolo Health Post,Bichi,Kano,12.300918,8.443265,BCG,0,22.84,1,1
2026-08-19,,Fagolo Health Post,Bichi,Kano,12.300918,8.443265,Penta,314,22.84,1,0
2026-08-19,,Fagolo Health Post,Bichi,Kano,12.300918,8.443265,Measles,360,22.84,1,1
2026-08-20,,Fagolo Health Post,Bichi,Kano,12.300918,8.443265,BCG,0,19.66,1,1
2026-08-20,,Fagolo Health Post,Bichi,Kano,12.300918,8.443265,Penta,263,19.66,1,0
2026-08-20,,Fagolo Health Post,Bichi,Kano,12.300918,8.443265,Measles,316,19.66,1,0
2026-08-22,,Fagolo Health Post,Bichi,Kano,12.300918,8.443265,BCG,0,18.91,1,1
2026-08-22,,Fagolo Health Post,Bichi,Kano,12.300918,8.443265,Penta,0,18.91,1,1
2026-08-22,,Fagolo Health Post,Bichi,Kano,12.300918,8.443265,Measles,269,18.91,1,0
2026-08-26,,Fagolo Health Post,Bichi,Kano,12.300918,8.443265,BCG,0,21.05,1,1
2026-08-26,,Fagolo Health Post,Bichi,Kano,12.300918,8.443265,Penta,0,21.05,1,1
2026-08-26,,Fagolo Health Post,Bichi,Kano,12.300918,8.443265,Measles,235,21.05,1,0
2026-08-27,,Fagolo Health Post,Bichi,Kano,12.300918,8.443265,BCG,0,18.61,1,1
2026-08-27,,Fagolo Health Post,Bichi,Kano,12.300918,8.443265,Penta,0,18.61,1,1
2026-08-27,,Fagolo Health Post,Bichi,Kano,12.300918,8.443265,Measles,0,18.61,1,1
2026-08-01,,Jigawar Fulani Health Post,Bunkure,Kano,11.67918831,8.717330854,BCG,224,2.27,1,0
2026-08-01,,Jigawar Fulani Health Post,Bunkure,Kano,11.67918831,8.717330854,Penta,229,2.27,1,0
2026-08-01,,Jigawar Fulani Health Post,Bunkure,Kano,11.67918831,8.717330854,Measles,223,2.27,1,0
2026-08-10,,Jigawar Fulani Health Post,Bunkure,Kano,11.67918831,8.717330854,BCG,168,21.48,1,0
2026-08-10,,Jigawar Fulani Health Post,Bunkure,Kano,11.67918831,8.717330854,Penta,0,21.48,1,1
2026-08-10,,Jigawar Fulani Health Post,Bunkure,Kano,11.67918831,8.717330854,Measles,182,21.48,1,0
2026-08-12,,Jigawar Fulani Health Post,Bunkure,Kano,11.67918831,8.717330854,BCG,120,20.9,1,0
2026-08-12,,Jigawar Fulani Health Post,Bunkure,Kano,11.67918831,8.717330854,Penta,0,20.9,1,1
2026-08-12,,Jigawar Fulani Health Post,Bunkure,Kano,11.67918831,8.717330854,Measles,138,20.9,1,0
2026-08-18,,Jigawar Fulani Health Post,Bunkure,Kano,11.67918831,8.717330854,BCG,78,20.47,1,0
2026-08-18,,Jigawar Fulani Health Post,Bunkure,Kano,11.67918831,8.717330854,Penta,0,20.47,1,1
2026-08-18,,Jigawar Fulani Health Post,Bunkure,Kano,11.67918831,8.717330854,Measles,90,20.47,1,0
2026-08-20,,Jigawar Fulani Health Post,Bunkure,Kano,11.67918831,8.717330854,BCG,0,21.29,1,1
2026-08-20,,Jigawar Fulani Health Post,Bunkure,Kano,11.67918831,8.717330854,Penta,360,21.29,1,1
2026-08-20,,Jigawar Fulani Health Post,Bunkure,Kano,11.67918831,8.717330854,Measles,47,21.29,1,0
2026-08-21,,Jigawar Fulani Health Post,Bunkure,Kano,11.67918831,8.717330854,BCG,0,17.71,1,1
2026-08-21,,Jigawar Fulani Health Post,Bunkure,Kano,11.67918831,8.717330854,Penta,312,17.71,1,0
2026-08-21,,Jigawar Fulani Health Post,Bunkure,Kano,11.67918831,8.717330854,Measles,360,17.71,1,1
2026-08-26,,Jigawar Fulani Health Post,Bunkure,Kano,11.67918831,8.717330854,BCG,0,21.47,1,1
2026-08-26,,Jigawar Fulani Health Post,Bunkure,Kano,11.67918831,8.717330854,Penta,271,21.47,1,0
2026-08-26,,Jigawar Fulani Health Post,Bunkure,Kano,11.67918831,8.717330854,Measles,0,21.47,1,1
2026-08-27,,Jigawar Fulani Health Post,Bunkure,Kano,11.67918831,8.717330854,BCG,360,18.65,1,1
2026-08-27,,Jigawar Fulani Health Post,Bunkure,Kano,11.67918831,8.717330854,Penta,235,18.65,1,0
2026-08-27,,Jigawar Fulani Health Post,Bunkure,Kano,11.67918831,8.717330854,Measles,0,18.65,1,1
2026-08-29,,Jigawar Fulani Health Post,Bunkure,Kano,11.67918831,8.717330854,BCG,321,20.18,1,0
2026-08-29,,Jigawar Fulani Health Post,Bunkure,Kano,11.67918831,8.717330854,Penta,185,20.18,1,0
2026-08-29,,Jigawar Fulani Health Post,Bunkure,Kano,11.67918831,8.717330854,Measles,0,20.18,1,1
2026-08-02,38945199.0,Danbala Health Clinic,Bunkure,Kano,11.68954,8.42337,BCG,221,4.79,1,0
2026-08-02,38945199.0,Danbala Health Clinic,Bunkure,Kano,11.68954,8.42337,Penta,233,4.79,1,0
2026-08-02,38945199.0,Danbala Health Clinic,Bunkure,Kano,11.68954,8.42337,Measles,221,4.79,1,0
2026-08-03,38945199.0,Danbala Health Clinic,Bunkure,Kano,11.68954,8.42337,BCG,179,2.46,1,0
2026-08-03,38945199.0,Danbala Health Clinic,Bunkure,Kano,11.68954,8.42337,Penta,183,2.46,1,0
2026-08-03,38945199.0,Danbala Health Clinic,Bunkure,Kano,11.68954,8.42337,Measles,163,2.46,1,0
2026-08-04,38945199.0,Danbala Health Clinic,Bunkure,Kano,11.68954,8.42337,BCG,136,2.0,1,0
2026-08-04,38945199.0,Danbala Health Clinic,Bunkure,Kano,11.68954,8.42337,Penta,134,2.0,1,0
2026-08-04,38945199.0,Danbala Health Clinic,Bunkure,Kano,11.68954,8.42337,Measles,124,2.0,1,0
2026-08-05,38945199.0,Danbala Health Clinic,Bunkure,Kano,11.68954,8.42337,BCG,87,2.0,1,0
2026-08-05,38945199.0,Danbala Health Clinic,Bunkure,Kano,11.68954,8.42337,Penta,91,2.0,1,0
2026-08-05,38945199.0,Danbala Health Clinic,Bunkure,Kano,11.68954,8.42337,Measles,76,2.0,1,0
2026-08-06,38945199.0,Danbala Health Clinic,Bunkure,Kano,11.68954,8.42337,BCG,46,2.0,1,0
2026-08-06,38945199.0,Danbala Health Clinic,Bunkure,Kano,11.68954,8.42337,Penta,50,2.0,1,0
2026-08-06,38945199.0,Danbala Health Clinic,Bunkure,Kano,11.68954,8.42337,Measles,28,2.0,1,0
2026-08-15,38945199.0,Danbala Health Clinic,Bunkure,Kano,11.68954,8.42337,BCG,0,21.51,1,1
2026-08-15,38945199.0,Danbala Health Clinic,Bunkure,Kano,11.68954,8.42337,Penta,6,21.51,1,0
2026-08-15,38945199.0,Danbala Health Clinic,Bunkure,Kano,11.68954,8.42337,Measles,0,21.51,1,1
2026-08-16,38945199.0,Danbala Health Clinic,Bunkure,Kano,11.68954,8.42337,BCG,0,18.23,1,1
2026-08-16,38945199.0,Danbala Health Clinic,Bunkure,Kano,11.68954,8.42337,Penta,0,18.23,1,1
2026-08-16,38945199.0,Danbala Health Clinic,Bunkure,Kano,11.68954,8.42337,Measles,0,18.23,1,1
2026-08-18,38945199.0,Danbala Health Clinic,Bunkure,Kano,11.68954,8.42337,BCG,360,19.83,1,1
2026-08-18,38945199.0,Danbala Health Clinic,Bunkure,Kano,11.68954,8.42337,Penta,0,19.83,1,1
2026-08-18,38945199.0,Danbala Health Clinic,Bunkure,Kano,11.68954,8.42337,Measles,0,19.83,1,1
2026-08-19,38945199.0,Danbala Health Clinic,Bunkure,Kano,11.68954,8.42337,BCG,319,16.09,1,0
2026-08-19,38945199.0,Danbala Health Clinic,Bunkure,Kano,11.68954,8.42337,Penta,0,16.09,1,1
2026-08-19,38945199.0,Danbala Health Clinic,Bunkure,Kano,11.68954,8.42337,Measles,0,16.09,1,1
2026-08-28,38945199.0,Danbala Health Clinic,Bunkure,Kano,11.68954,8.42337,BCG,267,20.5,1,0
2026-08-28,38945199.0,Danbala Health Clinic,Bunkure,Kano,11.68954,8.42337,Penta,0,20.5,1,1
2026-08-28,38945199.0,Danbala Health Clinic,Bunkure,Kano,11.68954,8.42337,Measles,0,20.5,1,1
2026-08-04,62174985.0,Daurawa Health Clinic,Dala,Kano,12.0090136,8.5143982,BCG,233,11.5,1,0
2026-08-04,62174985.0,Daurawa Health Clinic,Dala,Kano,12.0090136,8.5143982,Penta,227,11.5,1,0
2026-08-04,62174985.0,Daurawa Health Clinic,Dala,Kano,12.0090136,8.5143982,Measles,230,11.5,1,0
2026-08-06,62174985.0,Daurawa Health Clinic,Dala,Kano,12.0090136,8.5143982,BCG,192,10.36,1,0
2026-08-06,62174985.0,Daurawa Health Clinic,Dala,Kano,12.0090136,8.5143982,Penta,181,10.36,1,0
2026-08-06,62174985.0,Daurawa Health Clinic,Dala,Kano,12.0090136,8.5143982,Measles,181,10.36,1,0
2026-08-12,62174985.0,Daurawa Health Clinic,Dala,Kano,12.0090136,8.5143982,BCG,360,21.41,1,1
2026-08-12,62174985.0,Daurawa Health Clinic,Dala,Kano,12.0090136,8.5143982,Penta,122,21.41,1,0
2026-08-12,62174985.0,Daurawa Health Clinic,Dala,Kano,12.0090136,8.5143982,Measles,124,21.41,1,0
2026-08-16,62174985.0,Daurawa Health Clinic,Dala,Kano,12.0090136,8.5143982,BCG,312,21.08,1,0
2026-08-16,62174985.0,Daurawa Health Clinic,Dala,Kano,12.0090136,8.5143982,Penta,0,21.08,1,1
2026-08-16,62174985.0,Daurawa Health Clinic,Dala,Kano,12.0090136,8.5143982,Measles,89,21.08,1,0
2026-08-17,62174985.0,Daurawa Health Clinic,Dala,Kano,12.0090136,8.5143982,BCG,253,17.94,1,0
2026-08-17,62174985.0,Daurawa Health Clinic,Dala,Kano,12.0090136,8.5143982,Penta,0,17.94,1,1
2026-08-17,62174985.0,Daurawa Health Clinic,Dala,Kano,12.0090136,8.5143982,Measles,45,17.94,1,0
2026-08-18,62174985.0,Daurawa Health Clinic,Dala,Kano,12.0090136,8.5143982,BCG,0,15.0,1,1
2026-08-18,62174985.0,Daurawa Health Clinic,Dala,Kano,12.0090136,8.5143982,Penta,0,15.0,1,1
2026-08-18,62174985.0,Daurawa Health Clinic,Dala,Kano,12.0090136,8.5143982,Measles,4,15.0,1,0
2026-08-29,62174985.0,Daurawa Health Clinic,Dala,Kano,12.0090136,8.5143982,BCG,0,21.01,1,1
2026-08-29,62174985.0,Daurawa Health Clinic,Dala,Kano,12.0090136,8.5143982,Penta,0,21.01,1,1
2026-08-29,62174985.0,Daurawa Health Clinic,Dala,Kano,12.0090136,8.5143982,Measles,360,21.01,1,1
2026-08-30,62174985.0,Daurawa Health Clinic,Dala,Kano,12.0090136,8.5143982,BCG,0,19.18,1,1
2026-08-30,62174985.0,Daurawa Health Clinic,Dala,Kano,12.0090136,8.5143982,Penta,0,19.18,1,1
2026-08-30,62174985.0,Daurawa Health Clinic,Dala,Kano,12.0090136,8.5143982,Measles,323,19.18,1,0
2026-08-03,80941370.0,Lawan Danbazau Primary Health Clinic,Dala,Kano,12.00622,8.51001,BCG,212,8.92,1,0
2026-08-03,80941370.0,Lawan Danbazau Primary Health Clinic,Dala,Kano,12.00622,8.51001,Penta,225,8.92,1,0
2026-08-03,80941370.0,Lawan Danbazau Primary Health Clinic,Dala,Kano,12.00622,8.51001,Measles,221,8.92,1,0
2026-08-04,80941370.0,Lawan Danbazau Primary Health Clinic,Dala,Kano,12.00622,8.51001,BCG,171,7.0,1,0
2026-08-04,80941370.0,Lawan Danbazau Primary Health Clinic,Dala,Kano,12.00622,8.51001,Penta,184,7.0,1,0
2026-08-04,80941370.0,Lawan Danbazau Primary Health Clinic,Dala,Kano,12.00622,8.51001,Measles,181,7.0,1,0
2026-08-05,80941370.0,Lawan Danbazau Primary Health Clinic,Dala,Kano,12.00622,8.51001,BCG,116,4.09,1,0
2026-08-05,80941370.0,Lawan Danbazau Primary Health Clinic,Dala,Kano,12.00622,8.51001,Penta,139,4.09,1,0
2026-08-05,80941370.0,Lawan Danbazau Primary Health Clinic,Dala,Kano,12.00622,8.51001,Measles,134,4.09,1,0
2026-08-08,80941370.0,Lawan Danbazau Primary Health Clinic,Dala,Kano,12.00622,8.51001,BCG,72,8.56,1,0
2026-08-08,80941370.0,Lawan Danbazau Primary Health Clinic,Dala,Kano,12.00622,8.51001,Penta,102,8.56,1,0
2026-08-08,80941370.0,Lawan Danbazau Primary Health Clinic,Dala,Kano,12.00622,8.51001,Measles,88,8.56,1,0
2026-08-09,80941370.0,Lawan Danbazau Primary Health Clinic,Dala,Kano,12.00622,8.51001,BCG,390,5.74,1,0
2026-08-09,80941370.0,Lawan Danbazau Primary Health Clinic,Dala,Kano,12.00622,8.51001,Penta,67,5.74,1,0
2026-08-09,80941370.0,Lawan Danbazau Primary Health Clinic,Dala,Kano,12.00622,8.51001,Measles,48,5.74,1,0
2026-08-11,80941370.0,Lawan Danbazau Primary Health Clinic,Dala,Kano,12.00622,8.51001,BCG,345,5.9,1,0
2026-08-11,80941370.0,Lawan Danbazau Primary Health Clinic,Dala,Kano,12.00622,8.51001,Penta,22,5.9,1,0
2026-08-11,80941370.0,Lawan Danbazau Primary Health Clinic,Dala,Kano,12.00622,8.51001,Measles,0,5.9,1,1
2026-08-13,80941370.0,Lawan Danbazau Primary Health Clinic,Dala,Kano,12.00622,8.51001,BCG,294,5.33,1,0
2026-08-13,80941370.0,Lawan Danbazau Primary Health Clinic,Dala,Kano,12.00622,8.51001,Penta,360,5.33,1,1
2026-08-13,80941370.0,Lawan Danbazau Primary Health Clinic,Dala,Kano,12.00622,8.51001,Measles,0,5.33,1,1
2026-08-14,80941370.0,Lawan Danbazau Primary Health Clinic,Dala,Kano,12.00622,8.51001,BCG,242,3.07,1,0
2026-08-14,80941370.0,Lawan Danbazau Primary Health Clinic,Dala,Kano,12.00622,8.51001,Penta,316,3.07,1,0
2026-08-14,80941370.0,Lawan Danbazau Primary Health Clinic,Dala,Kano,12.00622,8.51001,Measles,0,3.07,1,1
2026-08-18,80941370.0,Lawan Danbazau Primary Health Clinic,Dala,Kano,12.00622,8.51001,BCG,0,14.7,1,1
2026-08-18,80941370.0,Lawan Danbazau Primary Health Clinic,Dala,Kano,12.00622,8.51001,Penta,271,14.7,1,0
2026-08-18,80941370.0,Lawan Danbazau Primary Health Clinic,Dala,Kano,12.00622,8.51001,Measles,0,14.7,1,1
2026-08-19,80941370.0,Lawan Danbazau Primary Health Clinic,Dala,Kano,12.00622,8.51001,BCG,0,11.82,1,1
2026-08-19,80941370.0,Lawan Danbazau Primary Health Clinic,Dala,Kano,12.00622,8.51001,Penta,227,11.82,1,0
2026-08-19,80941370.0,Lawan Danbazau Primary Health Clinic,Dala,Kano,12.00622,8.51001,Measles,0,11.82,1,1
2026-08-23,80941370.0,Lawan Danbazau Primary Health Clinic,Dala,Kano,12.00622,8.51001,BCG,0,16.57,1,1
2026-08-23,80941370.0,Lawan Danbazau Primary Health Clinic,Dala,Kano,12.00622,8.51001,Penta,189,16.57,1,0
2026-08-23,80941370.0,Lawan Danbazau Primary Health Clinic,Dala,Kano,12.00622,8.51001,Measles,0,16.57,1,1
2026-08-25,80941370.0,Lawan Danbazau Primary Health Clinic,Dala,Kano,12.00622,8.51001,BCG,0,16.81,1,1
2026-08-25,80941370.0,Lawan Danbazau Primary Health Clinic,Dala,Kano,12.00622,8.51001,Penta,142,16.81,1,0
2026-08-25,80941370.0,Lawan Danbazau Primary Health Clinic,Dala,Kano,12.00622,8.51001,Measles,0,16.81,1,1
2026-08-03,58251816.0,Kore Primary Health Center,Danbatta,Kano,12.357899,8.749188,BCG,225,9.82,1,0
2026-08-03,58251816.0,Kore Primary Health Center,Danbatta,Kano,12.357899,8.749188,Penta,232,9.82,1,0
2026-08-03,58251816.0,Kore Primary Health Center,Danbatta,Kano,12.357899,8.749188,Measles,227,9.82,1,0
2026-08-08,58251816.0,Kore Primary Health Center,Danbatta,Kano,12.357899,8.749188,BCG,194,19.95,1,0
2026-08-08,58251816.0,Kore Primary Health Center,Danbatta,Kano,12.357899,8.749188,Penta,195,19.95,1,0
2026-08-08,58251816.0,Kore Primary Health Center,Danbatta,Kano,12.357899,8.749188,Measles,181,19.95,1,0
2026-08-10,58251816.0,Kore Primary Health Center,Danbatta,Kano,12.357899,8.749188,BCG,144,21.03,1,0
2026-08-10,58251816.0,Kore Primary Health Center,Danbatta,Kano,12.357899,8.749188,Penta,162,21.03,1,0
2026-08-10,58251816.0,Kore Primary Health Center,Danbatta,Kano,12.357899,8.749188,Measles,0,21.03,1,1
2026-08-12,58251816.0,Kore Primary Health Center,Danbatta,Kano,12.357899,8.749188,BCG,96,20.86,1,0
2026-08-12,58251816.0,Kore Primary Health Center,Danbatta,Kano,12.357899,8.749188,Penta,0,20.86,1,1
2026-08-12,58251816.0,Kore Primary Health Center,Danbatta,Kano,12.357899,8.749188,Measles,360,20.86,1,1
2026-08-16,58251816.0,Kore Primary Health Center,Danbatta,Kano,12.357899,8.749188,BCG,0,21.04,1,1
2026-08-16,58251816.0,Kore Primary Health Center,Danbatta,Kano,12.357899,8.749188,Penta,0,21.04,1,1
2026-08-16,58251816.0,Kore Primary Health Center,Danbatta,Kano,12.357899,8.749188,Measles,0,21.04,1,1
2026-08-17,58251816.0,Kore Primary Health Center,Danbatta,Kano,12.357899,8.749188,BCG,0,18.35,1,1
2026-08-17,58251816.0,Kore Primary Health Center,Danbatta,Kano,12.357899,8.749188,Penta,0,18.35,1,1
2026-08-17,58251816.0,Kore Primary Health Center,Danbatta,Kano,12.357899,8.749188,Measles,360,18.35,1,1
2026-08-20,58251816.0,Kore Primary Health Center,Danbatta,Kano,12.357899,8.749188,BCG,0,20.95,1,1
2026-08-20,58251816.0,Kore Primary Health Center,Danbatta,Kano,12.357899,8.749188,Penta,0,20.95,1,1
2026-08-20,58251816.0,Kore Primary Health Center,Danbatta,Kano,12.357899,8.749188,Measles,319,20.95,1,0
2026-08-22,58251816.0,Kore Primary Health Center,Danbatta,Kano,12.357899,8.749188,BCG,0,21.47,1,1
2026-08-22,58251816.0,Kore Primary Health Center,Danbatta,Kano,12.357899,8.749188,Penta,0,21.47,1,1
2026-08-22,58251816.0,Kore Primary Health Center,Danbatta,Kano,12.357899,8.749188,Measles,270,21.47,1,0
2026-08-26,58251816.0,Kore Primary Health Center,Danbatta,Kano,12.357899,8.749188,BCG,0,22.04,1,1
2026-08-26,58251816.0,Kore Primary Health Center,Danbatta,Kano,12.357899,8.749188,Penta,0,22.04,1,1
2026-08-26,58251816.0,Kore Primary Health Center,Danbatta,Kano,12.357899,8.749188,Measles,218,22.04,1,0
2026-08-27,58251816.0,Kore Primary Health Center,Danbatta,Kano,12.357899,8.749188,BCG,0,19.11,1,1
2026-08-27,58251816.0,Kore Primary Health Center,Danbatta,Kano,12.357899,8.749188,Penta,0,19.11,1,1
2026-08-27,58251816.0,Kore Primary Health Center,Danbatta,Kano,12.357899,8.749188,Measles,168,19.11,1,0
2026-08-08,40347313.0,Yammawa Wanzamai Health Post,Danbatta,Kano,12.48822824,8.476077811,BCG,225,22.15,1,0
2026-08-08,40347313.0,Yammawa Wanzamai Health Post,Danbatta,Kano,12.48822824,8.476077811,Penta,234,22.15,1,0
2026-08-08,40347313.0,Yammawa Wanzamai Health Post,Danbatta,Kano,12.48822824,8.476077811,Measles,232,22.15,1,0
2026-08-09,40347313.0,Yammawa Wanzamai Health Post,Danbatta,Kano,12.48822824,8.476077811,BCG,176,18.66,1,0
2026-08-09,40347313.0,Yammawa Wanzamai Health Post,Danbatta,Kano,12.48822824,8.476077811,Penta,190,18.66,1,0
2026-08-09,40347313.0,Yammawa Wanzamai Health Post,Danbatta,Kano,12.48822824,8.476077811,Measles,189,18.66,1,0
2026-08-12,40347313.0,Yammawa Wanzamai Health Post,Danbatta,Kano,12.48822824,8.476077811,BCG,129,20.55,1,0
2026-08-12,40347313.0,Yammawa Wanzamai Health Post,Danbatta,Kano,12.48822824,8.476077811,Penta,0,20.55,1,1
2026-08-12,40347313.0,Yammawa Wanzamai Health Post,Danbatta,Kano,12.48822824,8.476077811,Measles,0,20.55,1,1
2026-08-14,40347313.0,Yammawa Wanzamai Health Post,Danbatta,Kano,12.48822824,8.476077811,BCG,72,21.66,1,0
2026-08-14,40347313.0,Yammawa Wanzamai Health Post,Danbatta,Kano,12.48822824,8.476077811,Penta,0,21.66,1,1
2026-08-14,40347313.0,Yammawa Wanzamai Health Post,Danbatta,Kano,12.48822824,8.476077811,Measles,0,21.66,1,1
2026-08-18,40347313.0,Yammawa Wanzamai Health Post,Danbatta,Kano,12.48822824,8.476077811,BCG,38,20.7,1,0
2026-08-18,40347313.0,Yammawa Wanzamai Health Post,Danbatta,Kano,12.48822824,8.476077811,Penta,0,20.7,1,1
2026-08-18,40347313.0,Yammawa Wanzamai Health Post,Danbatta,Kano,12.48822824,8.476077811,Measles,360,20.7,1,1
2026-08-26,40347313.0,Yammawa Wanzamai Health Post,Danbatta,Kano,12.48822824,8.476077811,BCG,0,21.86,1,1
2026-08-26,40347313.0,Yammawa Wanzamai Health Post,Danbatta,Kano,12.48822824,8.476077811,Penta,360,21.86,1,1
2026-08-26,40347313.0,Yammawa Wanzamai Health Post,Danbatta,Kano,12.48822824,8.476077811,Measles,330,21.86,1,0
2026-08-27,40347313.0,Yammawa Wanzamai Health Post,Danbatta,Kano,12.48822824,8.476077811,BCG,360,19.05,1,1
2026-08-27,40347313.0,Yammawa Wanzamai Health Post,Danbatta,Kano,12.48822824,8.476077811,Penta,314,19.05,1,0
2026-08-27,40347313.0,Yammawa Wanzamai Health Post,Danbatta,Kano,12.48822824,8.476077811,Measles,289,19.05,1,0
2026-08-01,35229302.0,Gada Health Post,Dawakin Kudu,Kano,11.84732263,8.530283841,BCG,231,2.0,1,0
2026-08-01,35229302.0,Gada Health Post,Dawakin Kudu,Kano,11.84732263,8.530283841,Penta,214,2.0,1,0
2026-08-01,35229302.0,Gada Health Post,Dawakin Kudu,Kano,11.84732263,8.530283841,Measles,221,2.0,1,0
2026-08-03,35229302.0,Gada Health Post,Dawakin Kudu,Kano,11.84732263,8.530283841,BCG,182,2.68,1,0
2026-08-03,35229302.0,Gada Health Post,Dawakin Kudu,Kano,11.84732263,8.530283841,Penta,164,2.68,1,0
2026-08-03,35229302.0,Gada Health Post,Dawakin Kudu,Kano,11.84732263,8.530283841,Measles,178,2.68,1,0
2026-08-04,35229302.0,Gada Health Post,Dawakin Kudu,Kano,11.84732263,8.530283841,BCG,145,2.0,1,0
2026-08-04,35229302.0,Gada Health Post,Dawakin Kudu,Kano,11.84732263,8.530283841,Penta,123,2.0,1,0
2026-08-04,35229302.0,Gada Health Post,Dawakin Kudu,Kano,11.84732263,8.530283841,Measles,132,2.0,1,0
2026-08-05,35229302.0,Gada Health Post,Dawakin Kudu,Kano,11.84732263,8.530283841,BCG,94,2.0,1,0
2026-08-05,35229302.0,Gada Health Post,Dawakin Kudu,Kano,11.84732263,8.530283841,Penta,79,2.0,1,0
2026-08-05,35229302.0,Gada Health Post,Dawakin Kudu,Kano,11.84732263,8.530283841,Measles,447,2.0,1,0
2026-08-09,35229302.0,Gada Health Post,Dawakin Kudu,Kano,11.84732263,8.530283841,BCG,49,11.33,1,0
2026-08-09,35229302.0,Gada Health Post,Dawakin Kudu,Kano,11.84732263,8.530283841,Penta,33,11.33,1,0
2026-08-09,35229302.0,Gada Health Post,Dawakin Kudu,Kano,11.84732263,8.530283841,Measles,400,11.33,1,0
2026-08-10,35229302.0,Gada Health Post,Dawakin Kudu,Kano,11.84732263,8.530283841,BCG,6,8.73,1,0
2026-08-10,35229302.0,Gada Health Post,Dawakin Kudu,Kano,11.84732263,8.530283841,Penta,0,8.73,1,1
2026-08-10,35229302.0,Gada Health Post,Dawakin Kudu,Kano,11.84732263,8.530283841,Measles,346,8.73,1,0
2026-08-17,35229302.0,Gada Health Post,Dawakin Kudu,Kano,11.84732263,8.530283841,BCG,0,21.28,1,1
2026-08-17,35229302.0,Gada Health Post,Dawakin Kudu,Kano,11.84732263,8.530283841,Penta,0,21.28,1,1
2026-08-17,35229302.0,Gada Health Post,Dawakin Kudu,Kano,11.84732263,8.530283841,Measles,290,21.28,1,0
2026-08-19,35229302.0,Gada Health Post,Dawakin Kudu,Kano,11.84732263,8.530283841,BCG,0,20.45,1,1
2026-08-19,35229302.0,Gada Health Post,Dawakin Kudu,Kano,11.84732263,8.530283841,Penta,0,20.45,1,1
2026-08-19,35229302.0,Gada Health Post,Dawakin Kudu,Kano,11.84732263,8.530283841,Measles,263,20.45,1,0
2026-08-21,35229302.0,Gada Health Post,Dawakin Kudu,Kano,11.84732263,8.530283841,BCG,0,20.58,1,1
2026-08-21,35229302.0,Gada Health Post,Dawakin Kudu,Kano,11.84732263,8.530283841,Penta,0,20.58,1,1
2026-08-21,35229302.0,Gada Health Post,Dawakin Kudu,Kano,11.84732263,8.530283841,Measles,215,20.58,1,0
2026-08-25,35229302.0,Gada Health Post,Dawakin Kudu,Kano,11.84732263,8.530283841,BCG,0,20.9,1,1
2026-08-25,35229302.0,Gada Health Post,Dawakin Kudu,Kano,11.84732263,8.530283841,Penta,360,20.9,1,1
2026-08-25,35229302.0,Gada Health Post,Dawakin Kudu,Kano,11.84732263,8.530283841,Measles,168,20.9,1,0
2026-08-26,35229302.0,Gada Health Post,Dawakin Kudu,Kano,11.84732263,8.530283841,BCG,0,18.75,1,1
2026-08-26,35229302.0,Gada Health Post,Dawakin Kudu,Kano,11.84732263,8.530283841,Penta,313,18.75,1,0
2026-08-26,35229302.0,Gada Health Post,Dawakin Kudu,Kano,11.84732263,8.530283841,Measles,0,18.75,1,1
2026-08-27,35229302.0,Gada Health Post,Dawakin Kudu,Kano,11.84732263,8.530283841,BCG,360,16.95,1,1
2026-08-27,35229302.0,Gada Health Post,Dawakin Kudu,Kano,11.84732263,8.530283841,Penta,268,16.95,1,0
2026-08-27,35229302.0,Gada Health Post,Dawakin Kudu,Kano,11.84732263,8.530283841,Measles,0,16.95,1,1
2026-08-29,35229302.0,Gada Health Post,Dawakin Kudu,Kano,11.84732263,8.530283841,BCG,0,16.73,1,1
2026-08-29,35229302.0,Gada Health Post,Dawakin Kudu,Kano,11.84732263,8.530283841,Penta,224,16.73,1,0
2026-08-29,35229302.0,Gada Health Post,Dawakin Kudu,Kano,11.84732263,8.530283841,Measles,0,16.73,1,1
2026-08-30,35229302.0,Gada Health Post,Dawakin Kudu,Kano,11.84732263,8.530283841,BCG,360,14.1,1,1
2026-08-30,35229302.0,Gada Health Post,Dawakin Kudu,Kano,11.84732263,8.530283841,Penta,178,14.1,1,0
2026-08-30,35229302.0,Gada Health Post,Dawakin Kudu,Kano,11.84732263,8.530283841,Measles,0,14.1,1,1
2026-08-03,84742646.0,Kamgata Health Post,Dawakin Kudu,Kano,11.77229633,8.763639536,BCG,227,7.44,1,0
2026-08-03,84742646.0,Kamgata Health Post,Dawakin Kudu,Kano,11.77229633,8.763639536,Penta,218,7.44,1,0
2026-08-03,84742646.0,Kamgata Health Post,Dawakin Kudu,Kano,11.77229633,8.763639536,Measles,232,7.44,1,0
2026-08-08,84742646.0,Kamgata Health Post,Dawakin Kudu,Kano,11.77229633,8.763639536,BCG,0,15.02,1,1
2026-08-08,84742646.0,Kamgata Health Post,Dawakin Kudu,Kano,11.77229633,8.763639536,Penta,168,15.02,1,0
2026-08-08,84742646.0,Kamgata Health Post,Dawakin Kudu,Kano,11.77229633,8.763639536,Measles,177,15.02,1,0
2026-08-13,84742646.0,Kamgata Health Post,Dawakin Kudu,Kano,11.77229633,8.763639536,BCG,0,21.34,1,1
2026-08-13,84742646.0,Kamgata Health Post,Dawakin Kudu,Kano,11.77229633,8.763639536,Penta,127,21.34,1,0
2026-08-13,84742646.0,Kamgata Health Post,Dawakin Kudu,Kano,11.77229633,8.763639536,Measles,0,21.34,1,1
2026-08-16,84742646.0,Kamgata Health Post,Dawakin Kudu,Kano,11.77229633,8.763639536,BCG,0,20.69,1,1
2026-08-16,84742646.0,Kamgata Health Post,Dawakin Kudu,Kano,11.77229633,8.763639536,Penta,85,20.69,1,0
2026-08-16,84742646.0,Kamgata Health Post,Dawakin Kudu,Kano,11.77229633,8.763639536,Measles,0,20.69,1,1
2026-08-17,84742646.0,Kamgata Health Post,Dawakin Kudu,Kano,11.77229633,8.763639536,BCG,360,17.59,1,1
2026-08-17,84742646.0,Kamgata Health Post,Dawakin Kudu,Kano,11.77229633,8.763639536,Penta,387,17.59,1,0
2026-08-17,84742646.0,Kamgata Health Post,Dawakin Kudu,Kano,11.77229633,8.763639536,Measles,0,17.59,1,1
2026-08-20,84742646.0,Kamgata Health Post,Dawakin Kudu,Kano,11.77229633,8.763639536,BCG,306,20.31,1,0
2026-08-20,84742646.0,Kamgata Health Post,Dawakin Kudu,Kano,11.77229633,8.763639536,Penta,344,20.31,1,0
2026-08-20,84742646.0,Kamgata Health Post,Dawakin Kudu,Kano,11.77229633,8.763639536,Measles,0,20.31,1,1
2026-08-23,84742646.0,Kamgata Health Post,Dawakin Kudu,Kano,11.77229633,8.763639536,BCG,360,21.41,1,1
2026-08-23,84742646.0,Kamgata Health Post,Dawakin Kudu,Kano,11.77229633,8.763639536,Penta,304,21.41,1,0
2026-08-23,84742646.0,Kamgata Health Post,Dawakin Kudu,Kano,11.77229633,8.763639536,Measles,0,21.41,1,1
2026-08-25,84742646.0,Kamgata Health Post,Dawakin Kudu,Kano,11.77229633,8.763639536,BCG,321,22.14,1,0
2026-08-25,84742646.0,Kamgata Health Post,Dawakin Kudu,Kano,11.77229633,8.763639536,Penta,262,22.14,1,0
2026-08-25,84742646.0,Kamgata Health Post,Dawakin Kudu,Kano,11.77229633,8.763639536,Measles,360,22.14,1,1
2026-08-26,84742646.0,Kamgata Health Post,Dawakin Kudu,Kano,11.77229633,8.763639536,BCG,289,20.12,1,0
2026-08-26,84742646.0,Kamgata Health Post,Dawakin Kudu,Kano,11.77229633,8.763639536,Penta,225,20.12,1,0
2026-08-26,84742646.0,Kamgata Health Post,Dawakin Kudu,Kano,11.77229633,8.763639536,Measles,311,20.12,1,0
2026-08-28,84742646.0,Kamgata Health Post,Dawakin Kudu,Kano,11.77229633,8.763639536,BCG,248,19.76,1,0
2026-08-28,84742646.0,Kamgata Health Post,Dawakin Kudu,Kano,11.77229633,8.763639536,Penta,184,19.76,1,0
2026-08-28,84742646.0,Kamgata Health Post,Dawakin Kudu,Kano,11.77229633,8.763639536,Measles,275,19.76,1,0
2026-08-29,84742646.0,Kamgata Health Post,Dawakin Kudu,Kano,11.77229633,8.763639536,BCG,0,16.69,1,1
2026-08-29,84742646.0,Kamgata Health Post,Dawakin Kudu,Kano,11.77229633,8.763639536,Penta,142,16.69,1,0
2026-08-29,84742646.0,Kamgata Health Post,Dawakin Kudu,Kano,11.77229633,8.763639536,Measles,360,16.69,1,1
2026-08-30,84742646.0,Kamgata Health Post,Dawakin Kudu,Kano,11.77229633,8.763639536,BCG,360,13.45,1,1
2026-08-30,84742646.0,Kamgata Health Post,Dawakin Kudu,Kano,11.77229633,8.763639536,Penta,0,13.45,1,1
2026-08-30,84742646.0,Kamgata Health Post,Dawakin Kudu,Kano,11.77229633,8.763639536,Measles,315,13.45,1,0
2026-08-01,,Yada Kunya Leprosy Hospital,Dawakin Tofa,Kano,12.05056,8.37907,BCG,233,2.0,1,0
2026-08-01,,Yada Kunya Leprosy Hospital,Dawakin Tofa,Kano,12.05056,8.37907,Penta,230,2.0,1,0
2026-08-01,,Yada Kunya Leprosy Hospital,Dawakin Tofa,Kano,12.05056,8.37907,Measles,218,2.0,1,0
2026-08-02,,Yada Kunya Leprosy Hospital,Dawakin Tofa,Kano,12.05056,8.37907,BCG,197,2.0,1,0
2026-08-02,,Yada Kunya Leprosy Hospital,Dawakin Tofa,Kano,12.05056,8.37907,Penta,187,2.0,1,0
2026-08-02,,Yada Kunya Leprosy Hospital,Dawakin Tofa,Kano,12.05056,8.37907,Measles,174,2.0,1,0
2026-08-05,,Yada Kunya Leprosy Hospital,Dawakin Tofa,Kano,12.05056,8.37907,BCG,147,6.2,1,0
2026-08-05,,Yada Kunya Leprosy Hospital,Dawakin Tofa,Kano,12.05056,8.37907,Penta,144,6.2,1,0
2026-08-05,,Yada Kunya Leprosy Hospital,Dawakin Tofa,Kano,12.05056,8.37907,Measles,135,6.2,1,0
2026-08-06,,Yada Kunya Leprosy Hospital,Dawakin Tofa,Kano,12.05056,8.37907,BCG,97,3.74,1,0
2026-08-06,,Yada Kunya Leprosy Hospital,Dawakin Tofa,Kano,12.05056,8.37907,Penta,106,3.74,1,0
2026-08-06,,Yada Kunya Leprosy Hospital,Dawakin Tofa,Kano,12.05056,8.37907,Measles,88,3.74,1,0
2026-08-10,,Yada Kunya Leprosy Hospital,Dawakin Tofa,Kano,12.05056,8.37907,BCG,53,12.73,1,0
2026-08-10,,Yada Kunya Leprosy Hospital,Dawakin Tofa,Kano,12.05056,8.37907,Penta,64,12.73,1,0
2026-08-10,,Yada Kunya Leprosy Hospital,Dawakin Tofa,Kano,12.05056,8.37907,Measles,48,12.73,1,0
2026-08-11,,Yada Kunya Leprosy Hospital,Dawakin Tofa,Kano,12.05056,8.37907,BCG,0,9.2,1,1
2026-08-11,,Yada Kunya Leprosy Hospital,Dawakin Tofa,Kano,12.05056,8.37907,Penta,26,9.2,1,0
2026-08-11,,Yada Kunya Leprosy Hospital,Dawakin Tofa,Kano,12.05056,8.37907,Measles,0,9.2,1,1
2026-08-12,,Yada Kunya Leprosy Hospital,Dawakin Tofa,Kano,12.05056,8.37907,BCG,0,6.5,1,1
2026-08-12,,Yada Kunya Leprosy Hospital,Dawakin Tofa,Kano,12.05056,8.37907,Penta,0,6.5,1,1
2026-08-12,,Yada Kunya Leprosy Hospital,Dawakin Tofa,Kano,12.05056,8.37907,Measles,360,6.5,1,1
2026-08-13,,Yada Kunya Leprosy Hospital,Dawakin Tofa,Kano,12.05056,8.37907,BCG,0,3.52,1,1
2026-08-13,,Yada Kunya Leprosy Hospital,Dawakin Tofa,Kano,12.05056,8.37907,Penta,0,3.52,1,1
2026-08-13,,Yada Kunya Leprosy Hospital,Dawakin Tofa,Kano,12.05056,8.37907,Measles,316,3.52,1,0
2026-08-14,,Yada Kunya Leprosy Hospital,Dawakin Tofa,Kano,12.05056,8.37907,BCG,0,2.0,1,1
2026-08-14,,Yada Kunya Leprosy Hospital,Dawakin Tofa,Kano,12.05056,8.37907,Penta,0,2.0,1,1
2026-08-14,,Yada Kunya Leprosy Hospital,Dawakin Tofa,Kano,12.05056,8.37907,Measles,267,2.0,1,0
2026-08-16,,Yada Kunya Leprosy Hospital,Dawakin Tofa,Kano,12.05056,8.37907,BCG,0,2.0,1,1
2026-08-16,,Yada Kunya Leprosy Hospital,Dawakin Tofa,Kano,12.05056,8.37907,Penta,360,2.0,1,1
2026-08-16,,Yada Kunya Leprosy Hospital,Dawakin Tofa,Kano,12.05056,8.37907,Measles,226,2.0,1,0
2026-08-17,,Yada Kunya Leprosy Hospital,Dawakin Tofa,Kano,12.05056,8.37907,BCG,0,2.0,1,1
2026-08-17,,Yada Kunya Leprosy Hospital,Dawakin Tofa,Kano,12.05056,8.37907,Penta,326,2.0,1,0
2026-08-17,,Yada Kunya Leprosy Hospital,Dawakin Tofa,Kano,12.05056,8.37907,Measles,182,2.0,1,0
2026-08-18,,Yada Kunya Leprosy Hospital,Dawakin Tofa,Kano,12.05056,8.37907,BCG,360,2.0,1,1
2026-08-18,,Yada Kunya Leprosy Hospital,Dawakin Tofa,Kano,12.05056,8.37907,Penta,273,2.0,1,0
2026-08-18,,Yada Kunya Leprosy Hospital,Dawakin Tofa,Kano,12.05056,8.37907,Measles,135,2.0,1,0
2026-08-25,,Yada Kunya Leprosy Hospital,Dawakin Tofa,Kano,12.05056,8.37907,BCG,0,18.0,1,1
2026-08-25,,Yada Kunya Leprosy Hospital,Dawakin Tofa,Kano,12.05056,8.37907,Penta,0,18.0,1,1
2026-08-25,,Yada Kunya Leprosy Hospital,Dawakin Tofa,Kano,12.05056,8.37907,Measles,96,18.0,1,0
2026-08-26,,Yada Kunya Leprosy Hospital,Dawakin Tofa,Kano,12.05056,8.37907,BCG,0,14.36,1,1
2026-08-26,,Yada Kunya Leprosy Hospital,Dawakin Tofa,Kano,12.05056,8.37907,Penta,0,14.36,1,1
2026-08-26,,Yada Kunya Leprosy Hospital,Dawakin Tofa,Kano,12.05056,8.37907,Measles,408,14.36,1,0
2026-08-27,,Yada Kunya Leprosy Hospital,Dawakin Tofa,Kano,12.05056,8.37907,BCG,0,12.79,1,1
2026-08-27,,Yada Kunya Leprosy Hospital,Dawakin Tofa,Kano,12.05056,8.37907,Penta,0,12.79,1,1
2026-08-27,,Yada Kunya Leprosy Hospital,Dawakin Tofa,Kano,12.05056,8.37907,Measles,362,12.79,1,0
2026-08-28,,Yada Kunya Leprosy Hospital,Dawakin Tofa,Kano,12.05056,8.37907,BCG,0,10.04,1,1
2026-08-28,,Yada Kunya Leprosy Hospital,Dawakin Tofa,Kano,12.05056,8.37907,Penta,0,10.04,1,1
2026-08-28,,Yada Kunya Leprosy Hospital,Dawakin Tofa,Kano,12.05056,8.37907,Measles,310,10.04,1,0
2026-08-30,,Yada Kunya Leprosy Hospital,Dawakin Tofa,Kano,12.05056,8.37907,BCG,0,9.83,1,1
2026-08-30,,Yada Kunya Leprosy Hospital,Dawakin Tofa,Kano,12.05056,8.37907,Penta,360,9.83,1,1
2026-08-30,,Yada Kunya Leprosy Hospital,Dawakin Tofa,Kano,12.05056,8.37907,Measles,276,9.83,1,0
2026-08-01,43542442.0,Dungurawa Health Clinic,Dawakin Tofa,Kano,12.16298497,8.357696608,BCG,222,2.0,1,0
2026-08-01,43542442.0,Dungurawa Health Clinic,Dawakin Tofa,Kano,12.16298497,8.357696608,Penta,223,2.0,1,0
2026-08-01,43542442.0,Dungurawa Health Clinic,Dawakin Tofa,Kano,12.16298497,8.357696608,Measles,220,2.0,1,0
2026-08-03,43542442.0,Dungurawa Health Clinic,Dawakin Tofa,Kano,12.16298497,8.357696608,BCG,170,2.59,1,0
2026-08-03,43542442.0,Dungurawa Health Clinic,Dawakin Tofa,Kano,12.16298497,8.357696608,Penta,172,2.59,1,0
2026-08-03,43542442.0,Dungurawa Health Clinic,Dawakin Tofa,Kano,12.16298497,8.357696608,Measles,177,2.59,1,0
2026-08-05,43542442.0,Dungurawa Health Clinic,Dawakin Tofa,Kano,12.16298497,8.357696608,BCG,119,2.68,1,0
2026-08-05,43542442.0,Dungurawa Health Clinic,Dawakin Tofa,Kano,12.16298497,8.357696608,Penta,129,2.68,1,0
2026-08-05,43542442.0,Dungurawa Health Clinic,Dawakin Tofa,Kano,12.16298497,8.357696608,Measles,134,2.68,1,0
2026-08-06,43542442.0,Dungurawa Health Clinic,Dawakin Tofa,Kano,12.16298497,8.357696608,BCG,434,2.0,1,0
2026-08-06,43542442.0,Dungurawa Health Clinic,Dawakin Tofa,Kano,12.16298497,8.357696608,Penta,88,2.0,1,0
2026-08-06,43542442.0,Dungurawa Health Clinic,Dawakin Tofa,Kano,12.16298497,8.357696608,Measles,93,2.0,1,0
2026-08-09,43542442.0,Dungurawa Health Clinic,Dawakin Tofa,Kano,12.16298497,8.357696608,BCG,379,7.11,1,0
2026-08-09,43542442.0,Dungurawa Health Clinic,Dawakin Tofa,Kano,12.16298497,8.357696608,Penta,400,7.11,1,0
2026-08-09,43542442.0,Dungurawa Health Clinic,Dawakin Tofa,Kano,12.16298497,8.357696608,Measles,46,7.11,1,0
2026-08-13,43542442.0,Dungurawa Health Clinic,Dawakin Tofa,Kano,12.16298497,8.357696608,BCG,331,15.71,1,0
2026-08-13,43542442.0,Dungurawa Health Clinic,Dawakin Tofa,Kano,12.16298497,8.357696608,Penta,362,15.71,1,0
2026-08-13,43542442.0,Dungurawa Health Clinic,Dawakin Tofa,Kano,12.16298497,8.357696608,Measles,5,15.71,1,0
2026-08-14,43542442.0,Dungurawa Health Clinic,Dawakin Tofa,Kano,12.16298497,8.357696608,BCG,284,12.96,1,0
2026-08-14,43542442.0,Dungurawa Health Clinic,Dawakin Tofa,Kano,12.16298497,8.357696608,Penta,312,12.96,1,0
2026-08-14,43542442.0,Dungurawa Health Clinic,Dawakin Tofa,Kano,12.16298497,8.357696608,Measles,0,12.96,1,1
2026-08-17,43542442.0,Dungurawa Health Clinic,Dawakin Tofa,Kano,12.16298497,8.357696608,BCG,236,17.38,1,0
2026-08-17,43542442.0,Dungurawa Health Clinic,Dawakin Tofa,Kano,12.16298497,8.357696608,Penta,279,17.38,1,0
2026-08-17,43542442.0,Dungurawa Health Clinic,Dawakin Tofa,Kano,12.16298497,8.357696608,Measles,0,17.38,1,1
2026-08-18,43542442.0,Dungurawa Health Clinic,Dawakin Tofa,Kano,12.16298497,8.357696608,BCG,201,14.75,1,0
2026-08-18,43542442.0,Dungurawa Health Clinic,Dawakin Tofa,Kano,12.16298497,8.357696608,Penta,231,14.75,1,0
2026-08-18,43542442.0,Dungurawa Health Clinic,Dawakin Tofa,Kano,12.16298497,8.357696608,Measles,0,14.75,1,1
2026-08-19,43542442.0,Dungurawa Health Clinic,Dawakin Tofa,Kano,12.16298497,8.357696608,BCG,153,12.28,1,0
2026-08-19,43542442.0,Dungurawa Health Clinic,Dawakin Tofa,Kano,12.16298497,8.357696608,Penta,183,12.28,1,0
2026-08-19,43542442.0,Dungurawa Health Clinic,Dawakin Tofa,Kano,12.16298497,8.357696608,Measles,360,12.28,1,1
2026-08-23,43542442.0,Dungurawa Health Clinic,Dawakin Tofa,Kano,12.16298497,8.357696608,BCG,108,18.76,1,0
2026-08-23,43542442.0,Dungurawa Health Clinic,Dawakin Tofa,Kano,12.16298497,8.357696608,Penta,145,18.76,1,0
2026-08-23,43542442.0,Dungurawa Health Clinic,Dawakin Tofa,Kano,12.16298497,8.357696608,Measles,304,18.76,1,0
2026-08-24,43542442.0,Dungurawa Health Clinic,Dawakin Tofa,Kano,12.16298497,8.357696608,BCG,65,15.95,1,0
2026-08-24,43542442.0,Dungurawa Health Clinic,Dawakin Tofa,Kano,12.16298497,8.357696608,Penta,449,15.95,1,0
2026-08-24,43542442.0,Dungurawa Health Clinic,Dawakin Tofa,Kano,12.16298497,8.357696608,Measles,259,15.95,1,0
2026-08-25,43542442.0,Dungurawa Health Clinic,Dawakin Tofa,Kano,12.16298497,8.357696608,BCG,381,12.46,1,0
2026-08-25,43542442.0,Dungurawa Health Clinic,Dawakin Tofa,Kano,12.16298497,8.357696608,Penta,396,12.46,1,0
2026-08-25,43542442.0,Dungurawa Health Clinic,Dawakin Tofa,Kano,12.16298497,8.357696608,Measles,0,12.46,1,1
2026-08-27,43542442.0,Dungurawa Health Clinic,Dawakin Tofa,Kano,12.16298497,8.357696608,BCG,332,11.98,1,0
2026-08-27,43542442.0,Dungurawa Health Clinic,Dawakin Tofa,Kano,12.16298497,8.357696608,Penta,350,11.98,1,0
2026-08-27,43542442.0,Dungurawa Health Clinic,Dawakin Tofa,Kano,12.16298497,8.357696608,Measles,0,11.98,1,1
2026-08-28,43542442.0,Dungurawa Health Clinic,Dawakin Tofa,Kano,12.16298497,8.357696608,BCG,300,9.49,1,0
2026-08-28,43542442.0,Dungurawa Health Clinic,Dawakin Tofa,Kano,12.16298497,8.357696608,Penta,288,9.49,1,0
2026-08-28,43542442.0,Dungurawa Health Clinic,Dawakin Tofa,Kano,12.16298497,8.357696608,Measles,0,9.49,1,1
2026-08-29,43542442.0,Dungurawa Health Clinic,Dawakin Tofa,Kano,12.16298497,8.357696608,BCG,245,8.21,1,0
2026-08-29,43542442.0,Dungurawa Health Clinic,Dawakin Tofa,Kano,12.16298497,8.357696608,Penta,241,8.21,1,0
2026-08-29,43542442.0,Dungurawa Health Clinic,Dawakin Tofa,Kano,12.16298497,8.357696608,Measles,0,8.21,1,1
2026-08-30,43542442.0,Dungurawa Health Clinic,Dawakin Tofa,Kano,12.16298497,8.357696608,BCG,200,5.34,1,0
2026-08-30,43542442.0,Dungurawa Health Clinic,Dawakin Tofa,Kano,12.16298497,8.357696608,Penta,187,5.34,1,0
2026-08-30,43542442.0,Dungurawa Health Clinic,Dawakin Tofa,Kano,12.16298497,8.357696608,Measles,360,5.34,1,1
2026-08-01,17624573.0,Dokar Sati Health Post,Doguwa,Kano,10.72901743,8.619294659,BCG,221,2.0,1,0
2026-08-01,17624573.0,Dokar Sati Health Post,Doguwa,Kano,10.72901743,8.619294659,Penta,224,2.0,1,0
2026-08-01,17624573.0,Dokar Sati Health Post,Doguwa,Kano,10.72901743,8.619294659,Measles,221,2.0,1,0
2026-08-12,17624573.0,Dokar Sati Health Post,Doguwa,Kano,10.72901743,8.619294659,BCG,172,20.84,1,0
2026-08-12,17624573.0,Dokar Sati Health Post,Doguwa,Kano,10.72901743,8.619294659,Penta,193,20.84,1,0
2026-08-12,17624573.0,Dokar Sati Health Post,Doguwa,Kano,10.72901743,8.619294659,Measles,171,20.84,1,0
2026-08-13,17624573.0,Dokar Sati Health Post,Doguwa,Kano,10.72901743,8.619294659,BCG,113,17.77,1,0
2026-08-13,17624573.0,Dokar Sati Health Post,Doguwa,Kano,10.72901743,8.619294659,Penta,135,17.77,1,0
2026-08-13,17624573.0,Dokar Sati Health Post,Doguwa,Kano,10.72901743,8.619294659,Measles,126,17.77,1,0
2026-08-14,17624573.0,Dokar Sati Health Post,Doguwa,Kano,10.72901743,8.619294659,BCG,70,15.19,1,0
2026-08-14,17624573.0,Dokar Sati Health Post,Doguwa,Kano,10.72901743,8.619294659,Penta,97,15.19,1,0
2026-08-14,17624573.0,Dokar Sati Health Post,Doguwa,Kano,10.72901743,8.619294659,Measles,78,15.19,1,0
2026-08-16,17624573.0,Dokar Sati Health Post,Doguwa,Kano,10.72901743,8.619294659,BCG,0,16.26,1,1
2026-08-16,17624573.0,Dokar Sati Health Post,Doguwa,Kano,10.72901743,8.619294659,Penta,44,16.26,1,0
2026-08-16,17624573.0,Dokar Sati Health Post,Doguwa,Kano,10.72901743,8.619294659,Measles,395,16.26,1,0
2026-08-17,17624573.0,Dokar Sati Health Post,Doguwa,Kano,10.72901743,8.619294659,BCG,360,13.8,1,1
2026-08-17,17624573.0,Dokar Sati Health Post,Doguwa,Kano,10.72901743,8.619294659,Penta,0,13.8,1,1
2026-08-17,17624573.0,Dokar Sati Health Post,Doguwa,Kano,10.72901743,8.619294659,Measles,340,13.8,1,0
2026-08-20,17624573.0,Dokar Sati Health Post,Doguwa,Kano,10.72901743,8.619294659,BCG,314,21.05,1,0
2026-08-20,17624573.0,Dokar Sati Health Post,Doguwa,Kano,10.72901743,8.619294659,Penta,0,21.05,1,1
2026-08-20,17624573.0,Dokar Sati Health Post,Doguwa,Kano,10.72901743,8.619294659,Measles,299,21.05,1,0
2026-08-24,17624573.0,Dokar Sati Health Post,Doguwa,Kano,10.72901743,8.619294659,BCG,0,21.46,1,1
2026-08-24,17624573.0,Dokar Sati Health Post,Doguwa,Kano,10.72901743,8.619294659,Penta,0,21.46,1,1
2026-08-24,17624573.0,Dokar Sati Health Post,Doguwa,Kano,10.72901743,8.619294659,Measles,257,21.46,1,0
2026-08-25,17624573.0,Dokar Sati Health Post,Doguwa,Kano,10.72901743,8.619294659,BCG,360,19.22,1,1
2026-08-25,17624573.0,Dokar Sati Health Post,Doguwa,Kano,10.72901743,8.619294659,Penta,360,19.22,1,1
2026-08-25,17624573.0,Dokar Sati Health Post,Doguwa,Kano,10.72901743,8.619294659,Measles,210,19.22,1,0
2026-08-27,17624573.0,Dokar Sati Health Post,Doguwa,Kano,10.72901743,8.619294659,BCG,320,18.83,1,0
2026-08-27,17624573.0,Dokar Sati Health Post,Doguwa,Kano,10.72901743,8.619294659,Penta,316,18.83,1,0
2026-08-27,17624573.0,Dokar Sati Health Post,Doguwa,Kano,10.72901743,8.619294659,Measles,173,18.83,1,0
2026-08-28,17624573.0,Dokar Sati Health Post,Doguwa,Kano,10.72901743,8.619294659,BCG,273,15.51,1,0
2026-08-28,17624573.0,Dokar Sati Health Post,Doguwa,Kano,10.72901743,8.619294659,Penta,280,15.51,1,0
2026-08-28,17624573.0,Dokar Sati Health Post,Doguwa,Kano,10.72901743,8.619294659,Measles,119,15.51,1,0
2026-08-04,67499339.0,Bamako Initiative Health Post,Doguwa,Kano,10.73223534,8.582787971,BCG,226,5.26,1,0
2026-08-04,67499339.0,Bamako Initiative Health Post,Doguwa,Kano,10.73223534,8.582787971,Penta,230,5.26,1,0
2026-08-04,67499339.0,Bamako Initiative Health Post,Doguwa,Kano,10.73223534,8.582787971,Measles,224,5.26,1,0
2026-08-05,67499339.0,Bamako Initiative Health Post,Doguwa,Kano,10.73223534,8.582787971,BCG,184,2.0,1,0
2026-08-05,67499339.0,Bamako Initiative Health Post,Doguwa,Kano,10.73223534,8.582787971,Penta,182,2.0,1,0
2026-08-05,67499339.0,Bamako Initiative Health Post,Doguwa,Kano,10.73223534,8.582787971,Measles,181,2.0,1,0
2026-08-08,67499339.0,Bamako Initiative Health Post,Doguwa,Kano,10.73223534,8.582787971,BCG,145,5.14,1,0
2026-08-08,67499339.0,Bamako Initiative Health Post,Doguwa,Kano,10.73223534,8.582787971,Penta,132,5.14,1,0
2026-08-08,67499339.0,Bamako Initiative Health Post,Doguwa,Kano,10.73223534,8.582787971,Measles,141,5.14,1,0
2026-08-09,67499339.0,Bamako Initiative Health Post,Doguwa,Kano,10.73223534,8.582787971,BCG,82,2.0,1,0
2026-08-09,67499339.0,Bamako Initiative Health Post,Doguwa,Kano,10.73223534,8.582787971,Penta,91,2.0,1,0
2026-08-09,67499339.0,Bamako Initiative Health Post,Doguwa,Kano,10.73223534,8.582787971,Measles,104,2.0,1,0
2026-08-10,67499339.0,Bamako Initiative Health Post,Doguwa,Kano,10.73223534,8.582787971,BCG,397,2.0,1,0
2026-08-10,67499339.0,Bamako Initiative Health Post,Doguwa,Kano,10.73223534,8.582787971,Penta,40,2.0,1,0
2026-08-10,67499339.0,Bamako Initiative Health Post,Doguwa,Kano,10.73223534,8.582787971,Measles,63,2.0,1,0
2026-08-11,67499339.0,Bamako Initiative Health Post,Doguwa,Kano,10.73223534,8.582787971,BCG,349,2.0,1,0
2026-08-11,67499339.0,Bamako Initiative Health Post,Doguwa,Kano,10.73223534,8.582787971,Penta,0,2.0,1,1
2026-08-11,67499339.0,Bamako Initiative Health Post,Doguwa,Kano,10.73223534,8.582787971,Measles,381,2.0,1,0
2026-08-13,67499339.0,Bamako Initiative Health Post,Doguwa,Kano,10.73223534,8.582787971,BCG,302,2.24,1,0
2026-08-13,67499339.0,Bamako Initiative Health Post,Doguwa,Kano,10.73223534,8.582787971,Penta,0,2.24,1,1
2026-08-13,67499339.0,Bamako Initiative Health Post,Doguwa,Kano,10.73223534,8.582787971,Measles,339,2.24,1,0
2026-08-19,67499339.0,Bamako Initiative Health Post,Doguwa,Kano,10.73223534,8.582787971,BCG,267,10.05,1,0
2026-08-19,67499339.0,Bamako Initiative Health Post,Doguwa,Kano,10.73223534,8.582787971,Penta,0,10.05,1,1
2026-08-19,67499339.0,Bamako Initiative Health Post,Doguwa,Kano,10.73223534,8.582787971,Measles,291,10.05,1,0
2026-08-22,67499339.0,Bamako Initiative Health Post,Doguwa,Kano,10.73223534,8.582787971,BCG,219,13.88,1,0
2026-08-22,67499339.0,Bamako Initiative Health Post,Doguwa,Kano,10.73223534,8.582787971,Penta,0,13.88,1,1
2026-08-22,67499339.0,Bamako Initiative Health Post,Doguwa,Kano,10.73223534,8.582787971,Measles,248,13.88,1,0
2026-08-27,67499339.0,Bamako Initiative Health Post,Doguwa,Kano,10.73223534,8.582787971,BCG,152,20.86,1,0
2026-08-27,67499339.0,Bamako Initiative Health Post,Doguwa,Kano,10.73223534,8.582787971,Penta,0,20.86,1,1
2026-08-27,67499339.0,Bamako Initiative Health Post,Doguwa,Kano,10.73223534,8.582787971,Measles,207,20.86,1,0
2026-08-28,67499339.0,Bamako Initiative Health Post,Doguwa,Kano,10.73223534,8.582787971,BCG,113,17.73,1,0
2026-08-28,67499339.0,Bamako Initiative Health Post,Doguwa,Kano,10.73223534,8.582787971,Penta,0,17.73,1,1
2026-08-28,67499339.0,Bamako Initiative Health Post,Doguwa,Kano,10.73223534,8.582787971,Measles,165,17.73,1,0
2026-08-30,67499339.0,Bamako Initiative Health Post,Doguwa,Kano,10.73223534,8.582787971,BCG,64,15.04,1,0
2026-08-30,67499339.0,Bamako Initiative Health Post,Doguwa,Kano,10.73223534,8.582787971,Penta,360,15.04,1,1
2026-08-30,67499339.0,Bamako Initiative Health Post,Doguwa,Kano,10.73223534,8.582787971,Measles,127,15.04,1,0
2026-08-07,,Universal Clinic,Fagge,Kano,12.026586,8.53194,BCG,215,21.7,1,0
2026-08-07,,Universal Clinic,Fagge,Kano,12.026586,8.53194,Penta,235,21.7,1,0
2026-08-07,,Universal Clinic,Fagge,Kano,12.026586,8.53194,Measles,234,21.7,1,0
2026-08-10,,Universal Clinic,Fagge,Kano,12.026586,8.53194,BCG,165,21.07,1,0
2026-08-10,,Universal Clinic,Fagge,Kano,12.026586,8.53194,Penta,180,21.07,1,0
2026-08-10,,Universal Clinic,Fagge,Kano,12.026586,8.53194,Measles,184,21.07,1,0
2026-08-11,,Universal Clinic,Fagge,Kano,12.026586,8.53194,BCG,124,18.84,1,0
2026-08-11,,Universal Clinic,Fagge,Kano,12.026586,8.53194,Penta,137,18.84,1,0
2026-08-11,,Universal Clinic,Fagge,Kano,12.026586,8.53194,Measles,142,18.84,1,0
2026-08-12,,Universal Clinic,Fagge,Kano,12.026586,8.53194,BCG,80,16.15,1,0
2026-08-12,,Universal Clinic,Fagge,Kano,12.026586,8.53194,Penta,94,16.15,1,0
2026-08-12,,Universal Clinic,Fagge,Kano,12.026586,8.53194,Measles,83,16.15,1,0
2026-08-13,,Universal Clinic,Fagge,Kano,12.026586,8.53194,BCG,399,12.77,1,0
2026-08-13,,Universal Clinic,Fagge,Kano,12.026586,8.53194,Penta,55,12.77,1,0
2026-08-13,,Universal Clinic,Fagge,Kano,12.026586,8.53194,Measles,44,12.77,1,0
2026-08-14,,Universal Clinic,Fagge,Kano,12.026586,8.53194,BCG,350,11.12,1,0
2026-08-14,,Universal Clinic,Fagge,Kano,12.026586,8.53194,Penta,7,11.12,1,0
2026-08-14,,Universal Clinic,Fagge,Kano,12.026586,8.53194,Measles,0,11.12,1,1
2026-08-16,,Universal Clinic,Fagge,Kano,12.026586,8.53194,BCG,312,11.84,1,0
2026-08-16,,Universal Clinic,Fagge,Kano,12.026586,8.53194,Penta,0,11.84,1,1
2026-08-16,,Universal Clinic,Fagge,Kano,12.026586,8.53194,Measles,0,11.84,1,1
2026-08-17,,Universal Clinic,Fagge,Kano,12.026586,8.53194,BCG,275,9.94,1,0
2026-08-17,,Universal Clinic,Fagge,Kano,12.026586,8.53194,Penta,0,9.94,1,1
2026-08-17,,Universal Clinic,Fagge,Kano,12.026586,8.53194,Measles,0,9.94,1,1
2026-08-18,,Universal Clinic,Fagge,Kano,12.026586,8.53194,BCG,237,6.6,1,0
2026-08-18,,Universal Clinic,Fagge,Kano,12.026586,8.53194,Penta,0,6.6,1,1
2026-08-18,,Universal Clinic,Fagge,Kano,12.026586,8.53194,Measles,0,6.6,1,1
2026-08-21,,Universal Clinic,Fagge,Kano,12.026586,8.53194,BCG,194,10.0,1,0
2026-08-21,,Universal Clinic,Fagge,Kano,12.026586,8.53194,Penta,360,10.0,1,1
2026-08-21,,Universal Clinic,Fagge,Kano,12.026586,8.53194,Measles,360,10.0,1,1
2026-08-28,,Universal Clinic,Fagge,Kano,12.026586,8.53194,BCG,150,21.1,1,0
2026-08-28,,Universal Clinic,Fagge,Kano,12.026586,8.53194,Penta,317,21.1,1,0
2026-08-28,,Universal Clinic,Fagge,Kano,12.026586,8.53194,Measles,309,21.1,1,0
2026-08-30,,Universal Clinic,Fagge,Kano,12.026586,8.53194,BCG,100,20.89,1,0
2026-08-30,,Universal Clinic,Fagge,Kano,12.026586,8.53194,Penta,273,20.89,1,0
2026-08-30,,Universal Clinic,Fagge,Kano,12.026586,8.53194,Measles,255,20.89,1,0
2026-08-04,76314121.0,Waraka Nursing and Maternity Home,Fagge,Kano,12.05452,8.47903,BCG,221,12.2,1,0
2026-08-04,76314121.0,Waraka Nursing and Maternity Home,Fagge,Kano,12.05452,8.47903,Penta,225,12.2,1,0
2026-08-04,76314121.0,Waraka Nursing and Maternity Home,Fagge,Kano,12.05452,8.47903,Measles,217,12.2,1,0
2026-08-09,76314121.0,Waraka Nursing and Maternity Home,Fagge,Kano,12.05452,8.47903,BCG,182,21.24,1,0
2026-08-09,76314121.0,Waraka Nursing and Maternity Home,Fagge,Kano,12.05452,8.47903,Penta,189,21.24,1,0
2026-08-09,76314121.0,Waraka Nursing and Maternity Home,Fagge,Kano,12.05452,8.47903,Measles,174,21.24,1,0
2026-08-13,76314121.0,Waraka Nursing and Maternity Home,Fagge,Kano,12.05452,8.47903,BCG,135,22.46,1,0
2026-08-13,76314121.0,Waraka Nursing and Maternity Home,Fagge,Kano,12.05452,8.47903,Penta,0,22.46,1,1
2026-08-13,76314121.0,Waraka Nursing and Maternity Home,Fagge,Kano,12.05452,8.47903,Measles,127,22.46,1,0
2026-08-16,76314121.0,Waraka Nursing and Maternity Home,Fagge,Kano,12.05452,8.47903,BCG,92,20.73,1,0
2026-08-16,76314121.0,Waraka Nursing and Maternity Home,Fagge,Kano,12.05452,8.47903,Penta,0,20.73,1,1
2026-08-16,76314121.0,Waraka Nursing and Maternity Home,Fagge,Kano,12.05452,8.47903,Measles,87,20.73,1,0
2026-08-18,76314121.0,Waraka Nursing and Maternity Home,Fagge,Kano,12.05452,8.47903,BCG,40,21.67,1,0
2026-08-18,76314121.0,Waraka Nursing and Maternity Home,Fagge,Kano,12.05452,8.47903,Penta,0,21.67,1,1
2026-08-18,76314121.0,Waraka Nursing and Maternity Home,Fagge,Kano,12.05452,8.47903,Measles,36,21.67,1,0
2026-08-20,76314121.0,Waraka Nursing and Maternity Home,Fagge,Kano,12.05452,8.47903,BCG,362,20.5,1,0
2026-08-20,76314121.0,Waraka Nursing and Maternity Home,Fagge,Kano,12.05452,8.47903,Penta,0,20.5,1,1
2026-08-20,76314121.0,Waraka Nursing and Maternity Home,Fagge,Kano,12.05452,8.47903,Measles,0,20.5,1,1
2026-08-22,76314121.0,Waraka Nursing and Maternity Home,Fagge,Kano,12.05452,8.47903,BCG,316,21.04,1,0
2026-08-22,76314121.0,Waraka Nursing and Maternity Home,Fagge,Kano,12.05452,8.47903,Penta,360,21.04,1,1
2026-08-22,76314121.0,Waraka Nursing and Maternity Home,Fagge,Kano,12.05452,8.47903,Measles,360,21.04,1,1
2026-08-23,76314121.0,Waraka Nursing and Maternity Home,Fagge,Kano,12.05452,8.47903,BCG,265,18.75,1,0
2026-08-23,76314121.0,Waraka Nursing and Maternity Home,Fagge,Kano,12.05452,8.47903,Penta,317,18.75,1,0
2026-08-23,76314121.0,Waraka Nursing and Maternity Home,Fagge,Kano,12.05452,8.47903,Measles,322,18.75,1,0
2026-08-25,76314121.0,Waraka Nursing and Maternity Home,Fagge,Kano,12.05452,8.47903,BCG,213,18.68,1,0
2026-08-25,76314121.0,Waraka Nursing and Maternity Home,Fagge,Kano,12.05452,8.47903,Penta,270,18.68,1,0
2026-08-25,76314121.0,Waraka Nursing and Maternity Home,Fagge,Kano,12.05452,8.47903,Measles,280,18.68,1,0
2026-08-26,76314121.0,Waraka Nursing and Maternity Home,Fagge,Kano,12.05452,8.47903,BCG,168,15.1,1,0
2026-08-26,76314121.0,Waraka Nursing and Maternity Home,Fagge,Kano,12.05452,8.47903,Penta,227,15.1,1,0
2026-08-26,76314121.0,Waraka Nursing and Maternity Home,Fagge,Kano,12.05452,8.47903,Measles,232,15.1,1,0
2026-08-28,76314121.0,Waraka Nursing and Maternity Home,Fagge,Kano,12.05452,8.47903,BCG,129,13.76,1,0
2026-08-28,76314121.0,Waraka Nursing and Maternity Home,Fagge,Kano,12.05452,8.47903,Penta,168,13.76,1,0
2026-08-28,76314121.0,Waraka Nursing and Maternity Home,Fagge,Kano,12.05452,8.47903,Measles,202,13.76,1,0
2026-08-30,76314121.0,Waraka Nursing and Maternity Home,Fagge,Kano,12.05452,8.47903,BCG,81,15.45,1,0
2026-08-30,76314121.0,Waraka Nursing and Maternity Home,Fagge,Kano,12.05452,8.47903,Penta,117,15.45,1,0
2026-08-30,76314121.0,Waraka Nursing and Maternity Home,Fagge,Kano,12.05452,8.47903,Measles,161,15.45,1,0
2026-08-03,39905349.0,Kumbo Health Post,Gabasawa,Kano,12.204273,8.884345,BCG,230,10.47,1,0
2026-08-03,39905349.0,Kumbo Health Post,Gabasawa,Kano,12.204273,8.884345,Penta,227,10.47,1,0
2026-08-03,39905349.0,Kumbo Health Post,Gabasawa,Kano,12.204273,8.884345,Measles,223,10.47,1,0
2026-08-08,39905349.0,Kumbo Health Post,Gabasawa,Kano,12.204273,8.884345,BCG,183,21.35,1,0
2026-08-08,39905349.0,Kumbo Health Post,Gabasawa,Kano,12.204273,8.884345,Penta,183,21.35,1,0
2026-08-08,39905349.0,Kumbo Health Post,Gabasawa,Kano,12.204273,8.884345,Measles,187,21.35,1,0
2026-08-12,39905349.0,Kumbo Health Post,Gabasawa,Kano,12.204273,8.884345,BCG,139,20.99,1,0
2026-08-12,39905349.0,Kumbo Health Post,Gabasawa,Kano,12.204273,8.884345,Penta,135,20.99,1,0
2026-08-12,39905349.0,Kumbo Health Post,Gabasawa,Kano,12.204273,8.884345,Measles,133,20.99,1,0
2026-08-14,39905349.0,Kumbo Health Post,Gabasawa,Kano,12.204273,8.884345,BCG,91,22.42,1,0
2026-08-14,39905349.0,Kumbo Health Post,Gabasawa,Kano,12.204273,8.884345,Penta,93,22.42,1,0
2026-08-14,39905349.0,Kumbo Health Post,Gabasawa,Kano,12.204273,8.884345,Measles,87,22.42,1,0
2026-08-16,39905349.0,Kumbo Health Post,Gabasawa,Kano,12.204273,8.884345,BCG,47,21.39,1,0
2026-08-16,39905349.0,Kumbo Health Post,Gabasawa,Kano,12.204273,8.884345,Penta,46,21.39,1,0
2026-08-16,39905349.0,Kumbo Health Post,Gabasawa,Kano,12.204273,8.884345,Measles,45,21.39,1,0
2026-08-21,39905349.0,Kumbo Health Post,Gabasawa,Kano,12.204273,8.884345,BCG,0,21.11,1,1
2026-08-21,39905349.0,Kumbo Health Post,Gabasawa,Kano,12.204273,8.884345,Penta,0,21.11,1,1
2026-08-21,39905349.0,Kumbo Health Post,Gabasawa,Kano,12.204273,8.884345,Measles,0,21.11,1,1
2026-08-22,39905349.0,Kumbo Health Post,Gabasawa,Kano,12.204273,8.884345,BCG,0,18.4,1,1
2026-08-22,39905349.0,Kumbo Health Post,Gabasawa,Kano,12.204273,8.884345,Penta,0,18.4,1,1
2026-08-22,39905349.0,Kumbo Health Post,Gabasawa,Kano,12.204273,8.884345,Measles,0,18.4,1,1
2026-08-02,13053858.0,Gumawa Health Post,Gabasawa,Kano,12.138907,8.862188,BCG,221,4.94,1,0
2026-08-02,13053858.0,Gumawa Health Post,Gabasawa,Kano,12.138907,8.862188,Penta,220,4.94,1,0
2026-08-02,13053858.0,Gumawa Health Post,Gabasawa,Kano,12.138907,8.862188,Measles,229,4.94,1,0
2026-08-09,13053858.0,Gumawa Health Post,Gabasawa,Kano,12.138907,8.862188,BCG,172,19.02,1,0
2026-08-09,13053858.0,Gumawa Health Post,Gabasawa,Kano,12.138907,8.862188,Penta,169,19.02,1,0
2026-08-09,13053858.0,Gumawa Health Post,Gabasawa,Kano,12.138907,8.862188,Measles,198,19.02,1,0
2026-08-10,13053858.0,Gumawa Health Post,Gabasawa,Kano,12.138907,8.862188,BCG,132,15.57,1,0
2026-08-10,13053858.0,Gumawa Health Post,Gabasawa,Kano,12.138907,8.862188,Penta,128,15.57,1,0
2026-08-10,13053858.0,Gumawa Health Post,Gabasawa,Kano,12.138907,8.862188,Measles,147,15.57,1,0
2026-08-16,13053858.0,Gumawa Health Post,Gabasawa,Kano,12.138907,8.862188,BCG,0,21.45,1,1
2026-08-16,13053858.0,Gumawa Health Post,Gabasawa,Kano,12.138907,8.862188,Penta,86,21.45,1,0
2026-08-16,13053858.0,Gumawa Health Post,Gabasawa,Kano,12.138907,8.862188,Measles,94,21.45,1,0
2026-08-17,13053858.0,Gumawa Health Post,Gabasawa,Kano,12.138907,8.862188,BCG,0,19.39,1,1
2026-08-17,13053858.0,Gumawa Health Post,Gabasawa,Kano,12.138907,8.862188,Penta,34,19.39,1,0
2026-08-17,13053858.0,Gumawa Health Post,Gabasawa,Kano,12.138907,8.862188,Measles,0,19.39,1,1
2026-08-19,13053858.0,Gumawa Health Post,Gabasawa,Kano,12.138907,8.862188,BCG,0,19.64,1,1
2026-08-19,13053858.0,Gumawa Health Post,Gabasawa,Kano,12.138907,8.862188,Penta,0,19.64,1,1
2026-08-19,13053858.0,Gumawa Health Post,Gabasawa,Kano,12.138907,8.862188,Measles,0,19.64,1,1
2026-08-28,13053858.0,Gumawa Health Post,Gabasawa,Kano,12.138907,8.862188,BCG,0,21.28,1,1
2026-08-28,13053858.0,Gumawa Health Post,Gabasawa,Kano,12.138907,8.862188,Penta,0,21.28,1,1
2026-08-28,13053858.0,Gumawa Health Post,Gabasawa,Kano,12.138907,8.862188,Measles,360,21.28,1,1
2026-08-29,13053858.0,Gumawa Health Post,Gabasawa,Kano,12.138907,8.862188,BCG,0,18.03,1,1
2026-08-29,13053858.0,Gumawa Health Post,Gabasawa,Kano,12.138907,8.862188,Penta,0,18.03,1,1
2026-08-29,13053858.0,Gumawa Health Post,Gabasawa,Kano,12.138907,8.862188,Measles,319,18.03,1,0
2026-08-05,35981387.0,Garko Ahip Family Health Clinic,Garko,Kano,11.6425235,8.800669,BCG,232,15.79,1,0
2026-08-05,35981387.0,Garko Ahip Family Health Clinic,Garko,Kano,11.6425235,8.800669,Penta,224,15.79,1,0
2026-08-05,35981387.0,Garko Ahip Family Health Clinic,Garko,Kano,11.6425235,8.800669,Measles,227,15.79,1,0
2026-08-06,35981387.0,Garko Ahip Family Health Clinic,Garko,Kano,11.6425235,8.800669,BCG,183,13.63,1,0
2026-08-06,35981387.0,Garko Ahip Family Health Clinic,Garko,Kano,11.6425235,8.800669,Penta,169,13.63,1,0
2026-08-06,35981387.0,Garko Ahip Family Health Clinic,Garko,Kano,11.6425235,8.800669,Measles,174,13.63,1,0
2026-08-10,35981387.0,Garko Ahip Family Health Clinic,Garko,Kano,11.6425235,8.800669,BCG,151,21.44,1,0
2026-08-10,35981387.0,Garko Ahip Family Health Clinic,Garko,Kano,11.6425235,8.800669,Penta,125,21.44,1,0
2026-08-10,35981387.0,Garko Ahip Family Health Clinic,Garko,Kano,11.6425235,8.800669,Measles,133,21.44,1,0
2026-08-16,35981387.0,Garko Ahip Family Health Clinic,Garko,Kano,11.6425235,8.800669,BCG,0,22.11,1,1
2026-08-16,35981387.0,Garko Ahip Family Health Clinic,Garko,Kano,11.6425235,8.800669,Penta,80,22.11,1,0
2026-08-16,35981387.0,Garko Ahip Family Health Clinic,Garko,Kano,11.6425235,8.800669,Measles,360,22.11,1,1
2026-08-19,35981387.0,Garko Ahip Family Health Clinic,Garko,Kano,11.6425235,8.800669,BCG,360,20.9,1,1
2026-08-19,35981387.0,Garko Ahip Family Health Clinic,Garko,Kano,11.6425235,8.800669,Penta,40,20.9,1,0
2026-08-19,35981387.0,Garko Ahip Family Health Clinic,Garko,Kano,11.6425235,8.800669,Measles,314,20.9,1,0
2026-08-20,35981387.0,Garko Ahip Family Health Clinic,Garko,Kano,11.6425235,8.800669,BCG,0,17.3,1,1
2026-08-20,35981387.0,Garko Ahip Family Health Clinic,Garko,Kano,11.6425235,8.800669,Penta,0,17.3,1,1
2026-08-20,35981387.0,Garko Ahip Family Health Clinic,Garko,Kano,11.6425235,8.800669,Measles,280,17.3,1,0
2026-08-21,35981387.0,Garko Ahip Family Health Clinic,Garko,Kano,11.6425235,8.800669,BCG,0,14.36,1,1
2026-08-21,35981387.0,Garko Ahip Family Health Clinic,Garko,Kano,11.6425235,8.800669,Penta,0,14.36,1,1
2026-08-21,35981387.0,Garko Ahip Family Health Clinic,Garko,Kano,11.6425235,8.800669,Measles,222,14.36,1,0
2026-08-24,35981387.0,Garko Ahip Family Health Clinic,Garko,Kano,11.6425235,8.800669,BCG,0,19.66,1,1
2026-08-24,35981387.0,Garko Ahip Family Health Clinic,Garko,Kano,11.6425235,8.800669,Penta,360,19.66,1,1
2026-08-24,35981387.0,Garko Ahip Family Health Clinic,Garko,Kano,11.6425235,8.800669,Measles,171,19.66,1,0
2026-08-25,35981387.0,Garko Ahip Family Health Clinic,Garko,Kano,11.6425235,8.800669,BCG,0,17.28,1,1
2026-08-25,35981387.0,Garko Ahip Family Health Clinic,Garko,Kano,11.6425235,8.800669,Penta,324,17.28,1,0
2026-08-25,35981387.0,Garko Ahip Family Health Clinic,Garko,Kano,11.6425235,8.800669,Measles,127,17.28,1,0
2026-08-26,35981387.0,Garko Ahip Family Health Clinic,Garko,Kano,11.6425235,8.800669,BCG,0,14.6,1,1
2026-08-26,35981387.0,Garko Ahip Family Health Clinic,Garko,Kano,11.6425235,8.800669,Penta,289,14.6,1,0
2026-08-26,35981387.0,Garko Ahip Family Health Clinic,Garko,Kano,11.6425235,8.800669,Measles,84,14.6,1,0
2026-08-29,35981387.0,Garko Ahip Family Health Clinic,Garko,Kano,11.6425235,8.800669,BCG,0,19.2,1,1
2026-08-29,35981387.0,Garko Ahip Family Health Clinic,Garko,Kano,11.6425235,8.800669,Penta,235,19.2,1,0
2026-08-29,35981387.0,Garko Ahip Family Health Clinic,Garko,Kano,11.6425235,8.800669,Measles,404,19.2,1,0
2026-08-30,35981387.0,Garko Ahip Family Health Clinic,Garko,Kano,11.6425235,8.800669,BCG,0,16.52,1,1
2026-08-30,35981387.0,Garko Ahip Family Health Clinic,Garko,Kano,11.6425235,8.800669,Penta,189,16.52,1,0
2026-08-30,35981387.0,Garko Ahip Family Health Clinic,Garko,Kano,11.6425235,8.800669,Measles,367,16.52,1,0
2026-08-04,76634903.0,Dal Primary Health Center,Garko,Kano,11.476231,8.824999,BCG,220,13.35,1,0
2026-08-04,76634903.0,Dal Primary Health Center,Garko,Kano,11.476231,8.824999,Penta,0,13.35,1,1
2026-08-04,76634903.0,Dal Primary Health Center,Garko,Kano,11.476231,8.824999,Measles,231,13.35,1,0
2026-08-06,76634903.0,Dal Primary Health Center,Garko,Kano,11.476231,8.824999,BCG,176,15.54,1,0
2026-08-06,76634903.0,Dal Primary Health Center,Garko,Kano,11.476231,8.824999,Penta,0,15.54,1,1
2026-08-06,76634903.0,Dal Primary Health Center,Garko,Kano,11.476231,8.824999,Measles,192,15.54,1,0
2026-08-07,76634903.0,Dal Primary Health Center,Garko,Kano,11.476231,8.824999,BCG,135,12.86,1,0
2026-08-07,76634903.0,Dal Primary Health Center,Garko,Kano,11.476231,8.824999,Penta,0,12.86,1,1
2026-08-07,76634903.0,Dal Primary Health Center,Garko,Kano,11.476231,8.824999,Measles,150,12.86,1,0
2026-08-09,76634903.0,Dal Primary Health Center,Garko,Kano,11.476231,8.824999,BCG,79,11.95,1,0
2026-08-09,76634903.0,Dal Primary Health Center,Garko,Kano,11.476231,8.824999,Penta,0,11.95,1,1
2026-08-09,76634903.0,Dal Primary Health Center,Garko,Kano,11.476231,8.824999,Measles,104,11.95,1,0
2026-08-12,76634903.0,Dal Primary Health Center,Garko,Kano,11.476231,8.824999,BCG,31,18.98,1,0
2026-08-12,76634903.0,Dal Primary Health Center,Garko,Kano,11.476231,8.824999,Penta,0,18.98,1,1
2026-08-12,76634903.0,Dal Primary Health Center,Garko,Kano,11.476231,8.824999,Measles,0,18.98,1,1
2026-08-14,76634903.0,Dal Primary Health Center,Garko,Kano,11.476231,8.824999,BCG,360,19.09,1,1
2026-08-14,76634903.0,Dal Primary Health Center,Garko,Kano,11.476231,8.824999,Penta,0,19.09,1,1
2026-08-14,76634903.0,Dal Primary Health Center,Garko,Kano,11.476231,8.824999,Measles,0,19.09,1,1
2026-08-15,76634903.0,Dal Primary Health Center,Garko,Kano,11.476231,8.824999,BCG,360,17.29,1,1
2026-08-15,76634903.0,Dal Primary Health Center,Garko,Kano,11.476231,8.824999,Penta,0,17.29,1,1
2026-08-15,76634903.0,Dal Primary Health Center,Garko,Kano,11.476231,8.824999,Measles,0,17.29,1,1
2026-08-23,76634903.0,Dal Primary Health Center,Garko,Kano,11.476231,8.824999,BCG,0,21.09,1,1
2026-08-23,76634903.0,Dal Primary Health Center,Garko,Kano,11.476231,8.824999,Penta,360,21.09,1,1
2026-08-23,76634903.0,Dal Primary Health Center,Garko,Kano,11.476231,8.824999,Measles,0,21.09,1,1
2026-08-25,76634903.0,Dal Primary Health Center,Garko,Kano,11.476231,8.824999,BCG,360,22.08,1,1
2026-08-25,76634903.0,Dal Primary Health Center,Garko,Kano,11.476231,8.824999,Penta,310,22.08,1,0
2026-08-25,76634903.0,Dal Primary Health Center,Garko,Kano,11.476231,8.824999,Measles,0,22.08,1,1
2026-08-27,76634903.0,Dal Primary Health Center,Garko,Kano,11.476231,8.824999,BCG,313,20.88,1,0
2026-08-27,76634903.0,Dal Primary Health Center,Garko,Kano,11.476231,8.824999,Penta,258,20.88,1,0
2026-08-27,76634903.0,Dal Primary Health Center,Garko,Kano,11.476231,8.824999,Measles,360,20.88,1,1
2026-08-05,68702336.0,Unguwar Kudu Health Post,Garum Mallam,Kano,11.695721,8.437705,BCG,229,12.66,1,0
2026-08-05,68702336.0,Unguwar Kudu Health Post,Garum Mallam,Kano,11.695721,8.437705,Penta,236,12.66,1,0
2026-08-05,68702336.0,Unguwar Kudu Health Post,Garum Mallam,Kano,11.695721,8.437705,Measles,213,12.66,1,0
2026-08-08,68702336.0,Unguwar Kudu Health Post,Garum Mallam,Kano,11.695721,8.437705,BCG,169,16.96,1,0
2026-08-08,68702336.0,Unguwar Kudu Health Post,Garum Mallam,Kano,11.695721,8.437705,Penta,172,16.96,1,0
2026-08-08,68702336.0,Unguwar Kudu Health Post,Garum Mallam,Kano,11.695721,8.437705,Measles,168,16.96,1,0
2026-08-17,68702336.0,Unguwar Kudu Health Post,Garum Mallam,Kano,11.695721,8.437705,BCG,119,22.17,1,0
2026-08-17,68702336.0,Unguwar Kudu Health Post,Garum Mallam,Kano,11.695721,8.437705,Penta,129,22.17,1,0
2026-08-17,68702336.0,Unguwar Kudu Health Post,Garum Mallam,Kano,11.695721,8.437705,Measles,134,22.17,1,0
2026-08-20,68702336.0,Unguwar Kudu Health Post,Garum Mallam,Kano,11.695721,8.437705,BCG,59,21.0,1,0
2026-08-20,68702336.0,Unguwar Kudu Health Post,Garum Mallam,Kano,11.695721,8.437705,Penta,87,21.0,1,0
2026-08-20,68702336.0,Unguwar Kudu Health Post,Garum Mallam,Kano,11.695721,8.437705,Measles,90,21.0,1,0
2026-08-22,68702336.0,Unguwar Kudu Health Post,Garum Mallam,Kano,11.695721,8.437705,BCG,20,21.37,1,0
2026-08-22,68702336.0,Unguwar Kudu Health Post,Garum Mallam,Kano,11.695721,8.437705,Penta,417,21.37,1,0
2026-08-22,68702336.0,Unguwar Kudu Health Post,Garum Mallam,Kano,11.695721,8.437705,Measles,360,21.37,1,1
2026-08-23,68702336.0,Unguwar Kudu Health Post,Garum Mallam,Kano,11.695721,8.437705,BCG,360,17.94,1,1
2026-08-23,68702336.0,Unguwar Kudu Health Post,Garum Mallam,Kano,11.695721,8.437705,Penta,381,17.94,1,0
2026-08-23,68702336.0,Unguwar Kudu Health Post,Garum Mallam,Kano,11.695721,8.437705,Measles,312,17.94,1,0
2026-08-26,68702336.0,Unguwar Kudu Health Post,Garum Mallam,Kano,11.695721,8.437705,BCG,314,21.22,1,0
2026-08-26,68702336.0,Unguwar Kudu Health Post,Garum Mallam,Kano,11.695721,8.437705,Penta,334,21.22,1,0
2026-08-26,68702336.0,Unguwar Kudu Health Post,Garum Mallam,Kano,11.695721,8.437705,Measles,263,21.22,1,0
2026-08-27,68702336.0,Unguwar Kudu Health Post,Garum Mallam,Kano,11.695721,8.437705,BCG,267,18.87,1,0
2026-08-27,68702336.0,Unguwar Kudu Health Post,Garum Mallam,Kano,11.695721,8.437705,Penta,285,18.87,1,0
2026-08-27,68702336.0,Unguwar Kudu Health Post,Garum Mallam,Kano,11.695721,8.437705,Measles,211,18.87,1,0
2026-08-29,68702336.0,Unguwar Kudu Health Post,Garum Mallam,Kano,11.695721,8.437705,BCG,221,18.1,1,0
2026-08-29,68702336.0,Unguwar Kudu Health Post,Garum Mallam,Kano,11.695721,8.437705,Penta,229,18.1,1,0
2026-08-29,68702336.0,Unguwar Kudu Health Post,Garum Mallam,Kano,11.695721,8.437705,Measles,167,18.1,1,0
2026-08-30,68702336.0,Unguwar Kudu Health Post,Garum Mallam,Kano,11.695721,8.437705,BCG,180,15.86,1,0
2026-08-30,68702336.0,Unguwar Kudu Health Post,Garum Mallam,Kano,11.695721,8.437705,Penta,187,15.86,1,0
2026-08-30,68702336.0,Unguwar Kudu Health Post,Garum Mallam,Kano,11.695721,8.437705,Measles,112,15.86,1,0
2026-08-02,62558613.0,Kadawa Gate Primary Health Center,Garum Mallam,Kano,11.644432,8.411452,BCG,218,3.15,1,0
2026-08-02,62558613.0,Kadawa Gate Primary Health Center,Garum Mallam,Kano,11.644432,8.411452,Penta,231,3.15,1,0
2026-08-02,62558613.0,Kadawa Gate Primary Health Center,Garum Mallam,Kano,11.644432,8.411452,Measles,230,3.15,1,0
2026-08-03,62558613.0,Kadawa Gate Primary Health Center,Garum Mallam,Kano,11.644432,8.411452,BCG,180,2.0,1,0
2026-08-03,62558613.0,Kadawa Gate Primary Health Center,Garum Mallam,Kano,11.644432,8.411452,Penta,185,2.0,1,0
2026-08-03,62558613.0,Kadawa Gate Primary Health Center,Garum Mallam,Kano,11.644432,8.411452,Measles,189,2.0,1,0
2026-08-05,62558613.0,Kadawa Gate Primary Health Center,Garum Mallam,Kano,11.644432,8.411452,BCG,134,2.0,1,0
2026-08-05,62558613.0,Kadawa Gate Primary Health Center,Garum Mallam,Kano,11.644432,8.411452,Penta,127,2.0,1,0
2026-08-05,62558613.0,Kadawa Gate Primary Health Center,Garum Mallam,Kano,11.644432,8.411452,Measles,138,2.0,1,0
2026-08-11,62558613.0,Kadawa Gate Primary Health Center,Garum Mallam,Kano,11.644432,8.411452,BCG,85,13.07,1,0
2026-08-11,62558613.0,Kadawa Gate Primary Health Center,Garum Mallam,Kano,11.644432,8.411452,Penta,69,13.07,1,0
2026-08-11,62558613.0,Kadawa Gate Primary Health Center,Garum Mallam,Kano,11.644432,8.411452,Measles,84,13.07,1,0
2026-08-13,62558613.0,Kadawa Gate Primary Health Center,Garum Mallam,Kano,11.644432,8.411452,BCG,400,14.96,1,0
2026-08-13,62558613.0,Kadawa Gate Primary Health Center,Garum Mallam,Kano,11.644432,8.411452,Penta,0,14.96,1,1
2026-08-13,62558613.0,Kadawa Gate Primary Health Center,Garum Mallam,Kano,11.644432,8.411452,Measles,41,14.96,1,0
2026-08-16,62558613.0,Kadawa Gate Primary Health Center,Garum Mallam,Kano,11.644432,8.411452,BCG,353,14.92,1,0
2026-08-16,62558613.0,Kadawa Gate Primary Health Center,Garum Mallam,Kano,11.644432,8.411452,Penta,0,14.92,1,1
2026-08-16,62558613.0,Kadawa Gate Primary Health Center,Garum Mallam,Kano,11.644432,8.411452,Measles,0,14.92,1,1
2026-08-17,62558613.0,Kadawa Gate Primary Health Center,Garum Mallam,Kano,11.644432,8.411452,BCG,304,12.7,1,0
2026-08-17,62558613.0,Kadawa Gate Primary Health Center,Garum Mallam,Kano,11.644432,8.411452,Penta,360,12.7,1,1
2026-08-17,62558613.0,Kadawa Gate Primary Health Center,Garum Mallam,Kano,11.644432,8.411452,Measles,0,12.7,1,1
2026-08-19,62558613.0,Kadawa Gate Primary Health Center,Garum Mallam,Kano,11.644432,8.411452,BCG,360,14.89,1,1
2026-08-19,62558613.0,Kadawa Gate Primary Health Center,Garum Mallam,Kano,11.644432,8.411452,Penta,360,14.89,1,1
2026-08-19,62558613.0,Kadawa Gate Primary Health Center,Garum Mallam,Kano,11.644432,8.411452,Measles,360,14.89,1,1
2026-08-21,62558613.0,Kadawa Gate Primary Health Center,Garum Mallam,Kano,11.644432,8.411452,BCG,322,14.53,1,0
2026-08-21,62558613.0,Kadawa Gate Primary Health Center,Garum Mallam,Kano,11.644432,8.411452,Penta,360,14.53,1,1
2026-08-21,62558613.0,Kadawa Gate Primary Health Center,Garum Mallam,Kano,11.644432,8.411452,Measles,317,14.53,1,0
2026-08-23,62558613.0,Kadawa Gate Primary Health Center,Garum Mallam,Kano,11.644432,8.411452,BCG,280,17.9,1,0
2026-08-23,62558613.0,Kadawa Gate Primary Health Center,Garum Mallam,Kano,11.644432,8.411452,Penta,307,17.9,1,0
2026-08-23,62558613.0,Kadawa Gate Primary Health Center,Garum Mallam,Kano,11.644432,8.411452,Measles,272,17.9,1,0
2026-08-26,62558613.0,Kadawa Gate Primary Health Center,Garum Mallam,Kano,11.644432,8.411452,BCG,231,22.42,1,0
2026-08-26,62558613.0,Kadawa Gate Primary Health Center,Garum Mallam,Kano,11.644432,8.411452,Penta,258,22.42,1,0
2026-08-26,62558613.0,Kadawa Gate Primary Health Center,Garum Mallam,Kano,11.644432,8.411452,Measles,0,22.42,1,1
2026-08-27,62558613.0,Kadawa Gate Primary Health Center,Garum Mallam,Kano,11.644432,8.411452,BCG,184,19.62,1,0
2026-08-27,62558613.0,Kadawa Gate Primary Health Center,Garum Mallam,Kano,11.644432,8.411452,Penta,221,19.62,1,0
2026-08-27,62558613.0,Kadawa Gate Primary Health Center,Garum Mallam,Kano,11.644432,8.411452,Measles,0,19.62,1,1
2026-08-01,16519865.0,Rabiu Musa Kwankwaso Primary Health Center,Gaya,Kano,11.865061,9.005146,BCG,228,2.0,1,0
2026-08-01,16519865.0,Rabiu Musa Kwankwaso Primary Health Center,Gaya,Kano,11.865061,9.005146,Penta,219,2.0,1,0
2026-08-01,16519865.0,Rabiu Musa Kwankwaso Primary Health Center,Gaya,Kano,11.865061,9.005146,Measles,222,2.0,1,0
2026-08-02,16519865.0,Rabiu Musa Kwankwaso Primary Health Center,Gaya,Kano,11.865061,9.005146,BCG,173,2.0,1,0
2026-08-02,16519865.0,Rabiu Musa Kwankwaso Primary Health Center,Gaya,Kano,11.865061,9.005146,Penta,175,2.0,1,0
2026-08-02,16519865.0,Rabiu Musa Kwankwaso Primary Health Center,Gaya,Kano,11.865061,9.005146,Measles,182,2.0,1,0
2026-08-03,16519865.0,Rabiu Musa Kwankwaso Primary Health Center,Gaya,Kano,11.865061,9.005146,BCG,115,2.0,1,0
2026-08-03,16519865.0,Rabiu Musa Kwankwaso Primary Health Center,Gaya,Kano,11.865061,9.005146,Penta,131,2.0,1,0
2026-08-03,16519865.0,Rabiu Musa Kwankwaso Primary Health Center,Gaya,Kano,11.865061,9.005146,Measles,131,2.0,1,0
2026-08-04,16519865.0,Rabiu Musa Kwankwaso Primary Health Center,Gaya,Kano,11.865061,9.005146,BCG,437,2.0,1,0
2026-08-04,16519865.0,Rabiu Musa Kwankwaso Primary Health Center,Gaya,Kano,11.865061,9.005146,Penta,101,2.0,1,0
2026-08-04,16519865.0,Rabiu Musa Kwankwaso Primary Health Center,Gaya,Kano,11.865061,9.005146,Measles,83,2.0,1,0
2026-08-05,16519865.0,Rabiu Musa Kwankwaso Primary Health Center,Gaya,Kano,11.865061,9.005146,BCG,405,2.0,1,0
2026-08-05,16519865.0,Rabiu Musa Kwankwaso Primary Health Center,Gaya,Kano,11.865061,9.005146,Penta,63,2.0,1,0
2026-08-05,16519865.0,Rabiu Musa Kwankwaso Primary Health Center,Gaya,Kano,11.865061,9.005146,Measles,41,2.0,1,0
2026-08-07,16519865.0,Rabiu Musa Kwankwaso Primary Health Center,Gaya,Kano,11.865061,9.005146,BCG,355,2.0,1,0
2026-08-07,16519865.0,Rabiu Musa Kwankwaso Primary Health Center,Gaya,Kano,11.865061,9.005146,Penta,24,2.0,1,0
2026-08-07,16519865.0,Rabiu Musa Kwankwaso Primary Health Center,Gaya,Kano,11.865061,9.005146,Measles,0,2.0,1,1
2026-08-08,16519865.0,Rabiu Musa Kwankwaso Primary Health Center,Gaya,Kano,11.865061,9.005146,BCG,308,2.0,1,0
2026-08-08,16519865.0,Rabiu Musa Kwankwaso Primary Health Center,Gaya,Kano,11.865061,9.005146,Penta,0,2.0,1,1
2026-08-08,16519865.0,Rabiu Musa Kwankwaso Primary Health Center,Gaya,Kano,11.865061,9.005146,Measles,360,2.0,1,1
2026-08-09,16519865.0,Rabiu Musa Kwankwaso Primary Health Center,Gaya,Kano,11.865061,9.005146,BCG,261,2.0,1,0
2026-08-09,16519865.0,Rabiu Musa Kwankwaso Primary Health Center,Gaya,Kano,11.865061,9.005146,Penta,0,2.0,1,1
2026-08-09,16519865.0,Rabiu Musa Kwankwaso Primary Health Center,Gaya,Kano,11.865061,9.005146,Measles,318,2.0,1,0
2026-08-13,16519865.0,Rabiu Musa Kwankwaso Primary Health Center,Gaya,Kano,11.865061,9.005146,BCG,191,8.18,1,0
2026-08-13,16519865.0,Rabiu Musa Kwankwaso Primary Health Center,Gaya,Kano,11.865061,9.005146,Penta,0,8.18,1,1
2026-08-13,16519865.0,Rabiu Musa Kwankwaso Primary Health Center,Gaya,Kano,11.865061,9.005146,Measles,272,8.18,1,0
2026-08-15,16519865.0,Rabiu Musa Kwankwaso Primary Health Center,Gaya,Kano,11.865061,9.005146,BCG,144,8.12,1,0
2026-08-15,16519865.0,Rabiu Musa Kwankwaso Primary Health Center,Gaya,Kano,11.865061,9.005146,Penta,360,8.12,1,1
2026-08-15,16519865.0,Rabiu Musa Kwankwaso Primary Health Center,Gaya,Kano,11.865061,9.005146,Measles,218,8.12,1,0
2026-08-17,16519865.0,Rabiu Musa Kwankwaso Primary Health Center,Gaya,Kano,11.865061,9.005146,BCG,108,8.9,1,0
2026-08-17,16519865.0,Rabiu Musa Kwankwaso Primary Health Center,Gaya,Kano,11.865061,9.005146,Penta,322,8.9,1,0
2026-08-17,16519865.0,Rabiu Musa Kwankwaso Primary Health Center,Gaya,Kano,11.865061,9.005146,Measles,166,8.9,1,0
2026-08-20,16519865.0,Rabiu Musa Kwankwaso Primary Health Center,Gaya,Kano,11.865061,9.005146,BCG,65,11.56,1,0
2026-08-20,16519865.0,Rabiu Musa Kwankwaso Primary Health Center,Gaya,Kano,11.865061,9.005146,Penta,274,11.56,1,0
2026-08-20,16519865.0,Rabiu Musa Kwankwaso Primary Health Center,Gaya,Kano,11.865061,9.005146,Measles,122,11.56,1,0
2026-08-25,16519865.0,Rabiu Musa Kwankwaso Primary Health Center,Gaya,Kano,11.865061,9.005146,BCG,22,20.0,1,0
2026-08-25,16519865.0,Rabiu Musa Kwankwaso Primary Health Center,Gaya,Kano,11.865061,9.005146,Penta,237,20.0,1,0
2026-08-25,16519865.0,Rabiu Musa Kwankwaso Primary Health Center,Gaya,Kano,11.865061,9.005146,Measles,75,20.0,1,0
2026-08-29,16519865.0,Rabiu Musa Kwankwaso Primary Health Center,Gaya,Kano,11.865061,9.005146,BCG,360,21.15,1,1
2026-08-29,16519865.0,Rabiu Musa Kwankwaso Primary Health Center,Gaya,Kano,11.865061,9.005146,Penta,0,21.15,1,1
2026-08-29,16519865.0,Rabiu Musa Kwankwaso Primary Health Center,Gaya,Kano,11.865061,9.005146,Measles,30,21.15,1,0
2026-08-01,,Gaya Primary Health Center,Gaya,Kano,11.86213,9.00813,BCG,225,2.0,1,0
2026-08-01,,Gaya Primary Health Center,Gaya,Kano,11.86213,9.00813,Penta,228,2.0,1,0
2026-08-01,,Gaya Primary Health Center,Gaya,Kano,11.86213,9.00813,Measles,209,2.0,1,0
2026-08-03,,Gaya Primary Health Center,Gaya,Kano,11.86213,9.00813,BCG,181,2.64,1,0
2026-08-03,,Gaya Primary Health Center,Gaya,Kano,11.86213,9.00813,Penta,197,2.64,1,0
2026-08-03,,Gaya Primary Health Center,Gaya,Kano,11.86213,9.00813,Measles,169,2.64,1,0
2026-08-06,,Gaya Primary Health Center,Gaya,Kano,11.86213,9.00813,BCG,127,9.3,1,0
2026-08-06,,Gaya Primary Health Center,Gaya,Kano,11.86213,9.00813,Penta,144,9.3,1,0
2026-08-06,,Gaya Primary Health Center,Gaya,Kano,11.86213,9.00813,Measles,134,9.3,1,0
2026-08-14,,Gaya Primary Health Center,Gaya,Kano,11.86213,9.00813,BCG,79,21.49,1,0
2026-08-14,,Gaya Primary Health Center,Gaya,Kano,11.86213,9.00813,Penta,103,21.49,1,0
2026-08-14,,Gaya Primary Health Center,Gaya,Kano,11.86213,9.00813,Measles,93,21.49,1,0
2026-08-18,,Gaya Primary Health Center,Gaya,Kano,11.86213,9.00813,BCG,25,20.4,1,0
2026-08-18,,Gaya Primary Health Center,Gaya,Kano,11.86213,9.00813,Penta,60,20.4,1,0
2026-08-18,,Gaya Primary Health Center,Gaya,Kano,11.86213,9.00813,Measles,54,20.4,1,0
2026-08-20,,Gaya Primary Health Center,Gaya,Kano,11.86213,9.00813,BCG,360,20.09,1,1
2026-08-20,,Gaya Primary Health Center,Gaya,Kano,11.86213,9.00813,Penta,5,20.09,1,0
2026-08-20,,Gaya Primary Health Center,Gaya,Kano,11.86213,9.00813,Measles,366,20.09,1,0
2026-08-25,,Gaya Primary Health Center,Gaya,Kano,11.86213,9.00813,BCG,0,20.62,1,1
2026-08-25,,Gaya Primary Health Center,Gaya,Kano,11.86213,9.00813,Penta,0,20.62,1,1
2026-08-25,,Gaya Primary Health Center,Gaya,Kano,11.86213,9.00813,Measles,319,20.62,1,0
2026-08-02,13244342.0,Mesar Tudu Health Post,Gezawa,Kano,12.123433,8.721703,BCG,233,5.15,1,0
2026-08-02,13244342.0,Mesar Tudu Health Post,Gezawa,Kano,12.123433,8.721703,Penta,230,5.15,1,0
2026-08-02,13244342.0,Mesar Tudu Health Post,Gezawa,Kano,12.123433,8.721703,Measles,226,5.15,1,0
2026-08-04,13244342.0,Mesar Tudu Health Post,Gezawa,Kano,12.123433,8.721703,BCG,202,4.56,1,0
2026-08-04,13244342.0,Mesar Tudu Health Post,Gezawa,Kano,12.123433,8.721703,Penta,186,4.56,1,0
2026-08-04,13244342.0,Mesar Tudu Health Post,Gezawa,Kano,12.123433,8.721703,Measles,187,4.56,1,0
2026-08-05,13244342.0,Mesar Tudu Health Post,Gezawa,Kano,12.123433,8.721703,BCG,150,2.0,1,0
2026-08-05,13244342.0,Mesar Tudu Health Post,Gezawa,Kano,12.123433,8.721703,Penta,138,2.0,1,0
2026-08-05,13244342.0,Mesar Tudu Health Post,Gezawa,Kano,12.123433,8.721703,Measles,147,2.0,1,0
2026-08-07,13244342.0,Mesar Tudu Health Post,Gezawa,Kano,12.123433,8.721703,BCG,108,6.57,1,0
2026-08-07,13244342.0,Mesar Tudu Health Post,Gezawa,Kano,12.123433,8.721703,Penta,92,6.57,1,0
2026-08-07,13244342.0,Mesar Tudu Health Post,Gezawa,Kano,12.123433,8.721703,Measles,104,6.57,1,0
2026-08-09,13244342.0,Mesar Tudu Health Post,Gezawa,Kano,12.123433,8.721703,BCG,66,7.31,1,0
2026-08-09,13244342.0,Mesar Tudu Health Post,Gezawa,Kano,12.123433,8.721703,Penta,39,7.31,1,0
2026-08-09,13244342.0,Mesar Tudu Health Post,Gezawa,Kano,12.123433,8.721703,Measles,46,7.31,1,0
2026-08-15,13244342.0,Mesar Tudu Health Post,Gezawa,Kano,12.123433,8.721703,BCG,380,21.59,1,0
2026-08-15,13244342.0,Mesar Tudu Health Post,Gezawa,Kano,12.123433,8.721703,Penta,0,21.59,1,1
2026-08-15,13244342.0,Mesar Tudu Health Post,Gezawa,Kano,12.123433,8.721703,Measles,8,21.59,1,0
2026-08-17,13244342.0,Mesar Tudu Health Post,Gezawa,Kano,12.123433,8.721703,BCG,343,21.47,1,0
2026-08-17,13244342.0,Mesar Tudu Health Post,Gezawa,Kano,12.123433,8.721703,Penta,0,21.47,1,1
2026-08-17,13244342.0,Mesar Tudu Health Post,Gezawa,Kano,12.123433,8.721703,Measles,0,21.47,1,1
2026-08-18,13244342.0,Mesar Tudu Health Post,Gezawa,Kano,12.123433,8.721703,BCG,294,18.62,1,0
2026-08-18,13244342.0,Mesar Tudu Health Post,Gezawa,Kano,12.123433,8.721703,Penta,0,18.62,1,1
2026-08-18,13244342.0,Mesar Tudu Health Post,Gezawa,Kano,12.123433,8.721703,Measles,0,18.62,1,1
2026-08-19,13244342.0,Mesar Tudu Health Post,Gezawa,Kano,12.123433,8.721703,BCG,243,16.87,1,0
2026-08-19,13244342.0,Mesar Tudu Health Post,Gezawa,Kano,12.123433,8.721703,Penta,0,16.87,1,1
2026-08-19,13244342.0,Mesar Tudu Health Post,Gezawa,Kano,12.123433,8.721703,Measles,360,16.87,1,1
2026-08-22,13244342.0,Mesar Tudu Health Post,Gezawa,Kano,12.123433,8.721703,BCG,200,20.82,1,0
2026-08-22,13244342.0,Mesar Tudu Health Post,Gezawa,Kano,12.123433,8.721703,Penta,0,20.82,1,1
2026-08-22,13244342.0,Mesar Tudu Health Post,Gezawa,Kano,12.123433,8.721703,Measles,290,20.82,1,0
2026-08-24,13244342.0,Mesar Tudu Health Post,Gezawa,Kano,12.123433,8.721703,BCG,158,21.89,1,0
2026-08-24,13244342.0,Mesar Tudu Health Post,Gezawa,Kano,12.123433,8.721703,Penta,360,21.89,1,1
2026-08-24,13244342.0,Mesar Tudu Health Post,Gezawa,Kano,12.123433,8.721703,Measles,248,21.89,1,0
2026-08-25,13244342.0,Mesar Tudu Health Post,Gezawa,Kano,12.123433,8.721703,BCG,0,18.74,1,1
2026-08-25,13244342.0,Mesar Tudu Health Post,Gezawa,Kano,12.123433,8.721703,Penta,310,18.74,1,0
2026-08-25,13244342.0,Mesar Tudu Health Post,Gezawa,Kano,12.123433,8.721703,Measles,206,18.74,1,0
2026-08-26,13244342.0,Mesar Tudu Health Post,Gezawa,Kano,12.123433,8.721703,BCG,0,16.27,1,1
2026-08-26,13244342.0,Mesar Tudu Health Post,Gezawa,Kano,12.123433,8.721703,Penta,255,16.27,1,0
2026-08-26,13244342.0,Mesar Tudu Health Post,Gezawa,Kano,12.123433,8.721703,Measles,167,16.27,1,0
2026-08-03,,Makera Basic Health Center,Gezawa,Kano,11.983936,8.623301392,BCG,211,7.55,1,0
2026-08-03,,Makera Basic Health Center,Gezawa,Kano,11.983936,8.623301392,Penta,213,7.55,1,0
2026-08-03,,Makera Basic Health Center,Gezawa,Kano,11.983936,8.623301392,Measles,223,7.55,1,0
2026-08-04,,Makera Basic Health Center,Gezawa,Kano,11.983936,8.623301392,BCG,172,5.39,1,0
2026-08-04,,Makera Basic Health Center,Gezawa,Kano,11.983936,8.623301392,Penta,158,5.39,1,0
2026-08-04,,Makera Basic Health Center,Gezawa,Kano,11.983936,8.623301392,Measles,179,5.39,1,0
2026-08-07,,Makera Basic Health Center,Gezawa,Kano,11.983936,8.623301392,BCG,139,6.35,1,0
2026-08-07,,Makera Basic Health Center,Gezawa,Kano,11.983936,8.623301392,Penta,121,6.35,1,0
2026-08-07,,Makera Basic Health Center,Gezawa,Kano,11.983936,8.623301392,Measles,142,6.35,1,0
2026-08-08,,Makera Basic Health Center,Gezawa,Kano,11.983936,8.623301392,BCG,445,3.84,1,0
2026-08-08,,Makera Basic Health Center,Gezawa,Kano,11.983936,8.623301392,Penta,72,3.84,1,0
2026-08-08,,Makera Basic Health Center,Gezawa,Kano,11.983936,8.623301392,Measles,104,3.84,1,0
2026-08-13,,Makera Basic Health Center,Gezawa,Kano,11.983936,8.623301392,BCG,395,19.03,1,0
2026-08-13,,Makera Basic Health Center,Gezawa,Kano,11.983936,8.623301392,Penta,32,19.03,1,0
2026-08-13,,Makera Basic Health Center,Gezawa,Kano,11.983936,8.623301392,Measles,0,19.03,1,1
2026-08-14,,Makera Basic Health Center,Gezawa,Kano,11.983936,8.623301392,BCG,353,17.24,1,0
2026-08-14,,Makera Basic Health Center,Gezawa,Kano,11.983936,8.623301392,Penta,0,17.24,1,1
2026-08-14,,Makera Basic Health Center,Gezawa,Kano,11.983936,8.623301392,Measles,0,17.24,1,1
2026-08-16,,Makera Basic Health Center,Gezawa,Kano,11.983936,8.623301392,BCG,304,18.18,1,0
2026-08-16,,Makera Basic Health Center,Gezawa,Kano,11.983936,8.623301392,Penta,0,18.18,1,1
2026-08-16,,Makera Basic Health Center,Gezawa,Kano,11.983936,8.623301392,Measles,0,18.18,1,1
2026-08-17,,Makera Basic Health Center,Gezawa,Kano,11.983936,8.623301392,BCG,256,16.17,1,0
2026-08-17,,Makera Basic Health Center,Gezawa,Kano,11.983936,8.623301392,Penta,0,16.17,1,1
2026-08-17,,Makera Basic Health Center,Gezawa,Kano,11.983936,8.623301392,Measles,360,16.17,1,1
2026-08-26,,Makera Basic Health Center,Gezawa,Kano,11.983936,8.623301392,BCG,214,22.18,1,0
2026-08-26,,Makera Basic Health Center,Gezawa,Kano,11.983936,8.623301392,Penta,0,22.18,1,1
2026-08-26,,Makera Basic Health Center,Gezawa,Kano,11.983936,8.623301392,Measles,317,22.18,1,0
2026-08-27,,Makera Basic Health Center,Gezawa,Kano,11.983936,8.623301392,BCG,167,18.42,1,0
2026-08-27,,Makera Basic Health Center,Gezawa,Kano,11.983936,8.623301392,Penta,0,18.42,1,1
2026-08-27,,Makera Basic Health Center,Gezawa,Kano,11.983936,8.623301392,Measles,265,18.42,1,0
2026-08-29,,Makera Basic Health Center,Gezawa,Kano,11.983936,8.623301392,BCG,111,20.64,1,0
2026-08-29,,Makera Basic Health Center,Gezawa,Kano,11.983936,8.623301392,Penta,0,20.64,1,1
2026-08-29,,Makera Basic Health Center,Gezawa,Kano,11.983936,8.623301392,Measles,220,20.64,1,0
2026-08-05,12909557.0,Kabuga Primary Health Center,Gwale,Kano,11.98378857,8.474585926,BCG,235,18.12,1,0
2026-08-05,12909557.0,Kabuga Primary Health Center,Gwale,Kano,11.98378857,8.474585926,Penta,234,18.12,1,0
2026-08-05,12909557.0,Kabuga Primary Health Center,Gwale,Kano,11.98378857,8.474585926,Measles,228,18.12,1,0
2026-08-06,12909557.0,Kabuga Primary Health Center,Gwale,Kano,11.98378857,8.474585926,BCG,0,14.65,1,1
2026-08-06,12909557.0,Kabuga Primary Health Center,Gwale,Kano,11.98378857,8.474585926,Penta,190,14.65,1,0
2026-08-06,12909557.0,Kabuga Primary Health Center,Gwale,Kano,11.98378857,8.474585926,Measles,360,14.65,1,1
2026-08-09,12909557.0,Kabuga Primary Health Center,Gwale,Kano,11.98378857,8.474585926,BCG,360,13.4,1,1
2026-08-09,12909557.0,Kabuga Primary Health Center,Gwale,Kano,11.98378857,8.474585926,Penta,144,13.4,1,0
2026-08-09,12909557.0,Kabuga Primary Health Center,Gwale,Kano,11.98378857,8.474585926,Measles,312,13.4,1,0
2026-08-10,12909557.0,Kabuga Primary Health Center,Gwale,Kano,11.98378857,8.474585926,BCG,321,10.23,1,0
2026-08-10,12909557.0,Kabuga Primary Health Center,Gwale,Kano,11.98378857,8.474585926,Penta,102,10.23,1,0
2026-08-10,12909557.0,Kabuga Primary Health Center,Gwale,Kano,11.98378857,8.474585926,Measles,276,10.23,1,0
2026-08-13,12909557.0,Kabuga Primary Health Center,Gwale,Kano,11.98378857,8.474585926,BCG,274,15.82,1,0
2026-08-13,12909557.0,Kabuga Primary Health Center,Gwale,Kano,11.98378857,8.474585926,Penta,417,15.82,1,0
2026-08-13,12909557.0,Kabuga Primary Health Center,Gwale,Kano,11.98378857,8.474585926,Measles,230,15.82,1,0
2026-08-14,12909557.0,Kabuga Primary Health Center,Gwale,Kano,11.98378857,8.474585926,BCG,228,13.03,1,0
2026-08-14,12909557.0,Kabuga Primary Health Center,Gwale,Kano,11.98378857,8.474585926,Penta,365,13.03,1,0
2026-08-14,12909557.0,Kabuga Primary Health Center,Gwale,Kano,11.98378857,8.474585926,Measles,191,13.03,1,0
2026-08-18,12909557.0,Kabuga Primary Health Center,Gwale,Kano,11.98378857,8.474585926,BCG,189,21.44,1,0
2026-08-18,12909557.0,Kabuga Primary Health Center,Gwale,Kano,11.98378857,8.474585926,Penta,314,21.44,1,0
2026-08-18,12909557.0,Kabuga Primary Health Center,Gwale,Kano,11.98378857,8.474585926,Measles,154,21.44,1,0
2026-08-19,12909557.0,Kabuga Primary Health Center,Gwale,Kano,11.98378857,8.474585926,BCG,148,18.27,1,0
2026-08-19,12909557.0,Kabuga Primary Health Center,Gwale,Kano,11.98378857,8.474585926,Penta,271,18.27,1,0
2026-08-19,12909557.0,Kabuga Primary Health Center,Gwale,Kano,11.98378857,8.474585926,Measles,360,18.27,1,1
2026-08-24,12909557.0,Kabuga Primary Health Center,Gwale,Kano,11.98378857,8.474585926,BCG,448,21.22,1,0
2026-08-24,12909557.0,Kabuga Primary Health Center,Gwale,Kano,11.98378857,8.474585926,Penta,217,21.22,1,0
2026-08-24,12909557.0,Kabuga Primary Health Center,Gwale,Kano,11.98378857,8.474585926,Measles,320,21.22,1,0
2026-08-25,12909557.0,Kabuga Primary Health Center,Gwale,Kano,11.98378857,8.474585926,BCG,406,18.74,1,0
2026-08-25,12909557.0,Kabuga Primary Health Center,Gwale,Kano,11.98378857,8.474585926,Penta,175,18.74,1,0
2026-08-25,12909557.0,Kabuga Primary Health Center,Gwale,Kano,11.98378857,8.474585926,Measles,275,18.74,1,0
2026-08-27,12909557.0,Kabuga Primary Health Center,Gwale,Kano,11.98378857,8.474585926,BCG,344,18.7,1,0
2026-08-27,12909557.0,Kabuga Primary Health Center,Gwale,Kano,11.98378857,8.474585926,Penta,128,18.7,1,0
2026-08-27,12909557.0,Kabuga Primary Health Center,Gwale,Kano,11.98378857,8.474585926,Measles,227,18.7,1,0
2026-08-01,12598562.0,Gadan Kaya Health Clinic,Gwale,Kano,11.984956,8.492864,BCG,217,2.0,1,0
2026-08-01,12598562.0,Gadan Kaya Health Clinic,Gwale,Kano,11.984956,8.492864,Penta,217,2.0,1,0
2026-08-01,12598562.0,Gadan Kaya Health Clinic,Gwale,Kano,11.984956,8.492864,Measles,236,2.0,1,0
2026-08-04,12598562.0,Gadan Kaya Health Clinic,Gwale,Kano,11.984956,8.492864,BCG,185,5.28,1,0
2026-08-04,12598562.0,Gadan Kaya Health Clinic,Gwale,Kano,11.984956,8.492864,Penta,171,5.28,1,0
2026-08-04,12598562.0,Gadan Kaya Health Clinic,Gwale,Kano,11.984956,8.492864,Measles,193,5.28,1,0
2026-08-05,12598562.0,Gadan Kaya Health Clinic,Gwale,Kano,11.984956,8.492864,BCG,138,2.0,1,0
2026-08-05,12598562.0,Gadan Kaya Health Clinic,Gwale,Kano,11.984956,8.492864,Penta,126,2.0,1,0
2026-08-05,12598562.0,Gadan Kaya Health Clinic,Gwale,Kano,11.984956,8.492864,Measles,138,2.0,1,0
2026-08-06,12598562.0,Gadan Kaya Health Clinic,Gwale,Kano,11.984956,8.492864,BCG,104,2.0,1,0
2026-08-06,12598562.0,Gadan Kaya Health Clinic,Gwale,Kano,11.984956,8.492864,Penta,86,2.0,1,0
2026-08-06,12598562.0,Gadan Kaya Health Clinic,Gwale,Kano,11.984956,8.492864,Measles,76,2.0,1,0
2026-08-08,12598562.0,Gadan Kaya Health Clinic,Gwale,Kano,11.984956,8.492864,BCG,67,2.0,1,0
2026-08-08,12598562.0,Gadan Kaya Health Clinic,Gwale,Kano,11.984956,8.492864,Penta,41,2.0,1,0
2026-08-08,12598562.0,Gadan Kaya Health Clinic,Gwale,Kano,11.984956,8.492864,Measles,33,2.0,1,0
2026-08-12,12598562.0,Gadan Kaya Health Clinic,Gwale,Kano,11.984956,8.492864,BCG,388,10.01,1,0
2026-08-12,12598562.0,Gadan Kaya Health Clinic,Gwale,Kano,11.984956,8.492864,Penta,0,10.01,1,1
2026-08-12,12598562.0,Gadan Kaya Health Clinic,Gwale,Kano,11.984956,8.492864,Measles,0,10.01,1,1
2026-08-13,12598562.0,Gadan Kaya Health Clinic,Gwale,Kano,11.984956,8.492864,BCG,342,6.65,1,0
2026-08-13,12598562.0,Gadan Kaya Health Clinic,Gwale,Kano,11.984956,8.492864,Penta,0,6.65,1,1
2026-08-13,12598562.0,Gadan Kaya Health Clinic,Gwale,Kano,11.984956,8.492864,Measles,0,6.65,1,1
2026-08-14,12598562.0,Gadan Kaya Health Clinic,Gwale,Kano,11.984956,8.492864,BCG,301,3.7,1,0
2026-08-14,12598562.0,Gadan Kaya Health Clinic,Gwale,Kano,11.984956,8.492864,Penta,0,3.7,1,1
2026-08-14,12598562.0,Gadan Kaya Health Clinic,Gwale,Kano,11.984956,8.492864,Measles,0,3.7,1,1
2026-08-16,12598562.0,Gadan Kaya Health Clinic,Gwale,Kano,11.984956,8.492864,BCG,262,3.92,1,0
2026-08-16,12598562.0,Gadan Kaya Health Clinic,Gwale,Kano,11.984956,8.492864,Penta,360,3.92,1,1
2026-08-16,12598562.0,Gadan Kaya Health Clinic,Gwale,Kano,11.984956,8.492864,Measles,0,3.92,1,1
2026-08-18,12598562.0,Gadan Kaya Health Clinic,Gwale,Kano,11.984956,8.492864,BCG,215,6.06,1,0
2026-08-18,12598562.0,Gadan Kaya Health Clinic,Gwale,Kano,11.984956,8.492864,Penta,318,6.06,1,0
2026-08-18,12598562.0,Gadan Kaya Health Clinic,Gwale,Kano,11.984956,8.492864,Measles,0,6.06,1,1
2026-08-20,12598562.0,Gadan Kaya Health Clinic,Gwale,Kano,11.984956,8.492864,BCG,160,4.7,1,0
2026-08-20,12598562.0,Gadan Kaya Health Clinic,Gwale,Kano,11.984956,8.492864,Penta,270,4.7,1,0
2026-08-20,12598562.0,Gadan Kaya Health Clinic,Gwale,Kano,11.984956,8.492864,Measles,360,4.7,1,1
2026-08-22,12598562.0,Gadan Kaya Health Clinic,Gwale,Kano,11.984956,8.492864,BCG,111,6.34,1,0
2026-08-22,12598562.0,Gadan Kaya Health Clinic,Gwale,Kano,11.984956,8.492864,Penta,239,6.34,1,0
2026-08-22,12598562.0,Gadan Kaya Health Clinic,Gwale,Kano,11.984956,8.492864,Measles,300,6.34,1,0
2026-08-23,12598562.0,Gadan Kaya Health Clinic,Gwale,Kano,11.984956,8.492864,BCG,74,3.3,1,0
2026-08-23,12598562.0,Gadan Kaya Health Clinic,Gwale,Kano,11.984956,8.492864,Penta,194,3.3,1,0
2026-08-23,12598562.0,Gadan Kaya Health Clinic,Gwale,Kano,11.984956,8.492864,Measles,252,3.3,1,0
2026-08-24,12598562.0,Gadan Kaya Health Clinic,Gwale,Kano,11.984956,8.492864,BCG,36,2.0,1,0
2026-08-24,12598562.0,Gadan Kaya Health Clinic,Gwale,Kano,11.984956,8.492864,Penta,135,2.0,1,0
2026-08-24,12598562.0,Gadan Kaya Health Clinic,Gwale,Kano,11.984956,8.492864,Measles,206,2.0,1,0
2026-08-25,12598562.0,Gadan Kaya Health Clinic,Gwale,Kano,11.984956,8.492864,BCG,0,2.0,1,1
2026-08-25,12598562.0,Gadan Kaya Health Clinic,Gwale,Kano,11.984956,8.492864,Penta,446,2.0,1,0
2026-08-25,12598562.0,Gadan Kaya Health Clinic,Gwale,Kano,11.984956,8.492864,Measles,158,2.0,1,0
2026-08-26,12598562.0,Gadan Kaya Health Clinic,Gwale,Kano,11.984956,8.492864,BCG,0,2.0,1,1
2026-08-26,12598562.0,Gadan Kaya Health Clinic,Gwale,Kano,11.984956,8.492864,Penta,406,2.0,1,0
2026-08-26,12598562.0,Gadan Kaya Health Clinic,Gwale,Kano,11.984956,8.492864,Measles,116,2.0,1,0
2026-08-30,12598562.0,Gadan Kaya Health Clinic,Gwale,Kano,11.984956,8.492864,BCG,0,12.13,1,1
2026-08-30,12598562.0,Gadan Kaya Health Clinic,Gwale,Kano,11.984956,8.492864,Penta,0,12.13,1,1
2026-08-30,12598562.0,Gadan Kaya Health Clinic,Gwale,Kano,11.984956,8.492864,Measles,360,12.13,1,1
2026-08-02,,Sabin Layin Kara Model Primary Health Center,Gwarzo,Kano,11.82590333,7.933865,BCG,215,5.54,1,0
2026-08-02,,Sabin Layin Kara Model Primary Health Center,Gwarzo,Kano,11.82590333,7.933865,Penta,229,5.54,1,0
2026-08-02,,Sabin Layin Kara Model Primary Health Center,Gwarzo,Kano,11.82590333,7.933865,Measles,218,5.54,1,0
2026-08-08,,Sabin Layin Kara Model Primary Health Center,Gwarzo,Kano,11.82590333,7.933865,BCG,168,22.48,1,0
2026-08-08,,Sabin Layin Kara Model Primary Health Center,Gwarzo,Kano,11.82590333,7.933865,Penta,188,22.48,1,0
2026-08-08,,Sabin Layin Kara Model Primary Health Center,Gwarzo,Kano,11.82590333,7.933865,Measles,169,22.48,1,0
2026-08-09,,Sabin Layin Kara Model Primary Health Center,Gwarzo,Kano,11.82590333,7.933865,BCG,134,20.99,1,0
2026-08-09,,Sabin Layin Kara Model Primary Health Center,Gwarzo,Kano,11.82590333,7.933865,Penta,148,20.99,1,0
2026-08-09,,Sabin Layin Kara Model Primary Health Center,Gwarzo,Kano,11.82590333,7.933865,Measles,125,20.99,1,0
2026-08-11,,Sabin Layin Kara Model Primary Health Center,Gwarzo,Kano,11.82590333,7.933865,BCG,0,21.46,1,1
2026-08-11,,Sabin Layin Kara Model Primary Health Center,Gwarzo,Kano,11.82590333,7.933865,Penta,108,21.46,1,0
2026-08-11,,Sabin Layin Kara Model Primary Health Center,Gwarzo,Kano,11.82590333,7.933865,Measles,70,21.46,1,0
2026-08-13,,Sabin Layin Kara Model Primary Health Center,Gwarzo,Kano,11.82590333,7.933865,BCG,0,20.75,1,1
2026-08-13,,Sabin Layin Kara Model Primary Health Center,Gwarzo,Kano,11.82590333,7.933865,Penta,412,20.75,1,0
2026-08-13,,Sabin Layin Kara Model Primary Health Center,Gwarzo,Kano,11.82590333,7.933865,Measles,24,20.75,1,0
2026-08-19,,Sabin Layin Kara Model Primary Health Center,Gwarzo,Kano,11.82590333,7.933865,BCG,0,21.16,1,1
2026-08-19,,Sabin Layin Kara Model Primary Health Center,Gwarzo,Kano,11.82590333,7.933865,Penta,357,21.16,1,0
2026-08-19,,Sabin Layin Kara Model Primary Health Center,Gwarzo,Kano,11.82590333,7.933865,Measles,360,21.16,1,1
2026-08-28,,Sabin Layin Kara Model Primary Health Center,Gwarzo,Kano,11.82590333,7.933865,BCG,0,21.55,1,1
2026-08-28,,Sabin Layin Kara Model Primary Health Center,Gwarzo,Kano,11.82590333,7.933865,Penta,303,21.55,1,0
2026-08-28,,Sabin Layin Kara Model Primary Health Center,Gwarzo,Kano,11.82590333,7.933865,Measles,307,21.55,1,0
2026-08-29,,Sabin Layin Kara Model Primary Health Center,Gwarzo,Kano,11.82590333,7.933865,BCG,0,18.06,1,1
2026-08-29,,Sabin Layin Kara Model Primary Health Center,Gwarzo,Kano,11.82590333,7.933865,Penta,258,18.06,1,0
2026-08-29,,Sabin Layin Kara Model Primary Health Center,Gwarzo,Kano,11.82590333,7.933865,Measles,258,18.06,1,0
2026-08-04,26381828.0,Sabon Layin Kara Primary Health Center,Gwarzo,Kano,11.8249171,7.93284187,BCG,225,12.72,1,0
2026-08-04,26381828.0,Sabon Layin Kara Primary Health Center,Gwarzo,Kano,11.8249171,7.93284187,Penta,220,12.72,1,0
2026-08-04,26381828.0,Sabon Layin Kara Primary Health Center,Gwarzo,Kano,11.8249171,7.93284187,Measles,223,12.72,1,0
2026-08-14,26381828.0,Sabon Layin Kara Primary Health Center,Gwarzo,Kano,11.8249171,7.93284187,BCG,184,22.82,1,0
2026-08-14,26381828.0,Sabon Layin Kara Primary Health Center,Gwarzo,Kano,11.8249171,7.93284187,Penta,0,22.82,1,1
2026-08-14,26381828.0,Sabon Layin Kara Primary Health Center,Gwarzo,Kano,11.8249171,7.93284187,Measles,181,22.82,1,0
2026-08-16,26381828.0,Sabon Layin Kara Primary Health Center,Gwarzo,Kano,11.8249171,7.93284187,BCG,0,21.82,1,1
2026-08-16,26381828.0,Sabon Layin Kara Primary Health Center,Gwarzo,Kano,11.8249171,7.93284187,Penta,0,21.82,1,1
2026-08-16,26381828.0,Sabon Layin Kara Primary Health Center,Gwarzo,Kano,11.8249171,7.93284187,Measles,141,21.82,1,0
2026-08-22,26381828.0,Sabon Layin Kara Primary Health Center,Gwarzo,Kano,11.8249171,7.93284187,BCG,0,21.59,1,1
2026-08-22,26381828.0,Sabon Layin Kara Primary Health Center,Gwarzo,Kano,11.8249171,7.93284187,Penta,0,21.59,1,1
2026-08-22,26381828.0,Sabon Layin Kara Primary Health Center,Gwarzo,Kano,11.8249171,7.93284187,Measles,93,21.59,1,0
2026-08-24,26381828.0,Sabon Layin Kara Primary Health Center,Gwarzo,Kano,11.8249171,7.93284187,BCG,360,21.4,1,1
2026-08-24,26381828.0,Sabon Layin Kara Primary Health Center,Gwarzo,Kano,11.8249171,7.93284187,Penta,0,21.4,1,1
2026-08-24,26381828.0,Sabon Layin Kara Primary Health Center,Gwarzo,Kano,11.8249171,7.93284187,Measles,403,21.4,1,0
2026-08-28,26381828.0,Sabon Layin Kara Primary Health Center,Gwarzo,Kano,11.8249171,7.93284187,BCG,315,20.73,1,0
2026-08-28,26381828.0,Sabon Layin Kara Primary Health Center,Gwarzo,Kano,11.8249171,7.93284187,Penta,360,20.73,1,1
2026-08-28,26381828.0,Sabon Layin Kara Primary Health Center,Gwarzo,Kano,11.8249171,7.93284187,Measles,358,20.73,1,0
2026-08-30,26381828.0,Sabon Layin Kara Primary Health Center,Gwarzo,Kano,11.8249171,7.93284187,BCG,0,20.57,1,1
2026-08-30,26381828.0,Sabon Layin Kara Primary Health Center,Gwarzo,Kano,11.8249171,7.93284187,Penta,320,20.57,1,0
2026-08-30,26381828.0,Sabon Layin Kara Primary Health Center,Gwarzo,Kano,11.8249171,7.93284187,Measles,307,20.57,1,0
2026-08-02,39044245.0,Dan Amale Health Post,Kabo,Kano,11.9451917,8.030194043,BCG,222,4.28,1,0
2026-08-02,39044245.0,Dan Amale Health Post,Kabo,Kano,11.9451917,8.030194043,Penta,224,4.28,1,0
2026-08-02,39044245.0,Dan Amale Health Post,Kabo,Kano,11.9451917,8.030194043,Measles,209,4.28,1,0
2026-08-05,39044245.0,Dan Amale Health Post,Kabo,Kano,11.9451917,8.030194043,BCG,178,11.46,1,0
2026-08-05,39044245.0,Dan Amale Health Post,Kabo,Kano,11.9451917,8.030194043,Penta,181,11.46,1,0
2026-08-05,39044245.0,Dan Amale Health Post,Kabo,Kano,11.9451917,8.030194043,Measles,157,11.46,1,0
2026-08-06,39044245.0,Dan Amale Health Post,Kabo,Kano,11.9451917,8.030194043,BCG,122,9.14,1,0
2026-08-06,39044245.0,Dan Amale Health Post,Kabo,Kano,11.9451917,8.030194043,Penta,143,9.14,1,0
2026-08-06,39044245.0,Dan Amale Health Post,Kabo,Kano,11.9451917,8.030194043,Measles,109,9.14,1,0
2026-08-09,39044245.0,Dan Amale Health Post,Kabo,Kano,11.9451917,8.030194043,BCG,86,11.18,1,0
2026-08-09,39044245.0,Dan Amale Health Post,Kabo,Kano,11.9451917,8.030194043,Penta,89,11.18,1,0
2026-08-09,39044245.0,Dan Amale Health Post,Kabo,Kano,11.9451917,8.030194043,Measles,68,11.18,1,0
2026-08-10,39044245.0,Dan Amale Health Post,Kabo,Kano,11.9451917,8.030194043,BCG,52,9.17,1,0
2026-08-10,39044245.0,Dan Amale Health Post,Kabo,Kano,11.9451917,8.030194043,Penta,45,9.17,1,0
2026-08-10,39044245.0,Dan Amale Health Post,Kabo,Kano,11.9451917,8.030194043,Measles,23,9.17,1,0
2026-08-11,39044245.0,Dan Amale Health Post,Kabo,Kano,11.9451917,8.030194043,BCG,2,6.41,1,0
2026-08-11,39044245.0,Dan Amale Health Post,Kabo,Kano,11.9451917,8.030194043,Penta,361,6.41,1,0
2026-08-11,39044245.0,Dan Amale Health Post,Kabo,Kano,11.9451917,8.030194043,Measles,0,6.41,1,1
2026-08-13,39044245.0,Dan Amale Health Post,Kabo,Kano,11.9451917,8.030194043,BCG,0,6.8,1,1
2026-08-13,39044245.0,Dan Amale Health Post,Kabo,Kano,11.9451917,8.030194043,Penta,322,6.8,1,0
2026-08-13,39044245.0,Dan Amale Health Post,Kabo,Kano,11.9451917,8.030194043,Measles,0,6.8,1,1
2026-08-15,39044245.0,Dan Amale Health Post,Kabo,Kano,11.9451917,8.030194043,BCG,0,8.1,1,1
2026-08-15,39044245.0,Dan Amale Health Post,Kabo,Kano,11.9451917,8.030194043,Penta,287,8.1,1,0
2026-08-15,39044245.0,Dan Amale Health Post,Kabo,Kano,11.9451917,8.030194043,Measles,360,8.1,1,1
2026-08-17,39044245.0,Dan Amale Health Post,Kabo,Kano,11.9451917,8.030194043,BCG,0,5.12,1,1
2026-08-17,39044245.0,Dan Amale Health Post,Kabo,Kano,11.9451917,8.030194043,Penta,236,5.12,1,0
2026-08-17,39044245.0,Dan Amale Health Post,Kabo,Kano,11.9451917,8.030194043,Measles,316,5.12,1,0
2026-08-22,39044245.0,Dan Amale Health Post,Kabo,Kano,11.9451917,8.030194043,BCG,0,18.0,1,1
2026-08-22,39044245.0,Dan Amale Health Post,Kabo,Kano,11.9451917,8.030194043,Penta,192,18.0,1,0
2026-08-22,39044245.0,Dan Amale Health Post,Kabo,Kano,11.9451917,8.030194043,Measles,270,18.0,1,0
2026-08-24,39044245.0,Dan Amale Health Post,Kabo,Kano,11.9451917,8.030194043,BCG,360,20.15,1,1
2026-08-24,39044245.0,Dan Amale Health Post,Kabo,Kano,11.9451917,8.030194043,Penta,0,20.15,1,1
2026-08-24,39044245.0,Dan Amale Health Post,Kabo,Kano,11.9451917,8.030194043,Measles,228,20.15,1,0
2026-08-28,39044245.0,Dan Amale Health Post,Kabo,Kano,11.9451917,8.030194043,BCG,305,20.47,1,0
2026-08-28,39044245.0,Dan Amale Health Post,Kabo,Kano,11.9451917,8.030194043,Penta,0,20.47,1,1
2026-08-28,39044245.0,Dan Amale Health Post,Kabo,Kano,11.9451917,8.030194043,Measles,193,20.47,1,0
2026-08-29,39044245.0,Dan Amale Health Post,Kabo,Kano,11.9451917,8.030194043,BCG,264,17.33,1,0
2026-08-29,39044245.0,Dan Amale Health Post,Kabo,Kano,11.9451917,8.030194043,Penta,0,17.33,1,1
2026-08-29,39044245.0,Dan Amale Health Post,Kabo,Kano,11.9451917,8.030194043,Measles,130,17.33,1,0
2026-08-30,39044245.0,Dan Amale Health Post,Kabo,Kano,11.9451917,8.030194043,BCG,221,13.89,1,0
2026-08-30,39044245.0,Dan Amale Health Post,Kabo,Kano,11.9451917,8.030194043,Penta,0,13.89,1,1
2026-08-30,39044245.0,Dan Amale Health Post,Kabo,Kano,11.9451917,8.030194043,Measles,86,13.89,1,0
2026-08-04,41319469.0,Wari Health Post,Kabo,Kano,11.91412,8.17814,BCG,231,11.39,1,0
2026-08-04,41319469.0,Wari Health Post,Kabo,Kano,11.91412,8.17814,Penta,226,11.39,1,0
2026-08-04,41319469.0,Wari Health Post,Kabo,Kano,11.91412,8.17814,Measles,235,11.39,1,0
2026-08-12,41319469.0,Wari Health Post,Kabo,Kano,11.91412,8.17814,BCG,360,22.48,1,1
2026-08-12,41319469.0,Wari Health Post,Kabo,Kano,11.91412,8.17814,Penta,0,22.48,1,1
2026-08-12,41319469.0,Wari Health Post,Kabo,Kano,11.91412,8.17814,Measles,196,22.48,1,0
2026-08-14,41319469.0,Wari Health Post,Kabo,Kano,11.91412,8.17814,BCG,308,21.7,1,0
2026-08-14,41319469.0,Wari Health Post,Kabo,Kano,11.91412,8.17814,Penta,0,21.7,1,1
2026-08-14,41319469.0,Wari Health Post,Kabo,Kano,11.91412,8.17814,Measles,0,21.7,1,1
2026-08-15,41319469.0,Wari Health Post,Kabo,Kano,11.91412,8.17814,BCG,0,19.21,1,1
2026-08-15,41319469.0,Wari Health Post,Kabo,Kano,11.91412,8.17814,Penta,0,19.21,1,1
2026-08-15,41319469.0,Wari Health Post,Kabo,Kano,11.91412,8.17814,Measles,360,19.21,1,1
2026-08-17,41319469.0,Wari Health Post,Kabo,Kano,11.91412,8.17814,BCG,0,17.31,1,1
2026-08-17,41319469.0,Wari Health Post,Kabo,Kano,11.91412,8.17814,Penta,360,17.31,1,1
2026-08-17,41319469.0,Wari Health Post,Kabo,Kano,11.91412,8.17814,Measles,317,17.31,1,0
2026-08-19,41319469.0,Wari Health Post,Kabo,Kano,11.91412,8.17814,BCG,0,17.97,1,1
2026-08-19,41319469.0,Wari Health Post,Kabo,Kano,11.91412,8.17814,Penta,302,17.97,1,0
2026-08-19,41319469.0,Wari Health Post,Kabo,Kano,11.91412,8.17814,Measles,274,17.97,1,0
2026-08-20,41319469.0,Wari Health Post,Kabo,Kano,11.91412,8.17814,BCG,360,14.97,1,1
2026-08-20,41319469.0,Wari Health Post,Kabo,Kano,11.91412,8.17814,Penta,261,14.97,1,0
2026-08-20,41319469.0,Wari Health Post,Kabo,Kano,11.91412,8.17814,Measles,219,14.97,1,0
2026-08-21,41319469.0,Wari Health Post,Kabo,Kano,11.91412,8.17814,BCG,321,11.82,1,0
2026-08-21,41319469.0,Wari Health Post,Kabo,Kano,11.91412,8.17814,Penta,218,11.82,1,0
2026-08-21,41319469.0,Wari Health Post,Kabo,Kano,11.91412,8.17814,Measles,178,11.82,1,0
2026-08-25,41319469.0,Wari Health Post,Kabo,Kano,11.91412,8.17814,BCG,275,20.89,1,0
2026-08-25,41319469.0,Wari Health Post,Kabo,Kano,11.91412,8.17814,Penta,169,20.89,1,0
2026-08-25,41319469.0,Wari Health Post,Kabo,Kano,11.91412,8.17814,Measles,129,20.89,1,0
2026-08-27,41319469.0,Wari Health Post,Kabo,Kano,11.91412,8.17814,BCG,236,20.24,1,0
2026-08-27,41319469.0,Wari Health Post,Kabo,Kano,11.91412,8.17814,Penta,133,20.24,1,0
2026-08-27,41319469.0,Wari Health Post,Kabo,Kano,11.91412,8.17814,Measles,437,20.24,1,0
2026-08-29,41319469.0,Wari Health Post,Kabo,Kano,11.91412,8.17814,BCG,184,20.89,1,0
2026-08-29,41319469.0,Wari Health Post,Kabo,Kano,11.91412,8.17814,Penta,84,20.89,1,0
2026-08-29,41319469.0,Wari Health Post,Kabo,Kano,11.91412,8.17814,Measles,387,20.89,1,0
2026-08-01,16709918.0,Chedi Health Clinic,Kano Municipal,Kano,12.00201,8.51656,BCG,235,2.0,1,0
2026-08-01,16709918.0,Chedi Health Clinic,Kano Municipal,Kano,12.00201,8.51656,Penta,226,2.0,1,0
2026-08-01,16709918.0,Chedi Health Clinic,Kano Municipal,Kano,12.00201,8.51656,Measles,223,2.0,1,0
2026-08-02,16709918.0,Chedi Health Clinic,Kano Municipal,Kano,12.00201,8.51656,BCG,192,2.0,1,0
2026-08-02,16709918.0,Chedi Health Clinic,Kano Municipal,Kano,12.00201,8.51656,Penta,182,2.0,1,0
2026-08-02,16709918.0,Chedi Health Clinic,Kano Municipal,Kano,12.00201,8.51656,Measles,182,2.0,1,0
2026-08-03,16709918.0,Chedi Health Clinic,Kano Municipal,Kano,12.00201,8.51656,BCG,157,2.0,1,0
2026-08-03,16709918.0,Chedi Health Clinic,Kano Municipal,Kano,12.00201,8.51656,Penta,141,2.0,1,0
2026-08-03,16709918.0,Chedi Health Clinic,Kano Municipal,Kano,12.00201,8.51656,Measles,141,2.0,1,0
2026-08-09,16709918.0,Chedi Health Clinic,Kano Municipal,Kano,12.00201,8.51656,BCG,105,16.53,1,0
2026-08-09,16709918.0,Chedi Health Clinic,Kano Municipal,Kano,12.00201,8.51656,Penta,97,16.53,1,0
2026-08-09,16709918.0,Chedi Health Clinic,Kano Municipal,Kano,12.00201,8.51656,Measles,92,16.53,1,0
2026-08-15,16709918.0,Chedi Health Clinic,Kano Municipal,Kano,12.00201,8.51656,BCG,57,21.46,1,0
2026-08-15,16709918.0,Chedi Health Clinic,Kano Municipal,Kano,12.00201,8.51656,Penta,0,21.46,1,1
2026-08-15,16709918.0,Chedi Health Clinic,Kano Municipal,Kano,12.00201,8.51656,Measles,54,21.46,1,0
2026-08-16,16709918.0,Chedi Health Clinic,Kano Municipal,Kano,12.00201,8.51656,BCG,7,18.63,1,0
2026-08-16,16709918.0,Chedi Health Clinic,Kano Municipal,Kano,12.00201,8.51656,Penta,0,18.63,1,1
2026-08-16,16709918.0,Chedi Health Clinic,Kano Municipal,Kano,12.00201,8.51656,Measles,360,18.63,1,1
2026-08-20,16709918.0,Chedi Health Clinic,Kano Municipal,Kano,12.00201,8.51656,BCG,0,21.95,1,1
2026-08-20,16709918.0,Chedi Health Clinic,Kano Municipal,Kano,12.00201,8.51656,Penta,0,21.95,1,1
2026-08-20,16709918.0,Chedi Health Clinic,Kano Municipal,Kano,12.00201,8.51656,Measles,316,21.95,1,0
2026-08-21,16709918.0,Chedi Health Clinic,Kano Municipal,Kano,12.00201,8.51656,BCG,0,18.85,1,1
2026-08-21,16709918.0,Chedi Health Clinic,Kano Municipal,Kano,12.00201,8.51656,Penta,0,18.85,1,1
2026-08-21,16709918.0,Chedi Health Clinic,Kano Municipal,Kano,12.00201,8.51656,Measles,276,18.85,1,0
2026-08-23,16709918.0,Chedi Health Clinic,Kano Municipal,Kano,12.00201,8.51656,BCG,360,20.85,1,1
2026-08-23,16709918.0,Chedi Health Clinic,Kano Municipal,Kano,12.00201,8.51656,Penta,0,20.85,1,1
2026-08-23,16709918.0,Chedi Health Clinic,Kano Municipal,Kano,12.00201,8.51656,Measles,235,20.85,1,0
2026-08-24,16709918.0,Chedi Health Clinic,Kano Municipal,Kano,12.00201,8.51656,BCG,317,17.64,1,0
2026-08-24,16709918.0,Chedi Health Clinic,Kano Municipal,Kano,12.00201,8.51656,Penta,0,17.64,1,1
2026-08-24,16709918.0,Chedi Health Clinic,Kano Municipal,Kano,12.00201,8.51656,Measles,186,17.64,1,0
2026-08-26,16709918.0,Chedi Health Clinic,Kano Municipal,Kano,12.00201,8.51656,BCG,360,18.33,1,1
2026-08-26,16709918.0,Chedi Health Clinic,Kano Municipal,Kano,12.00201,8.51656,Penta,0,18.33,1,1
2026-08-26,16709918.0,Chedi Health Clinic,Kano Municipal,Kano,12.00201,8.51656,Measles,143,18.33,1,0
2026-08-29,16709918.0,Chedi Health Clinic,Kano Municipal,Kano,12.00201,8.51656,BCG,314,21.06,1,0
2026-08-29,16709918.0,Chedi Health Clinic,Kano Municipal,Kano,12.00201,8.51656,Penta,0,21.06,1,1
2026-08-29,16709918.0,Chedi Health Clinic,Kano Municipal,Kano,12.00201,8.51656,Measles,88,21.06,1,0
2026-08-30,16709918.0,Chedi Health Clinic,Kano Municipal,Kano,12.00201,8.51656,BCG,263,18.22,1,0
2026-08-30,16709918.0,Chedi Health Clinic,Kano Municipal,Kano,12.00201,8.51656,Penta,0,18.22,1,1
2026-08-30,16709918.0,Chedi Health Clinic,Kano Municipal,Kano,12.00201,8.51656,Measles,50,18.22,1,0
2026-08-04,64690845.0,Madatai Health Clinic,Kano Municipal,Kano,11.998514,8.516405,BCG,0,14.0,1,1
2026-08-04,64690845.0,Madatai Health Clinic,Kano Municipal,Kano,11.998514,8.516405,Penta,220,14.0,1,0
2026-08-04,64690845.0,Madatai Health Clinic,Kano Municipal,Kano,11.998514,8.516405,Measles,223,14.0,1,0
2026-08-07,64690845.0,Madatai Health Clinic,Kano Municipal,Kano,11.998514,8.516405,BCG,0,16.28,1,1
2026-08-07,64690845.0,Madatai Health Clinic,Kano Municipal,Kano,11.998514,8.516405,Penta,169,16.28,1,0
2026-08-07,64690845.0,Madatai Health Clinic,Kano Municipal,Kano,11.998514,8.516405,Measles,169,16.28,1,0
2026-08-09,64690845.0,Madatai Health Clinic,Kano Municipal,Kano,11.998514,8.516405,BCG,0,15.76,1,1
2026-08-09,64690845.0,Madatai Health Clinic,Kano Municipal,Kano,11.998514,8.516405,Penta,127,15.76,1,0
2026-08-09,64690845.0,Madatai Health Clinic,Kano Municipal,Kano,11.998514,8.516405,Measles,129,15.76,1,0
2026-08-15,64690845.0,Madatai Health Clinic,Kano Municipal,Kano,11.998514,8.516405,BCG,360,20.58,1,1
2026-08-15,64690845.0,Madatai Health Clinic,Kano Municipal,Kano,11.998514,8.516405,Penta,446,20.58,1,0
2026-08-15,64690845.0,Madatai Health Clinic,Kano Municipal,Kano,11.998514,8.516405,Measles,84,20.58,1,0
2026-08-22,64690845.0,Madatai Health Clinic,Kano Municipal,Kano,11.998514,8.516405,BCG,0,21.07,1,1
2026-08-22,64690845.0,Madatai Health Clinic,Kano Municipal,Kano,11.998514,8.516405,Penta,399,21.07,1,0
2026-08-22,64690845.0,Madatai Health Clinic,Kano Municipal,Kano,11.998514,8.516405,Measles,33,21.07,1,0
2026-08-23,64690845.0,Madatai Health Clinic,Kano Municipal,Kano,11.998514,8.516405,BCG,0,18.93,1,1
2026-08-23,64690845.0,Madatai Health Clinic,Kano Municipal,Kano,11.998514,8.516405,Penta,0,18.93,1,1
2026-08-23,64690845.0,Madatai Health Clinic,Kano Municipal,Kano,11.998514,8.516405,Measles,0,18.93,1,1
2026-08-24,64690845.0,Madatai Health Clinic,Kano Municipal,Kano,11.998514,8.516405,BCG,0,15.92,1,1
2026-08-24,64690845.0,Madatai Health Clinic,Kano Municipal,Kano,11.998514,8.516405,Penta,0,15.92,1,1
2026-08-24,64690845.0,Madatai Health Clinic,Kano Municipal,Kano,11.998514,8.516405,Measles,0,15.92,1,1
2026-08-25,64690845.0,Madatai Health Clinic,Kano Municipal,Kano,11.998514,8.516405,BCG,360,12.45,1,1
2026-08-25,64690845.0,Madatai Health Clinic,Kano Municipal,Kano,11.998514,8.516405,Penta,0,12.45,1,1
2026-08-25,64690845.0,Madatai Health Clinic,Kano Municipal,Kano,11.998514,8.516405,Measles,360,12.45,1,1
2026-08-28,64690845.0,Madatai Health Clinic,Kano Municipal,Kano,11.998514,8.516405,BCG,325,17.31,1,0
2026-08-28,64690845.0,Madatai Health Clinic,Kano Municipal,Kano,11.998514,8.516405,Penta,0,17.31,1,1
2026-08-28,64690845.0,Madatai Health Clinic,Kano Municipal,Kano,11.998514,8.516405,Measles,305,17.31,1,0
2026-08-02,83781170.0,Zangon Majema Health Post,Karaye,Kano,11.816173,8.002064,BCG,222,4.41,1,0
2026-08-02,83781170.0,Zangon Majema Health Post,Karaye,Kano,11.816173,8.002064,Penta,233,4.41,1,0
2026-08-02,83781170.0,Zangon Majema Health Post,Karaye,Kano,11.816173,8.002064,Measles,214,4.41,1,0
2026-08-10,83781170.0,Zangon Majema Health Post,Karaye,Kano,11.816173,8.002064,BCG,178,20.41,1,0
2026-08-10,83781170.0,Zangon Majema Health Post,Karaye,Kano,11.816173,8.002064,Penta,0,20.41,1,1
2026-08-10,83781170.0,Zangon Majema Health Post,Karaye,Kano,11.816173,8.002064,Measles,173,20.41,1,0
2026-08-11,83781170.0,Zangon Majema Health Post,Karaye,Kano,11.816173,8.002064,BCG,138,17.17,1,0
2026-08-11,83781170.0,Zangon Majema Health Post,Karaye,Kano,11.816173,8.002064,Penta,0,17.17,1,1
2026-08-11,83781170.0,Zangon Majema Health Post,Karaye,Kano,11.816173,8.002064,Measles,131,17.17,1,0
2026-08-12,83781170.0,Zangon Majema Health Post,Karaye,Kano,11.816173,8.002064,BCG,0,13.99,1,1
2026-08-12,83781170.0,Zangon Majema Health Post,Karaye,Kano,11.816173,8.002064,Penta,0,13.99,1,1
2026-08-12,83781170.0,Zangon Majema Health Post,Karaye,Kano,11.816173,8.002064,Measles,93,13.99,1,0
2026-08-13,83781170.0,Zangon Majema Health Post,Karaye,Kano,11.816173,8.002064,BCG,0,10.09,1,1
2026-08-13,83781170.0,Zangon Majema Health Post,Karaye,Kano,11.816173,8.002064,Penta,0,10.09,1,1
2026-08-13,83781170.0,Zangon Majema Health Post,Karaye,Kano,11.816173,8.002064,Measles,49,10.09,1,0
2026-08-15,83781170.0,Zangon Majema Health Post,Karaye,Kano,11.816173,8.002064,BCG,0,8.42,1,1
2026-08-15,83781170.0,Zangon Majema Health Post,Karaye,Kano,11.816173,8.002064,Penta,0,8.42,1,1
2026-08-15,83781170.0,Zangon Majema Health Post,Karaye,Kano,11.816173,8.002064,Measles,9,8.42,1,0
2026-08-23,83781170.0,Zangon Majema Health Post,Karaye,Kano,11.816173,8.002064,BCG,360,21.87,1,1
2026-08-23,83781170.0,Zangon Majema Health Post,Karaye,Kano,11.816173,8.002064,Penta,0,21.87,1,1
2026-08-23,83781170.0,Zangon Majema Health Post,Karaye,Kano,11.816173,8.002064,Measles,360,21.87,1,1
2026-08-29,83781170.0,Zangon Majema Health Post,Karaye,Kano,11.816173,8.002064,BCG,318,21.06,1,0
2026-08-29,83781170.0,Zangon Majema Health Post,Karaye,Kano,11.816173,8.002064,Penta,0,21.06,1,1
2026-08-29,83781170.0,Zangon Majema Health Post,Karaye,Kano,11.816173,8.002064,Measles,314,21.06,1,0
2026-08-01,18917151.0,Dutsen Amare Health Post,Karaye,Kano,11.82725,7.99075,BCG,225,2.0,1,0
2026-08-01,18917151.0,Dutsen Amare Health Post,Karaye,Kano,11.82725,7.99075,Penta,207,2.0,1,0
2026-08-01,18917151.0,Dutsen Amare Health Post,Karaye,Kano,11.82725,7.99075,Measles,223,2.0,1,0
2026-08-02,18917151.0,Dutsen Amare Health Post,Karaye,Kano,11.82725,7.99075,BCG,169,2.0,1,0
2026-08-02,18917151.0,Dutsen Amare Health Post,Karaye,Kano,11.82725,7.99075,Penta,167,2.0,1,0
2026-08-02,18917151.0,Dutsen Amare Health Post,Karaye,Kano,11.82725,7.99075,Measles,174,2.0,1,0
2026-08-03,18917151.0,Dutsen Amare Health Post,Karaye,Kano,11.82725,7.99075,BCG,125,2.0,1,0
2026-08-03,18917151.0,Dutsen Amare Health Post,Karaye,Kano,11.82725,7.99075,Penta,115,2.0,1,0
2026-08-03,18917151.0,Dutsen Amare Health Post,Karaye,Kano,11.82725,7.99075,Measles,123,2.0,1,0
2026-08-08,18917151.0,Dutsen Amare Health Post,Karaye,Kano,11.82725,7.99075,BCG,68,11.47,1,0
2026-08-08,18917151.0,Dutsen Amare Health Post,Karaye,Kano,11.82725,7.99075,Penta,71,11.47,1,0
2026-08-08,18917151.0,Dutsen Amare Health Post,Karaye,Kano,11.82725,7.99075,Measles,74,11.47,1,0
2026-08-12,18917151.0,Dutsen Amare Health Post,Karaye,Kano,11.82725,7.99075,BCG,388,21.58,1,0
2026-08-12,18917151.0,Dutsen Amare Health Post,Karaye,Kano,11.82725,7.99075,Penta,21,21.58,1,0
2026-08-12,18917151.0,Dutsen Amare Health Post,Karaye,Kano,11.82725,7.99075,Measles,31,21.58,1,0
2026-08-20,18917151.0,Dutsen Amare Health Post,Karaye,Kano,11.82725,7.99075,BCG,340,20.46,1,0
2026-08-20,18917151.0,Dutsen Amare Health Post,Karaye,Kano,11.82725,7.99075,Penta,0,20.46,1,1
2026-08-20,18917151.0,Dutsen Amare Health Post,Karaye,Kano,11.82725,7.99075,Measles,0,20.46,1,1
2026-08-23,18917151.0,Dutsen Amare Health Post,Karaye,Kano,11.82725,7.99075,BCG,289,20.88,1,0
2026-08-23,18917151.0,Dutsen Amare Health Post,Karaye,Kano,11.82725,7.99075,Penta,0,20.88,1,1
2026-08-23,18917151.0,Dutsen Amare Health Post,Karaye,Kano,11.82725,7.99075,Measles,0,20.88,1,1
2026-08-25,18917151.0,Dutsen Amare Health Post,Karaye,Kano,11.82725,7.99075,BCG,243,22.05,1,0
2026-08-25,18917151.0,Dutsen Amare Health Post,Karaye,Kano,11.82725,7.99075,Penta,0,22.05,1,1
2026-08-25,18917151.0,Dutsen Amare Health Post,Karaye,Kano,11.82725,7.99075,Measles,0,22.05,1,1
2026-08-06,52855870.0,Fancha Health Post,Kibiya,Kano,11.451798,8.716889,BCG,0,19.4,1,1
2026-08-06,52855870.0,Fancha Health Post,Kibiya,Kano,11.451798,8.716889,Penta,229,19.4,1,0
2026-08-06,52855870.0,Fancha Health Post,Kibiya,Kano,11.451798,8.716889,Measles,223,19.4,1,0
2026-08-08,52855870.0,Fancha Health Post,Kibiya,Kano,11.451798,8.716889,BCG,360,20.3,1,1
2026-08-08,52855870.0,Fancha Health Post,Kibiya,Kano,11.451798,8.716889,Penta,180,20.3,1,0
2026-08-08,52855870.0,Fancha Health Post,Kibiya,Kano,11.451798,8.716889,Measles,175,20.3,1,0
2026-08-16,52855870.0,Fancha Health Post,Kibiya,Kano,11.451798,8.716889,BCG,0,20.93,1,1
2026-08-16,52855870.0,Fancha Health Post,Kibiya,Kano,11.451798,8.716889,Penta,136,20.93,1,0
2026-08-16,52855870.0,Fancha Health Post,Kibiya,Kano,11.451798,8.716889,Measles,132,20.93,1,0
2026-08-17,52855870.0,Fancha Health Post,Kibiya,Kano,11.451798,8.716889,BCG,0,17.39,1,1
2026-08-17,52855870.0,Fancha Health Post,Kibiya,Kano,11.451798,8.716889,Penta,100,17.39,1,0
2026-08-17,52855870.0,Fancha Health Post,Kibiya,Kano,11.451798,8.716889,Measles,90,17.39,1,0
2026-08-21,52855870.0,Fancha Health Post,Kibiya,Kano,11.451798,8.716889,BCG,0,20.93,1,1
2026-08-21,52855870.0,Fancha Health Post,Kibiya,Kano,11.451798,8.716889,Penta,56,20.93,1,0
2026-08-21,52855870.0,Fancha Health Post,Kibiya,Kano,11.451798,8.716889,Measles,47,20.93,1,0
2026-08-22,52855870.0,Fancha Health Post,Kibiya,Kano,11.451798,8.716889,BCG,0,18.13,1,1
2026-08-22,52855870.0,Fancha Health Post,Kibiya,Kano,11.451798,8.716889,Penta,14,18.13,1,0
2026-08-22,52855870.0,Fancha Health Post,Kibiya,Kano,11.451798,8.716889,Measles,365,18.13,1,0
2026-08-26,52855870.0,Fancha Health Post,Kibiya,Kano,11.451798,8.716889,BCG,0,19.97,1,1
2026-08-26,52855870.0,Fancha Health Post,Kibiya,Kano,11.451798,8.716889,Penta,0,19.97,1,1
2026-08-26,52855870.0,Fancha Health Post,Kibiya,Kano,11.451798,8.716889,Measles,317,19.97,1,0
2026-08-28,52855870.0,Fancha Health Post,Kibiya,Kano,11.451798,8.716889,BCG,0,18.14,1,1
2026-08-28,52855870.0,Fancha Health Post,Kibiya,Kano,11.451798,8.716889,Penta,0,18.14,1,1
2026-08-28,52855870.0,Fancha Health Post,Kibiya,Kano,11.451798,8.716889,Measles,278,18.14,1,0
2026-08-30,52855870.0,Fancha Health Post,Kibiya,Kano,11.451798,8.716889,BCG,0,18.71,1,1
2026-08-30,52855870.0,Fancha Health Post,Kibiya,Kano,11.451798,8.716889,Penta,360,18.71,1,1
2026-08-30,52855870.0,Fancha Health Post,Kibiya,Kano,11.451798,8.716889,Measles,236,18.71,1,0
2026-08-05,39525108.0,Gunda Health Post,Kibiya,Kano,11.505875,8.713019,BCG,0,12.96,1,1
2026-08-05,39525108.0,Gunda Health Post,Kibiya,Kano,11.505875,8.713019,Penta,0,12.96,1,1
2026-08-05,39525108.0,Gunda Health Post,Kibiya,Kano,11.505875,8.713019,Measles,231,12.96,1,0
2026-08-09,39525108.0,Gunda Health Post,Kibiya,Kano,11.505875,8.713019,BCG,360,21.33,1,1
2026-08-09,39525108.0,Gunda Health Post,Kibiya,Kano,11.505875,8.713019,Penta,0,21.33,1,1
2026-08-09,39525108.0,Gunda Health Post,Kibiya,Kano,11.505875,8.713019,Measles,192,21.33,1,0
2026-08-17,39525108.0,Gunda Health Post,Kibiya,Kano,11.505875,8.713019,BCG,326,21.2,1,0
2026-08-17,39525108.0,Gunda Health Post,Kibiya,Kano,11.505875,8.713019,Penta,0,21.2,1,1
2026-08-17,39525108.0,Gunda Health Post,Kibiya,Kano,11.505875,8.713019,Measles,139,21.2,1,0
2026-08-19,39525108.0,Gunda Health Post,Kibiya,Kano,11.505875,8.713019,BCG,283,20.97,1,0
2026-08-19,39525108.0,Gunda Health Post,Kibiya,Kano,11.505875,8.713019,Penta,0,20.97,1,1
2026-08-19,39525108.0,Gunda Health Post,Kibiya,Kano,11.505875,8.713019,Measles,0,20.97,1,1
2026-08-20,39525108.0,Gunda Health Post,Kibiya,Kano,11.505875,8.713019,BCG,225,17.35,1,0
2026-08-20,39525108.0,Gunda Health Post,Kibiya,Kano,11.505875,8.713019,Penta,0,17.35,1,1
2026-08-20,39525108.0,Gunda Health Post,Kibiya,Kano,11.505875,8.713019,Measles,0,17.35,1,1
2026-08-25,39525108.0,Gunda Health Post,Kibiya,Kano,11.505875,8.713019,BCG,179,20.04,1,0
2026-08-25,39525108.0,Gunda Health Post,Kibiya,Kano,11.505875,8.713019,Penta,0,20.04,1,1
2026-08-25,39525108.0,Gunda Health Post,Kibiya,Kano,11.505875,8.713019,Measles,360,20.04,1,1
2026-08-01,58405341.0,Gajale (Kku) Health Post,Kiru,Kano,11.43429704,8.237017491,BCG,222,2.0,1,0
2026-08-01,58405341.0,Gajale (Kku) Health Post,Kiru,Kano,11.43429704,8.237017491,Penta,231,2.0,1,0
2026-08-01,58405341.0,Gajale (Kku) Health Post,Kiru,Kano,11.43429704,8.237017491,Measles,219,2.0,1,0
2026-08-03,58405341.0,Gajale (Kku) Health Post,Kiru,Kano,11.43429704,8.237017491,BCG,179,2.11,1,0
2026-08-03,58405341.0,Gajale (Kku) Health Post,Kiru,Kano,11.43429704,8.237017491,Penta,182,2.11,1,0
2026-08-03,58405341.0,Gajale (Kku) Health Post,Kiru,Kano,11.43429704,8.237017491,Measles,176,2.11,1,0
2026-08-10,58405341.0,Gajale (Kku) Health Post,Kiru,Kano,11.43429704,8.237017491,BCG,137,21.44,1,0
2026-08-10,58405341.0,Gajale (Kku) Health Post,Kiru,Kano,11.43429704,8.237017491,Penta,132,21.44,1,0
2026-08-10,58405341.0,Gajale (Kku) Health Post,Kiru,Kano,11.43429704,8.237017491,Measles,136,21.44,1,0
2026-08-12,58405341.0,Gajale (Kku) Health Post,Kiru,Kano,11.43429704,8.237017491,BCG,99,19.78,1,0
2026-08-12,58405341.0,Gajale (Kku) Health Post,Kiru,Kano,11.43429704,8.237017491,Penta,91,19.78,1,0
2026-08-12,58405341.0,Gajale (Kku) Health Post,Kiru,Kano,11.43429704,8.237017491,Measles,90,19.78,1,0
2026-08-13,58405341.0,Gajale (Kku) Health Post,Kiru,Kano,11.43429704,8.237017491,BCG,55,17.24,1,0
2026-08-13,58405341.0,Gajale (Kku) Health Post,Kiru,Kano,11.43429704,8.237017491,Penta,0,17.24,1,1
2026-08-13,58405341.0,Gajale (Kku) Health Post,Kiru,Kano,11.43429704,8.237017491,Measles,43,17.24,1,0
2026-08-21,58405341.0,Gajale (Kku) Health Post,Kiru,Kano,11.43429704,8.237017491,BCG,13,20.27,1,0
2026-08-21,58405341.0,Gajale (Kku) Health Post,Kiru,Kano,11.43429704,8.237017491,Penta,360,20.27,1,1
2026-08-21,58405341.0,Gajale (Kku) Health Post,Kiru,Kano,11.43429704,8.237017491,Measles,0,20.27,1,1
2026-08-23,58405341.0,Gajale (Kku) Health Post,Kiru,Kano,11.43429704,8.237017491,BCG,0,21.57,1,1
2026-08-23,58405341.0,Gajale (Kku) Health Post,Kiru,Kano,11.43429704,8.237017491,Penta,360,21.57,1,1
2026-08-23,58405341.0,Gajale (Kku) Health Post,Kiru,Kano,11.43429704,8.237017491,Measles,0,21.57,1,1
2026-08-24,58405341.0,Gajale (Kku) Health Post,Kiru,Kano,11.43429704,8.237017491,BCG,360,19.03,1,1
2026-08-24,58405341.0,Gajale (Kku) Health Post,Kiru,Kano,11.43429704,8.237017491,Penta,308,19.03,1,0
2026-08-24,58405341.0,Gajale (Kku) Health Post,Kiru,Kano,11.43429704,8.237017491,Measles,0,19.03,1,1
2026-08-28,58405341.0,Gajale (Kku) Health Post,Kiru,Kano,11.43429704,8.237017491,BCG,312,21.85,1,0
2026-08-28,58405341.0,Gajale (Kku) Health Post,Kiru,Kano,11.43429704,8.237017491,Penta,266,21.85,1,0
2026-08-28,58405341.0,Gajale (Kku) Health Post,Kiru,Kano,11.43429704,8.237017491,Measles,0,21.85,1,1
2026-08-29,58405341.0,Gajale (Kku) Health Post,Kiru,Kano,11.43429704,8.237017491,BCG,263,18.33,1,0
2026-08-29,58405341.0,Gajale (Kku) Health Post,Kiru,Kano,11.43429704,8.237017491,Penta,223,18.33,1,0
2026-08-29,58405341.0,Gajale (Kku) Health Post,Kiru,Kano,11.43429704,8.237017491,Measles,0,18.33,1,1
2026-08-03,48717102.0,Dansoshiya Health Post,Kiru,Kano,11.53789,8.07234,BCG,236,6.16,1,0
2026-08-03,48717102.0,Dansoshiya Health Post,Kiru,Kano,11.53789,8.07234,Penta,231,6.16,1,0
2026-08-03,48717102.0,Dansoshiya Health Post,Kiru,Kano,11.53789,8.07234,Measles,229,6.16,1,0
2026-08-04,48717102.0,Dansoshiya Health Post,Kiru,Kano,11.53789,8.07234,BCG,195,3.88,1,0
2026-08-04,48717102.0,Dansoshiya Health Post,Kiru,Kano,11.53789,8.07234,Penta,185,3.88,1,0
2026-08-04,48717102.0,Dansoshiya Health Post,Kiru,Kano,11.53789,8.07234,Measles,193,3.88,1,0
2026-08-08,48717102.0,Dansoshiya Health Post,Kiru,Kano,11.53789,8.07234,BCG,150,11.2,1,0
2026-08-08,48717102.0,Dansoshiya Health Post,Kiru,Kano,11.53789,8.07234,Penta,140,11.2,1,0
2026-08-08,48717102.0,Dansoshiya Health Post,Kiru,Kano,11.53789,8.07234,Measles,158,11.2,1,0
2026-08-10,48717102.0,Dansoshiya Health Post,Kiru,Kano,11.53789,8.07234,BCG,110,11.68,1,0
2026-08-10,48717102.0,Dansoshiya Health Post,Kiru,Kano,11.53789,8.07234,Penta,449,11.68,1,0
2026-08-10,48717102.0,Dansoshiya Health Post,Kiru,Kano,11.53789,8.07234,Measles,115,11.68,1,0
2026-08-11,48717102.0,Dansoshiya Health Post,Kiru,Kano,11.53789,8.07234,BCG,74,8.59,1,0
2026-08-11,48717102.0,Dansoshiya Health Post,Kiru,Kano,11.53789,8.07234,Penta,408,8.59,1,0
2026-08-11,48717102.0,Dansoshiya Health Post,Kiru,Kano,11.53789,8.07234,Measles,64,8.59,1,0
2026-08-13,48717102.0,Dansoshiya Health Post,Kiru,Kano,11.53789,8.07234,BCG,33,9.85,1,0
2026-08-13,48717102.0,Dansoshiya Health Post,Kiru,Kano,11.53789,8.07234,Penta,363,9.85,1,0
2026-08-13,48717102.0,Dansoshiya Health Post,Kiru,Kano,11.53789,8.07234,Measles,376,9.85,1,0
2026-08-26,48717102.0,Dansoshiya Health Post,Kiru,Kano,11.53789,8.07234,BCG,3,22.11,1,0
2026-08-26,48717102.0,Dansoshiya Health Post,Kiru,Kano,11.53789,8.07234,Penta,321,22.11,1,0
2026-08-26,48717102.0,Dansoshiya Health Post,Kiru,Kano,11.53789,8.07234,Measles,0,22.11,1,1
2026-08-02,,Sarkin Fulani Primary Health Center,Kumbotso,Kano,11.88844347,8.504878493,BCG,234,4.91,1,0
2026-08-02,,Sarkin Fulani Primary Health Center,Kumbotso,Kano,11.88844347,8.504878493,Penta,236,4.91,1,0
2026-08-02,,Sarkin Fulani Primary Health Center,Kumbotso,Kano,11.88844347,8.504878493,Measles,236,4.91,1,0
2026-08-03,,Sarkin Fulani Primary Health Center,Kumbotso,Kano,11.88844347,8.504878493,BCG,187,2.22,1,0
2026-08-03,,Sarkin Fulani Primary Health Center,Kumbotso,Kano,11.88844347,8.504878493,Penta,205,2.22,1,0
2026-08-03,,Sarkin Fulani Primary Health Center,Kumbotso,Kano,11.88844347,8.504878493,Measles,194,2.22,1,0
2026-08-05,,Sarkin Fulani Primary Health Center,Kumbotso,Kano,11.88844347,8.504878493,BCG,153,4.48,1,0
2026-08-05,,Sarkin Fulani Primary Health Center,Kumbotso,Kano,11.88844347,8.504878493,Penta,165,4.48,1,0
2026-08-05,,Sarkin Fulani Primary Health Center,Kumbotso,Kano,11.88844347,8.504878493,Measles,148,4.48,1,0
2026-08-08,,Sarkin Fulani Primary Health Center,Kumbotso,Kano,11.88844347,8.504878493,BCG,110,9.84,1,0
2026-08-08,,Sarkin Fulani Primary Health Center,Kumbotso,Kano,11.88844347,8.504878493,Penta,122,9.84,1,0
2026-08-08,,Sarkin Fulani Primary Health Center,Kumbotso,Kano,11.88844347,8.504878493,Measles,103,9.84,1,0
2026-08-10,,Sarkin Fulani Primary Health Center,Kumbotso,Kano,11.88844347,8.504878493,BCG,71,9.86,1,0
2026-08-10,,Sarkin Fulani Primary Health Center,Kumbotso,Kano,11.88844347,8.504878493,Penta,77,9.86,1,0
2026-08-10,,Sarkin Fulani Primary Health Center,Kumbotso,Kano,11.88844347,8.504878493,Measles,419,9.86,1,0
2026-08-13,,Sarkin Fulani Primary Health Center,Kumbotso,Kano,11.88844347,8.504878493,BCG,34,12.47,1,0
2026-08-13,,Sarkin Fulani Primary Health Center,Kumbotso,Kano,11.88844347,8.504878493,Penta,385,12.47,1,0
2026-08-13,,Sarkin Fulani Primary Health Center,Kumbotso,Kano,11.88844347,8.504878493,Measles,0,12.47,1,1
2026-08-18,,Sarkin Fulani Primary Health Center,Kumbotso,Kano,11.88844347,8.504878493,BCG,360,20.42,1,1
2026-08-18,,Sarkin Fulani Primary Health Center,Kumbotso,Kano,11.88844347,8.504878493,Penta,327,20.42,1,0
2026-08-18,,Sarkin Fulani Primary Health Center,Kumbotso,Kano,11.88844347,8.504878493,Measles,0,20.42,1,1
2026-08-20,,Sarkin Fulani Primary Health Center,Kumbotso,Kano,11.88844347,8.504878493,BCG,0,21.22,1,1
2026-08-20,,Sarkin Fulani Primary Health Center,Kumbotso,Kano,11.88844347,8.504878493,Penta,0,21.22,1,1
2026-08-20,,Sarkin Fulani Primary Health Center,Kumbotso,Kano,11.88844347,8.504878493,Measles,360,21.22,1,1
2026-08-28,,Sarkin Fulani Primary Health Center,Kumbotso,Kano,11.88844347,8.504878493,BCG,0,20.87,1,1
2026-08-28,,Sarkin Fulani Primary Health Center,Kumbotso,Kano,11.88844347,8.504878493,Penta,360,20.87,1,1
2026-08-28,,Sarkin Fulani Primary Health Center,Kumbotso,Kano,11.88844347,8.504878493,Measles,319,20.87,1,0
2026-08-30,,Sarkin Fulani Primary Health Center,Kumbotso,Kano,11.88844347,8.504878493,BCG,0,19.73,1,1
2026-08-30,,Sarkin Fulani Primary Health Center,Kumbotso,Kano,11.88844347,8.504878493,Penta,304,19.73,1,0
2026-08-30,,Sarkin Fulani Primary Health Center,Kumbotso,Kano,11.88844347,8.504878493,Measles,0,19.73,1,1
2026-08-01,,Bandutse Health Post,Kunchi,Kano,12.58688,8.25906,BCG,228,2.0,1,0
2026-08-01,,Bandutse Health Post,Kunchi,Kano,12.58688,8.25906,Penta,214,2.0,1,0
2026-08-01,,Bandutse Health Post,Kunchi,Kano,12.58688,8.25906,Measles,229,2.0,1,0
2026-08-07,,Bandutse Health Post,Kunchi,Kano,12.58688,8.25906,BCG,192,20.28,1,0
2026-08-07,,Bandutse Health Post,Kunchi,Kano,12.58688,8.25906,Penta,165,20.28,1,0
2026-08-07,,Bandutse Health Post,Kunchi,Kano,12.58688,8.25906,Measles,188,20.28,1,0
2026-08-10,,Bandutse Health Post,Kunchi,Kano,12.58688,8.25906,BCG,0,21.59,1,1
2026-08-10,,Bandutse Health Post,Kunchi,Kano,12.58688,8.25906,Penta,0,21.59,1,1
2026-08-10,,Bandutse Health Post,Kunchi,Kano,12.58688,8.25906,Measles,142,21.59,1,0
2026-08-11,,Bandutse Health Post,Kunchi,Kano,12.58688,8.25906,BCG,0,18.61,1,1
2026-08-11,,Bandutse Health Post,Kunchi,Kano,12.58688,8.25906,Penta,0,18.61,1,1
2026-08-11,,Bandutse Health Post,Kunchi,Kano,12.58688,8.25906,Measles,98,18.61,1,0
2026-08-15,,Bandutse Health Post,Kunchi,Kano,12.58688,8.25906,BCG,0,21.59,1,1
2026-08-15,,Bandutse Health Post,Kunchi,Kano,12.58688,8.25906,Penta,360,21.59,1,1
2026-08-15,,Bandutse Health Post,Kunchi,Kano,12.58688,8.25906,Measles,48,21.59,1,0
2026-08-17,,Bandutse Health Post,Kunchi,Kano,12.58688,8.25906,BCG,0,21.45,1,1
2026-08-17,,Bandutse Health Post,Kunchi,Kano,12.58688,8.25906,Penta,321,21.45,1,0
2026-08-17,,Bandutse Health Post,Kunchi,Kano,12.58688,8.25906,Measles,362,21.45,1,0
2026-08-20,,Bandutse Health Post,Kunchi,Kano,12.58688,8.25906,BCG,0,20.67,1,1
2026-08-20,,Bandutse Health Post,Kunchi,Kano,12.58688,8.25906,Penta,269,20.67,1,0
2026-08-20,,Bandutse Health Post,Kunchi,Kano,12.58688,8.25906,Measles,314,20.67,1,0
2026-08-24,,Bandutse Health Post,Kunchi,Kano,12.58688,8.25906,BCG,0,21.71,1,1
2026-08-24,,Bandutse Health Post,Kunchi,Kano,12.58688,8.25906,Penta,0,21.71,1,1
2026-08-24,,Bandutse Health Post,Kunchi,Kano,12.58688,8.25906,Measles,266,21.71,1,0
2026-08-27,,Bandutse Health Post,Kunchi,Kano,12.58688,8.25906,BCG,0,20.65,1,1
2026-08-27,,Bandutse Health Post,Kunchi,Kano,12.58688,8.25906,Penta,360,20.65,1,1
2026-08-27,,Bandutse Health Post,Kunchi,Kano,12.58688,8.25906,Measles,0,20.65,1,1
2026-08-30,,Bandutse Health Post,Kunchi,Kano,12.58688,8.25906,BCG,0,20.12,1,1
2026-08-30,,Bandutse Health Post,Kunchi,Kano,12.58688,8.25906,Penta,317,20.12,1,0
2026-08-30,,Bandutse Health Post,Kunchi,Kano,12.58688,8.25906,Measles,0,20.12,1,1
2026-08-01,73276989.0,Danjaka Health Post,Kunchi,Kano,12.407603,8.222308,BCG,231,2.0,1,0
2026-08-01,73276989.0,Danjaka Health Post,Kunchi,Kano,12.407603,8.222308,Penta,224,2.0,1,0
2026-08-01,73276989.0,Danjaka Health Post,Kunchi,Kano,12.407603,8.222308,Measles,220,2.0,1,0
2026-08-03,73276989.0,Danjaka Health Post,Kunchi,Kano,12.407603,8.222308,BCG,187,2.78,1,0
2026-08-03,73276989.0,Danjaka Health Post,Kunchi,Kano,12.407603,8.222308,Penta,170,2.78,1,0
2026-08-03,73276989.0,Danjaka Health Post,Kunchi,Kano,12.407603,8.222308,Measles,165,2.78,1,0
2026-08-10,73276989.0,Danjaka Health Post,Kunchi,Kano,12.407603,8.222308,BCG,147,20.16,1,0
2026-08-10,73276989.0,Danjaka Health Post,Kunchi,Kano,12.407603,8.222308,Penta,0,20.16,1,1
2026-08-10,73276989.0,Danjaka Health Post,Kunchi,Kano,12.407603,8.222308,Measles,119,20.16,1,0
2026-08-19,73276989.0,Danjaka Health Post,Kunchi,Kano,12.407603,8.222308,BCG,0,20.15,1,1
2026-08-19,73276989.0,Danjaka Health Post,Kunchi,Kano,12.407603,8.222308,Penta,360,20.15,1,1
2026-08-19,73276989.0,Danjaka Health Post,Kunchi,Kano,12.407603,8.222308,Measles,0,20.15,1,1
2026-08-20,73276989.0,Danjaka Health Post,Kunchi,Kano,12.407603,8.222308,BCG,360,17.12,1,1
2026-08-20,73276989.0,Danjaka Health Post,Kunchi,Kano,12.407603,8.222308,Penta,0,17.12,1,1
2026-08-20,73276989.0,Danjaka Health Post,Kunchi,Kano,12.407603,8.222308,Measles,0,17.12,1,1
2026-08-24,73276989.0,Danjaka Health Post,Kunchi,Kano,12.407603,8.222308,BCG,307,20.73,1,0
2026-08-24,73276989.0,Danjaka Health Post,Kunchi,Kano,12.407603,8.222308,Penta,0,20.73,1,1
2026-08-24,73276989.0,Danjaka Health Post,Kunchi,Kano,12.407603,8.222308,Measles,360,20.73,1,1
2026-08-30,73276989.0,Danjaka Health Post,Kunchi,Kano,12.407603,8.222308,BCG,268,20.87,1,0
2026-08-30,73276989.0,Danjaka Health Post,Kunchi,Kano,12.407603,8.222308,Penta,0,20.87,1,1
2026-08-30,73276989.0,Danjaka Health Post,Kunchi,Kano,12.407603,8.222308,Measles,318,20.87,1,0
2026-08-01,61032440.0,Kadani Health Post,Kura,Kano,11.740489,8.455725,BCG,226,2.0,1,0
2026-08-01,61032440.0,Kadani Health Post,Kura,Kano,11.740489,8.455725,Penta,229,2.0,1,0
2026-08-01,61032440.0,Kadani Health Post,Kura,Kano,11.740489,8.455725,Measles,229,2.0,1,0
2026-08-04,61032440.0,Kadani Health Post,Kura,Kano,11.740489,8.455725,BCG,181,9.31,1,0
2026-08-04,61032440.0,Kadani Health Post,Kura,Kano,11.740489,8.455725,Penta,178,9.31,1,0
2026-08-04,61032440.0,Kadani Health Post,Kura,Kano,11.740489,8.455725,Measles,171,9.31,1,0
2026-08-10,61032440.0,Kadani Health Post,Kura,Kano,11.740489,8.455725,BCG,0,21.26,1,1
2026-08-10,61032440.0,Kadani Health Post,Kura,Kano,11.740489,8.455725,Penta,128,21.26,1,0
2026-08-10,61032440.0,Kadani Health Post,Kura,Kano,11.740489,8.455725,Measles,136,21.26,1,0
2026-08-11,61032440.0,Kadani Health Post,Kura,Kano,11.740489,8.455725,BCG,360,17.89,1,1
2026-08-11,61032440.0,Kadani Health Post,Kura,Kano,11.740489,8.455725,Penta,83,17.89,1,0
2026-08-11,61032440.0,Kadani Health Post,Kura,Kano,11.740489,8.455725,Measles,97,17.89,1,0
2026-08-14,61032440.0,Kadani Health Post,Kura,Kano,11.740489,8.455725,BCG,318,18.09,1,0
2026-08-14,61032440.0,Kadani Health Post,Kura,Kano,11.740489,8.455725,Penta,0,18.09,1,1
2026-08-14,61032440.0,Kadani Health Post,Kura,Kano,11.740489,8.455725,Measles,61,18.09,1,0
2026-08-15,61032440.0,Kadani Health Post,Kura,Kano,11.740489,8.455725,BCG,267,14.28,1,0
2026-08-15,61032440.0,Kadani Health Post,Kura,Kano,11.740489,8.455725,Penta,0,14.28,1,1
2026-08-15,61032440.0,Kadani Health Post,Kura,Kano,11.740489,8.455725,Measles,0,14.28,1,1
2026-08-17,61032440.0,Kadani Health Post,Kura,Kano,11.740489,8.455725,BCG,219,16.52,1,0
2026-08-17,61032440.0,Kadani Health Post,Kura,Kano,11.740489,8.455725,Penta,0,16.52,1,1
2026-08-17,61032440.0,Kadani Health Post,Kura,Kano,11.740489,8.455725,Measles,0,16.52,1,1
2026-08-18,61032440.0,Kadani Health Post,Kura,Kano,11.740489,8.455725,BCG,182,14.2,1,0
2026-08-18,61032440.0,Kadani Health Post,Kura,Kano,11.740489,8.455725,Penta,0,14.2,1,1
2026-08-18,61032440.0,Kadani Health Post,Kura,Kano,11.740489,8.455725,Measles,0,14.2,1,1
2026-08-19,61032440.0,Kadani Health Post,Kura,Kano,11.740489,8.455725,BCG,130,11.41,1,0
2026-08-19,61032440.0,Kadani Health Post,Kura,Kano,11.740489,8.455725,Penta,360,11.41,1,1
2026-08-19,61032440.0,Kadani Health Post,Kura,Kano,11.740489,8.455725,Measles,360,11.41,1,1
2026-08-22,61032440.0,Kadani Health Post,Kura,Kano,11.740489,8.455725,BCG,87,17.36,1,0
2026-08-22,61032440.0,Kadani Health Post,Kura,Kano,11.740489,8.455725,Penta,322,17.36,1,0
2026-08-22,61032440.0,Kadani Health Post,Kura,Kano,11.740489,8.455725,Measles,311,17.36,1,0
2026-08-23,61032440.0,Kadani Health Post,Kura,Kano,11.740489,8.455725,BCG,39,15.21,1,0
2026-08-23,61032440.0,Kadani Health Post,Kura,Kano,11.740489,8.455725,Penta,290,15.21,1,0
2026-08-23,61032440.0,Kadani Health Post,Kura,Kano,11.740489,8.455725,Measles,270,15.21,1,0
2026-08-25,61032440.0,Kadani Health Post,Kura,Kano,11.740489,8.455725,BCG,0,17.02,1,1
2026-08-25,61032440.0,Kadani Health Post,Kura,Kano,11.740489,8.455725,Penta,255,17.02,1,0
2026-08-25,61032440.0,Kadani Health Post,Kura,Kano,11.740489,8.455725,Measles,211,17.02,1,0
2026-08-28,61032440.0,Kadani Health Post,Kura,Kano,11.740489,8.455725,BCG,0,21.03,1,1
2026-08-28,61032440.0,Kadani Health Post,Kura,Kano,11.740489,8.455725,Penta,211,21.03,1,0
2026-08-28,61032440.0,Kadani Health Post,Kura,Kano,11.740489,8.455725,Measles,163,21.03,1,0
2026-08-03,40375663.0,Rimin Kwarya Health Post,Kura,Kano,11.81097474,8.431165637,BCG,234,9.9,1,0
2026-08-03,40375663.0,Rimin Kwarya Health Post,Kura,Kano,11.81097474,8.431165637,Penta,213,9.9,1,0
2026-08-03,40375663.0,Rimin Kwarya Health Post,Kura,Kano,11.81097474,8.431165637,Measles,222,9.9,1,0
2026-08-04,40375663.0,Rimin Kwarya Health Post,Kura,Kano,11.81097474,8.431165637,BCG,180,6.58,1,0
2026-08-04,40375663.0,Rimin Kwarya Health Post,Kura,Kano,11.81097474,8.431165637,Penta,163,6.58,1,0
2026-08-04,40375663.0,Rimin Kwarya Health Post,Kura,Kano,11.81097474,8.431165637,Measles,170,6.58,1,0
2026-08-05,40375663.0,Rimin Kwarya Health Post,Kura,Kano,11.81097474,8.431165637,BCG,117,3.35,1,0
2026-08-05,40375663.0,Rimin Kwarya Health Post,Kura,Kano,11.81097474,8.431165637,Penta,112,3.35,1,0
2026-08-05,40375663.0,Rimin Kwarya Health Post,Kura,Kano,11.81097474,8.431165637,Measles,117,3.35,1,0
2026-08-10,40375663.0,Rimin Kwarya Health Post,Kura,Kano,11.81097474,8.431165637,BCG,66,14.66,1,0
2026-08-10,40375663.0,Rimin Kwarya Health Post,Kura,Kano,11.81097474,8.431165637,Penta,58,14.66,1,0
2026-08-10,40375663.0,Rimin Kwarya Health Post,Kura,Kano,11.81097474,8.431165637,Measles,69,14.66,1,0
2026-08-11,40375663.0,Rimin Kwarya Health Post,Kura,Kano,11.81097474,8.431165637,BCG,381,12.01,1,0
2026-08-11,40375663.0,Rimin Kwarya Health Post,Kura,Kano,11.81097474,8.431165637,Penta,5,12.01,1,0
2026-08-11,40375663.0,Rimin Kwarya Health Post,Kura,Kano,11.81097474,8.431165637,Measles,22,12.01,1,0
2026-08-17,40375663.0,Rimin Kwarya Health Post,Kura,Kano,11.81097474,8.431165637,BCG,338,21.11,1,0
2026-08-17,40375663.0,Rimin Kwarya Health Post,Kura,Kano,11.81097474,8.431165637,Penta,0,21.11,1,1
2026-08-17,40375663.0,Rimin Kwarya Health Post,Kura,Kano,11.81097474,8.431165637,Measles,0,21.11,1,1
2026-08-21,40375663.0,Rimin Kwarya Health Post,Kura,Kano,11.81097474,8.431165637,BCG,287,22.22,1,0
2026-08-21,40375663.0,Rimin Kwarya Health Post,Kura,Kano,11.81097474,8.431165637,Penta,0,22.22,1,1
2026-08-21,40375663.0,Rimin Kwarya Health Post,Kura,Kano,11.81097474,8.431165637,Measles,360,22.22,1,1
2026-08-22,40375663.0,Rimin Kwarya Health Post,Kura,Kano,11.81097474,8.431165637,BCG,238,19.3,1,0
2026-08-22,40375663.0,Rimin Kwarya Health Post,Kura,Kano,11.81097474,8.431165637,Penta,0,19.3,1,1
2026-08-22,40375663.0,Rimin Kwarya Health Post,Kura,Kano,11.81097474,8.431165637,Measles,0,19.3,1,1
2026-08-25,40375663.0,Rimin Kwarya Health Post,Kura,Kano,11.81097474,8.431165637,BCG,188,20.81,1,0
2026-08-25,40375663.0,Rimin Kwarya Health Post,Kura,Kano,11.81097474,8.431165637,Penta,360,20.81,1,1
2026-08-25,40375663.0,Rimin Kwarya Health Post,Kura,Kano,11.81097474,8.431165637,Measles,0,20.81,1,1
2026-08-26,40375663.0,Rimin Kwarya Health Post,Kura,Kano,11.81097474,8.431165637,BCG,152,17.64,1,0
2026-08-26,40375663.0,Rimin Kwarya Health Post,Kura,Kano,11.81097474,8.431165637,Penta,327,17.64,1,0
2026-08-26,40375663.0,Rimin Kwarya Health Post,Kura,Kano,11.81097474,8.431165637,Measles,0,17.64,1,1
2026-08-27,40375663.0,Rimin Kwarya Health Post,Kura,Kano,11.81097474,8.431165637,BCG,102,14.78,1,0
2026-08-27,40375663.0,Rimin Kwarya Health Post,Kura,Kano,11.81097474,8.431165637,Penta,287,14.78,1,0
2026-08-27,40375663.0,Rimin Kwarya Health Post,Kura,Kano,11.81097474,8.431165637,Measles,0,14.78,1,1
2026-08-28,40375663.0,Rimin Kwarya Health Post,Kura,Kano,11.81097474,8.431165637,BCG,39,11.36,1,0
2026-08-28,40375663.0,Rimin Kwarya Health Post,Kura,Kano,11.81097474,8.431165637,Penta,248,11.36,1,0
2026-08-28,40375663.0,Rimin Kwarya Health Post,Kura,Kano,11.81097474,8.431165637,Measles,360,11.36,1,1
2026-08-30,40375663.0,Rimin Kwarya Health Post,Kura,Kano,11.81097474,8.431165637,BCG,360,12.33,1,1
2026-08-30,40375663.0,Rimin Kwarya Health Post,Kura,Kano,11.81097474,8.431165637,Penta,0,12.33,1,1
2026-08-30,40375663.0,Rimin Kwarya Health Post,Kura,Kano,11.81097474,8.431165637,Measles,321,12.33,1,0
2026-08-01,53394047.0,Kubarachi Health Clinic,Madobi,Kano,11.75815487,8.355088232,BCG,233,2.0,1,0
2026-08-01,53394047.0,Kubarachi Health Clinic,Madobi,Kano,11.75815487,8.355088232,Penta,217,2.0,1,0
2026-08-01,53394047.0,Kubarachi Health Clinic,Madobi,Kano,11.75815487,8.355088232,Measles,216,2.0,1,0
2026-08-02,53394047.0,Kubarachi Health Clinic,Madobi,Kano,11.75815487,8.355088232,BCG,175,2.0,1,0
2026-08-02,53394047.0,Kubarachi Health Clinic,Madobi,Kano,11.75815487,8.355088232,Penta,166,2.0,1,0
2026-08-02,53394047.0,Kubarachi Health Clinic,Madobi,Kano,11.75815487,8.355088232,Measles,177,2.0,1,0
2026-08-03,53394047.0,Kubarachi Health Clinic,Madobi,Kano,11.75815487,8.355088232,BCG,131,2.0,1,0
2026-08-03,53394047.0,Kubarachi Health Clinic,Madobi,Kano,11.75815487,8.355088232,Penta,125,2.0,1,0
2026-08-03,53394047.0,Kubarachi Health Clinic,Madobi,Kano,11.75815487,8.355088232,Measles,115,2.0,1,0
2026-08-06,53394047.0,Kubarachi Health Clinic,Madobi,Kano,11.75815487,8.355088232,BCG,96,5.83,1,0
2026-08-06,53394047.0,Kubarachi Health Clinic,Madobi,Kano,11.75815487,8.355088232,Penta,80,5.83,1,0
2026-08-06,53394047.0,Kubarachi Health Clinic,Madobi,Kano,11.75815487,8.355088232,Measles,78,5.83,1,0
2026-08-07,53394047.0,Kubarachi Health Clinic,Madobi,Kano,11.75815487,8.355088232,BCG,60,3.0,1,0
2026-08-07,53394047.0,Kubarachi Health Clinic,Madobi,Kano,11.75815487,8.355088232,Penta,30,3.0,1,0
2026-08-07,53394047.0,Kubarachi Health Clinic,Madobi,Kano,11.75815487,8.355088232,Measles,31,3.0,1,0
2026-08-09,53394047.0,Kubarachi Health Clinic,Madobi,Kano,11.75815487,8.355088232,BCG,11,4.31,1,0
2026-08-09,53394047.0,Kubarachi Health Clinic,Madobi,Kano,11.75815487,8.355088232,Penta,360,4.31,1,1
2026-08-09,53394047.0,Kubarachi Health Clinic,Madobi,Kano,11.75815487,8.355088232,Measles,0,4.31,1,1
2026-08-10,53394047.0,Kubarachi Health Clinic,Madobi,Kano,11.75815487,8.355088232,BCG,0,2.0,1,1
2026-08-10,53394047.0,Kubarachi Health Clinic,Madobi,Kano,11.75815487,8.355088232,Penta,312,2.0,1,0
2026-08-10,53394047.0,Kubarachi Health Clinic,Madobi,Kano,11.75815487,8.355088232,Measles,0,2.0,1,1
2026-08-11,53394047.0,Kubarachi Health Clinic,Madobi,Kano,11.75815487,8.355088232,BCG,360,2.0,1,1
2026-08-11,53394047.0,Kubarachi Health Clinic,Madobi,Kano,11.75815487,8.355088232,Penta,280,2.0,1,0
2026-08-11,53394047.0,Kubarachi Health Clinic,Madobi,Kano,11.75815487,8.355088232,Measles,360,2.0,1,1
2026-08-12,53394047.0,Kubarachi Health Clinic,Madobi,Kano,11.75815487,8.355088232,BCG,315,2.0,1,0
2026-08-12,53394047.0,Kubarachi Health Clinic,Madobi,Kano,11.75815487,8.355088232,Penta,238,2.0,1,0
2026-08-12,53394047.0,Kubarachi Health Clinic,Madobi,Kano,11.75815487,8.355088232,Measles,315,2.0,1,0
2026-08-15,53394047.0,Kubarachi Health Clinic,Madobi,Kano,11.75815487,8.355088232,BCG,266,4.67,1,0
2026-08-15,53394047.0,Kubarachi Health Clinic,Madobi,Kano,11.75815487,8.355088232,Penta,196,4.67,1,0
2026-08-15,53394047.0,Kubarachi Health Clinic,Madobi,Kano,11.75815487,8.355088232,Measles,258,4.67,1,0
2026-08-16,53394047.0,Kubarachi Health Clinic,Madobi,Kano,11.75815487,8.355088232,BCG,218,2.0,1,0
2026-08-16,53394047.0,Kubarachi Health Clinic,Madobi,Kano,11.75815487,8.355088232,Penta,154,2.0,1,0
2026-08-16,53394047.0,Kubarachi Health Clinic,Madobi,Kano,11.75815487,8.355088232,Measles,204,2.0,1,0
2026-08-19,53394047.0,Kubarachi Health Clinic,Madobi,Kano,11.75815487,8.355088232,BCG,177,6.47,1,0
2026-08-19,53394047.0,Kubarachi Health Clinic,Madobi,Kano,11.75815487,8.355088232,Penta,108,6.47,1,0
2026-08-19,53394047.0,Kubarachi Health Clinic,Madobi,Kano,11.75815487,8.355088232,Measles,162,6.47,1,0
2026-08-20,53394047.0,Kubarachi Health Clinic,Madobi,Kano,11.75815487,8.355088232,BCG,135,4.08,1,0
2026-08-20,53394047.0,Kubarachi Health Clinic,Madobi,Kano,11.75815487,8.355088232,Penta,423,4.08,1,0
2026-08-20,53394047.0,Kubarachi Health Clinic,Madobi,Kano,11.75815487,8.355088232,Measles,133,4.08,1,0
2026-08-22,53394047.0,Kubarachi Health Clinic,Madobi,Kano,11.75815487,8.355088232,BCG,100,5.13,1,0
2026-08-22,53394047.0,Kubarachi Health Clinic,Madobi,Kano,11.75815487,8.355088232,Penta,388,5.13,1,0
2026-08-22,53394047.0,Kubarachi Health Clinic,Madobi,Kano,11.75815487,8.355088232,Measles,90,5.13,1,0
2026-08-23,53394047.0,Kubarachi Health Clinic,Madobi,Kano,11.75815487,8.355088232,BCG,424,2.49,1,0
2026-08-23,53394047.0,Kubarachi Health Clinic,Madobi,Kano,11.75815487,8.355088232,Penta,348,2.49,1,0
2026-08-23,53394047.0,Kubarachi Health Clinic,Madobi,Kano,11.75815487,8.355088232,Measles,39,2.49,1,0
2026-08-02,83835160.0,Gora Primary Health Clinic,Madobi,Kano,11.81787113,8.326992062,BCG,210,6.35,1,0
2026-08-02,83835160.0,Gora Primary Health Clinic,Madobi,Kano,11.81787113,8.326992062,Penta,221,6.35,1,0
2026-08-02,83835160.0,Gora Primary Health Clinic,Madobi,Kano,11.81787113,8.326992062,Measles,225,6.35,1,0
2026-08-06,83835160.0,Gora Primary Health Clinic,Madobi,Kano,11.81787113,8.326992062,BCG,173,17.03,1,0
2026-08-06,83835160.0,Gora Primary Health Clinic,Madobi,Kano,11.81787113,8.326992062,Penta,360,17.03,1,1
2026-08-06,83835160.0,Gora Primary Health Clinic,Madobi,Kano,11.81787113,8.326992062,Measles,0,17.03,1,1
2026-08-07,83835160.0,Gora Primary Health Clinic,Madobi,Kano,11.81787113,8.326992062,BCG,0,14.54,1,1
2026-08-07,83835160.0,Gora Primary Health Clinic,Madobi,Kano,11.81787113,8.326992062,Penta,300,14.54,1,0
2026-08-07,83835160.0,Gora Primary Health Clinic,Madobi,Kano,11.81787113,8.326992062,Measles,360,14.54,1,1
2026-08-11,83835160.0,Gora Primary Health Clinic,Madobi,Kano,11.81787113,8.326992062,BCG,0,20.11,1,1
2026-08-11,83835160.0,Gora Primary Health Clinic,Madobi,Kano,11.81787113,8.326992062,Penta,264,20.11,1,0
2026-08-11,83835160.0,Gora Primary Health Clinic,Madobi,Kano,11.81787113,8.326992062,Measles,328,20.11,1,0
2026-08-12,83835160.0,Gora Primary Health Clinic,Madobi,Kano,11.81787113,8.326992062,BCG,0,16.66,1,1
2026-08-12,83835160.0,Gora Primary Health Clinic,Madobi,Kano,11.81787113,8.326992062,Penta,219,16.66,1,0
2026-08-12,83835160.0,Gora Primary Health Clinic,Madobi,Kano,11.81787113,8.326992062,Measles,283,16.66,1,0
2026-08-18,83835160.0,Gora Primary Health Clinic,Madobi,Kano,11.81787113,8.326992062,BCG,0,20.96,1,1
2026-08-18,83835160.0,Gora Primary Health Clinic,Madobi,Kano,11.81787113,8.326992062,Penta,182,20.96,1,0
2026-08-18,83835160.0,Gora Primary Health Clinic,Madobi,Kano,11.81787113,8.326992062,Measles,237,20.96,1,0
2026-08-19,83835160.0,Gora Primary Health Clinic,Madobi,Kano,11.81787113,8.326992062,BCG,0,18.04,1,1
2026-08-19,83835160.0,Gora Primary Health Clinic,Madobi,Kano,11.81787113,8.326992062,Penta,140,18.04,1,0
2026-08-19,83835160.0,Gora Primary Health Clinic,Madobi,Kano,11.81787113,8.326992062,Measles,190,18.04,1,0
2026-08-20,83835160.0,Gora Primary Health Clinic,Madobi,Kano,11.81787113,8.326992062,BCG,0,15.03,1,1
2026-08-20,83835160.0,Gora Primary Health Clinic,Madobi,Kano,11.81787113,8.326992062,Penta,0,15.03,1,1
2026-08-20,83835160.0,Gora Primary Health Clinic,Madobi,Kano,11.81787113,8.326992062,Measles,125,15.03,1,0
2026-08-22,83835160.0,Gora Primary Health Clinic,Madobi,Kano,11.81787113,8.326992062,BCG,0,13.74,1,1
2026-08-22,83835160.0,Gora Primary Health Clinic,Madobi,Kano,11.81787113,8.326992062,Penta,0,13.74,1,1
2026-08-22,83835160.0,Gora Primary Health Clinic,Madobi,Kano,11.81787113,8.326992062,Measles,76,13.74,1,0
2026-08-29,83835160.0,Gora Primary Health Clinic,Madobi,Kano,11.81787113,8.326992062,BCG,0,22.81,1,1
2026-08-29,83835160.0,Gora Primary Health Clinic,Madobi,Kano,11.81787113,8.326992062,Penta,0,22.81,1,1
2026-08-29,83835160.0,Gora Primary Health Clinic,Madobi,Kano,11.81787113,8.326992062,Measles,0,22.81,1,1
2026-08-01,19489940.0,Koguna Primary Health Center,Makoda,Kano,12.384923,8.460376,BCG,227,2.0,1,0
2026-08-01,19489940.0,Koguna Primary Health Center,Makoda,Kano,12.384923,8.460376,Penta,224,2.0,1,0
2026-08-01,19489940.0,Koguna Primary Health Center,Makoda,Kano,12.384923,8.460376,Measles,221,2.0,1,0
2026-08-04,19489940.0,Koguna Primary Health Center,Makoda,Kano,12.384923,8.460376,BCG,183,5.16,1,0
2026-08-04,19489940.0,Koguna Primary Health Center,Makoda,Kano,12.384923,8.460376,Penta,185,5.16,1,0
2026-08-04,19489940.0,Koguna Primary Health Center,Makoda,Kano,12.384923,8.460376,Measles,182,5.16,1,0
2026-08-06,19489940.0,Koguna Primary Health Center,Makoda,Kano,12.384923,8.460376,BCG,138,5.89,1,0
2026-08-06,19489940.0,Koguna Primary Health Center,Makoda,Kano,12.384923,8.460376,Penta,143,5.89,1,0
2026-08-06,19489940.0,Koguna Primary Health Center,Makoda,Kano,12.384923,8.460376,Measles,142,5.89,1,0
2026-08-07,19489940.0,Koguna Primary Health Center,Makoda,Kano,12.384923,8.460376,BCG,94,2.89,1,0
2026-08-07,19489940.0,Koguna Primary Health Center,Makoda,Kano,12.384923,8.460376,Penta,111,2.89,1,0
2026-08-07,19489940.0,Koguna Primary Health Center,Makoda,Kano,12.384923,8.460376,Measles,90,2.89,1,0
2026-08-09,19489940.0,Koguna Primary Health Center,Makoda,Kano,12.384923,8.460376,BCG,401,4.3,1,0
2026-08-09,19489940.0,Koguna Primary Health Center,Makoda,Kano,12.384923,8.460376,Penta,64,4.3,1,0
2026-08-09,19489940.0,Koguna Primary Health Center,Makoda,Kano,12.384923,8.460376,Measles,403,4.3,1,0
2026-08-12,19489940.0,Koguna Primary Health Center,Makoda,Kano,12.384923,8.460376,BCG,362,8.11,1,0
2026-08-12,19489940.0,Koguna Primary Health Center,Makoda,Kano,12.384923,8.460376,Penta,381,8.11,1,0
2026-08-12,19489940.0,Koguna Primary Health Center,Makoda,Kano,12.384923,8.460376,Measles,350,8.11,1,0
2026-08-15,19489940.0,Koguna Primary Health Center,Makoda,Kano,12.384923,8.460376,BCG,321,11.57,1,0
2026-08-15,19489940.0,Koguna Primary Health Center,Makoda,Kano,12.384923,8.460376,Penta,341,11.57,1,0
2026-08-15,19489940.0,Koguna Primary Health Center,Makoda,Kano,12.384923,8.460376,Measles,306,11.57,1,0
2026-08-16,19489940.0,Koguna Primary Health Center,Makoda,Kano,12.384923,8.460376,BCG,277,8.99,1,0
2026-08-16,19489940.0,Koguna Primary Health Center,Makoda,Kano,12.384923,8.460376,Penta,300,8.99,1,0
2026-08-16,19489940.0,Koguna Primary Health Center,Makoda,Kano,12.384923,8.460376,Measles,266,8.99,1,0
2026-08-19,19489940.0,Koguna Primary Health Center,Makoda,Kano,12.384923,8.460376,BCG,241,12.03,1,0
2026-08-19,19489940.0,Koguna Primary Health Center,Makoda,Kano,12.384923,8.460376,Penta,0,12.03,1,1
2026-08-19,19489940.0,Koguna Primary Health Center,Makoda,Kano,12.384923,8.460376,Measles,223,12.03,1,0
2026-08-22,19489940.0,Koguna Primary Health Center,Makoda,Kano,12.384923,8.460376,BCG,202,14.01,1,0
2026-08-22,19489940.0,Koguna Primary Health Center,Makoda,Kano,12.384923,8.460376,Penta,360,14.01,1,1
2026-08-22,19489940.0,Koguna Primary Health Center,Makoda,Kano,12.384923,8.460376,Measles,168,14.01,1,0
2026-08-23,19489940.0,Koguna Primary Health Center,Makoda,Kano,12.384923,8.460376,BCG,166,11.39,1,0
2026-08-23,19489940.0,Koguna Primary Health Center,Makoda,Kano,12.384923,8.460376,Penta,321,11.39,1,0
2026-08-23,19489940.0,Koguna Primary Health Center,Makoda,Kano,12.384923,8.460376,Measles,127,11.39,1,0
2026-08-26,19489940.0,Koguna Primary Health Center,Makoda,Kano,12.384923,8.460376,BCG,118,15.55,1,0
2026-08-26,19489940.0,Koguna Primary Health Center,Makoda,Kano,12.384923,8.460376,Penta,278,15.55,1,0
2026-08-26,19489940.0,Koguna Primary Health Center,Makoda,Kano,12.384923,8.460376,Measles,73,15.55,1,0
2026-08-01,55271226.0,Tasharbasa Health Post,Makoda,Kano,12.33582,8.444996,BCG,224,2.0,1,0
2026-08-01,55271226.0,Tasharbasa Health Post,Makoda,Kano,12.33582,8.444996,Penta,235,2.0,1,0
2026-08-01,55271226.0,Tasharbasa Health Post,Makoda,Kano,12.33582,8.444996,Measles,225,2.0,1,0
2026-08-02,55271226.0,Tasharbasa Health Post,Makoda,Kano,12.33582,8.444996,BCG,171,2.0,1,0
2026-08-02,55271226.0,Tasharbasa Health Post,Makoda,Kano,12.33582,8.444996,Penta,199,2.0,1,0
2026-08-02,55271226.0,Tasharbasa Health Post,Makoda,Kano,12.33582,8.444996,Measles,193,2.0,1,0
2026-08-07,55271226.0,Tasharbasa Health Post,Makoda,Kano,12.33582,8.444996,BCG,123,10.7,1,0
2026-08-07,55271226.0,Tasharbasa Health Post,Makoda,Kano,12.33582,8.444996,Penta,155,10.7,1,0
2026-08-07,55271226.0,Tasharbasa Health Post,Makoda,Kano,12.33582,8.444996,Measles,143,10.7,1,0
2026-08-08,55271226.0,Tasharbasa Health Post,Makoda,Kano,12.33582,8.444996,BCG,73,7.93,1,0
2026-08-08,55271226.0,Tasharbasa Health Post,Makoda,Kano,12.33582,8.444996,Penta,103,7.93,1,0
2026-08-08,55271226.0,Tasharbasa Health Post,Makoda,Kano,12.33582,8.444996,Measles,96,7.93,1,0
2026-08-13,55271226.0,Tasharbasa Health Post,Makoda,Kano,12.33582,8.444996,BCG,389,17.03,1,0
2026-08-13,55271226.0,Tasharbasa Health Post,Makoda,Kano,12.33582,8.444996,Penta,62,17.03,1,0
2026-08-13,55271226.0,Tasharbasa Health Post,Makoda,Kano,12.33582,8.444996,Measles,0,17.03,1,1
2026-08-17,55271226.0,Tasharbasa Health Post,Makoda,Kano,12.33582,8.444996,BCG,335,21.75,1,0
2026-08-17,55271226.0,Tasharbasa Health Post,Makoda,Kano,12.33582,8.444996,Penta,360,21.75,1,1
2026-08-17,55271226.0,Tasharbasa Health Post,Makoda,Kano,12.33582,8.444996,Measles,360,21.75,1,1
2026-08-18,55271226.0,Tasharbasa Health Post,Makoda,Kano,12.33582,8.444996,BCG,298,18.42,1,0
2026-08-18,55271226.0,Tasharbasa Health Post,Makoda,Kano,12.33582,8.444996,Penta,308,18.42,1,0
2026-08-18,55271226.0,Tasharbasa Health Post,Makoda,Kano,12.33582,8.444996,Measles,322,18.42,1,0
2026-08-20,55271226.0,Tasharbasa Health Post,Makoda,Kano,12.33582,8.444996,BCG,244,16.61,1,0
2026-08-20,55271226.0,Tasharbasa Health Post,Makoda,Kano,12.33582,8.444996,Penta,252,16.61,1,0
2026-08-20,55271226.0,Tasharbasa Health Post,Makoda,Kano,12.33582,8.444996,Measles,279,16.61,1,0
2026-08-22,55271226.0,Tasharbasa Health Post,Makoda,Kano,12.33582,8.444996,BCG,199,17.81,1,0
2026-08-22,55271226.0,Tasharbasa Health Post,Makoda,Kano,12.33582,8.444996,Penta,207,17.81,1,0
2026-08-22,55271226.0,Tasharbasa Health Post,Makoda,Kano,12.33582,8.444996,Measles,232,17.81,1,0
2026-08-23,55271226.0,Tasharbasa Health Post,Makoda,Kano,12.33582,8.444996,BCG,151,15.52,1,0
2026-08-23,55271226.0,Tasharbasa Health Post,Makoda,Kano,12.33582,8.444996,Penta,150,15.52,1,0
2026-08-23,55271226.0,Tasharbasa Health Post,Makoda,Kano,12.33582,8.444996,Measles,188,15.52,1,0
2026-08-24,55271226.0,Tasharbasa Health Post,Makoda,Kano,12.33582,8.444996,BCG,110,12.25,1,0
2026-08-24,55271226.0,Tasharbasa Health Post,Makoda,Kano,12.33582,8.444996,Penta,0,12.25,1,1
2026-08-24,55271226.0,Tasharbasa Health Post,Makoda,Kano,12.33582,8.444996,Measles,131,12.25,1,0
2026-08-26,55271226.0,Tasharbasa Health Post,Makoda,Kano,12.33582,8.444996,BCG,426,12.21,1,0
2026-08-26,55271226.0,Tasharbasa Health Post,Makoda,Kano,12.33582,8.444996,Penta,360,12.21,1,1
2026-08-26,55271226.0,Tasharbasa Health Post,Makoda,Kano,12.33582,8.444996,Measles,86,12.21,1,0
2026-08-30,55271226.0,Tasharbasa Health Post,Makoda,Kano,12.33582,8.444996,BCG,382,19.14,1,0
2026-08-30,55271226.0,Tasharbasa Health Post,Makoda,Kano,12.33582,8.444996,Penta,312,19.14,1,0
2026-08-30,55271226.0,Tasharbasa Health Post,Makoda,Kano,12.33582,8.444996,Measles,394,19.14,1,0
2026-08-02,28283052.0,Tunkunawa Health Post,Minjibir,Kano,12.2170973,8.662968055,BCG,218,5.91,1,0
2026-08-02,28283052.0,Tunkunawa Health Post,Minjibir,Kano,12.2170973,8.662968055,Penta,239,5.91,1,0
2026-08-02,28283052.0,Tunkunawa Health Post,Minjibir,Kano,12.2170973,8.662968055,Measles,218,5.91,1,0
2026-08-03,28283052.0,Tunkunawa Health Post,Minjibir,Kano,12.2170973,8.662968055,BCG,172,2.89,1,0
2026-08-03,28283052.0,Tunkunawa Health Post,Minjibir,Kano,12.2170973,8.662968055,Penta,195,2.89,1,0
2026-08-03,28283052.0,Tunkunawa Health Post,Minjibir,Kano,12.2170973,8.662968055,Measles,177,2.89,1,0
2026-08-07,28283052.0,Tunkunawa Health Post,Minjibir,Kano,12.2170973,8.662968055,BCG,134,12.16,1,0
2026-08-07,28283052.0,Tunkunawa Health Post,Minjibir,Kano,12.2170973,8.662968055,Penta,0,12.16,1,1
2026-08-07,28283052.0,Tunkunawa Health Post,Minjibir,Kano,12.2170973,8.662968055,Measles,135,12.16,1,0
2026-08-08,28283052.0,Tunkunawa Health Post,Minjibir,Kano,12.2170973,8.662968055,BCG,88,9.92,1,0
2026-08-08,28283052.0,Tunkunawa Health Post,Minjibir,Kano,12.2170973,8.662968055,Penta,360,9.92,1,1
2026-08-08,28283052.0,Tunkunawa Health Post,Minjibir,Kano,12.2170973,8.662968055,Measles,93,9.92,1,0
2026-08-09,28283052.0,Tunkunawa Health Post,Minjibir,Kano,12.2170973,8.662968055,BCG,48,6.66,1,0
2026-08-09,28283052.0,Tunkunawa Health Post,Minjibir,Kano,12.2170973,8.662968055,Penta,316,6.66,1,0
2026-08-09,28283052.0,Tunkunawa Health Post,Minjibir,Kano,12.2170973,8.662968055,Measles,403,6.66,1,0
2026-08-10,28283052.0,Tunkunawa Health Post,Minjibir,Kano,12.2170973,8.662968055,BCG,366,5.27,1,0
2026-08-10,28283052.0,Tunkunawa Health Post,Minjibir,Kano,12.2170973,8.662968055,Penta,269,5.27,1,0
2026-08-10,28283052.0,Tunkunawa Health Post,Minjibir,Kano,12.2170973,8.662968055,Measles,353,5.27,1,0
2026-08-13,28283052.0,Tunkunawa Health Post,Minjibir,Kano,12.2170973,8.662968055,BCG,311,8.93,1,0
2026-08-13,28283052.0,Tunkunawa Health Post,Minjibir,Kano,12.2170973,8.662968055,Penta,234,8.93,1,0
2026-08-13,28283052.0,Tunkunawa Health Post,Minjibir,Kano,12.2170973,8.662968055,Measles,306,8.93,1,0
2026-08-15,28283052.0,Tunkunawa Health Post,Minjibir,Kano,12.2170973,8.662968055,BCG,264,9.46,1,0
2026-08-15,28283052.0,Tunkunawa Health Post,Minjibir,Kano,12.2170973,8.662968055,Penta,189,9.46,1,0
2026-08-15,28283052.0,Tunkunawa Health Post,Minjibir,Kano,12.2170973,8.662968055,Measles,263,9.46,1,0
2026-08-20,28283052.0,Tunkunawa Health Post,Minjibir,Kano,12.2170973,8.662968055,BCG,226,20.86,1,0
2026-08-20,28283052.0,Tunkunawa Health Post,Minjibir,Kano,12.2170973,8.662968055,Penta,150,20.86,1,0
2026-08-20,28283052.0,Tunkunawa Health Post,Minjibir,Kano,12.2170973,8.662968055,Measles,221,20.86,1,0
2026-08-21,28283052.0,Tunkunawa Health Post,Minjibir,Kano,12.2170973,8.662968055,BCG,0,19.02,1,1
2026-08-21,28283052.0,Tunkunawa Health Post,Minjibir,Kano,12.2170973,8.662968055,Penta,113,19.02,1,0
2026-08-21,28283052.0,Tunkunawa Health Post,Minjibir,Kano,12.2170973,8.662968055,Measles,169,19.02,1,0
2026-08-29,28283052.0,Tunkunawa Health Post,Minjibir,Kano,12.2170973,8.662968055,BCG,360,22.02,1,1
2026-08-29,28283052.0,Tunkunawa Health Post,Minjibir,Kano,12.2170973,8.662968055,Penta,80,22.02,1,0
2026-08-29,28283052.0,Tunkunawa Health Post,Minjibir,Kano,12.2170973,8.662968055,Measles,128,22.02,1,0
2026-08-01,16409616.0,Gurjiya (Mjb) Health Clinic,Minjibir,Kano,12.222731,8.707135,BCG,233,2.0,1,0
2026-08-01,16409616.0,Gurjiya (Mjb) Health Clinic,Minjibir,Kano,12.222731,8.707135,Penta,221,2.0,1,0
2026-08-01,16409616.0,Gurjiya (Mjb) Health Clinic,Minjibir,Kano,12.222731,8.707135,Measles,210,2.0,1,0
2026-08-07,16409616.0,Gurjiya (Mjb) Health Clinic,Minjibir,Kano,12.222731,8.707135,BCG,188,14.43,1,0
2026-08-07,16409616.0,Gurjiya (Mjb) Health Clinic,Minjibir,Kano,12.222731,8.707135,Penta,167,14.43,1,0
2026-08-07,16409616.0,Gurjiya (Mjb) Health Clinic,Minjibir,Kano,12.222731,8.707135,Measles,165,14.43,1,0
2026-08-17,16409616.0,Gurjiya (Mjb) Health Clinic,Minjibir,Kano,12.222731,8.707135,BCG,0,20.84,1,1
2026-08-17,16409616.0,Gurjiya (Mjb) Health Clinic,Minjibir,Kano,12.222731,8.707135,Penta,115,20.84,1,0
2026-08-17,16409616.0,Gurjiya (Mjb) Health Clinic,Minjibir,Kano,12.222731,8.707135,Measles,113,20.84,1,0
2026-08-18,16409616.0,Gurjiya (Mjb) Health Clinic,Minjibir,Kano,12.222731,8.707135,BCG,360,18.51,1,1
2026-08-18,16409616.0,Gurjiya (Mjb) Health Clinic,Minjibir,Kano,12.222731,8.707135,Penta,0,18.51,1,1
2026-08-18,16409616.0,Gurjiya (Mjb) Health Clinic,Minjibir,Kano,12.222731,8.707135,Measles,431,18.51,1,0
2026-08-25,16409616.0,Gurjiya (Mjb) Health Clinic,Minjibir,Kano,12.222731,8.707135,BCG,0,20.88,1,1
2026-08-25,16409616.0,Gurjiya (Mjb) Health Clinic,Minjibir,Kano,12.222731,8.707135,Penta,0,20.88,1,1
2026-08-25,16409616.0,Gurjiya (Mjb) Health Clinic,Minjibir,Kano,12.222731,8.707135,Measles,394,20.88,1,0
2026-08-29,16409616.0,Gurjiya (Mjb) Health Clinic,Minjibir,Kano,12.222731,8.707135,BCG,360,21.71,1,1
2026-08-29,16409616.0,Gurjiya (Mjb) Health Clinic,Minjibir,Kano,12.222731,8.707135,Penta,0,21.71,1,1
2026-08-29,16409616.0,Gurjiya (Mjb) Health Clinic,Minjibir,Kano,12.222731,8.707135,Measles,351,21.71,1,0
2026-08-02,,Haye Health Post,Nasarawa,Kano,12.00531006,8.586303711,BCG,219,4.71,1,0
2026-08-02,,Haye Health Post,Nasarawa,Kano,12.00531006,8.586303711,Penta,242,4.71,1,0
2026-08-02,,Haye Health Post,Nasarawa,Kano,12.00531006,8.586303711,Measles,210,4.71,1,0
2026-08-10,,Haye Health Post,Nasarawa,Kano,12.00531006,8.586303711,BCG,168,22.08,1,0
2026-08-10,,Haye Health Post,Nasarawa,Kano,12.00531006,8.586303711,Penta,360,22.08,1,1
2026-08-10,,Haye Health Post,Nasarawa,Kano,12.00531006,8.586303711,Measles,173,22.08,1,0
2026-08-12,,Haye Health Post,Nasarawa,Kano,12.00531006,8.586303711,BCG,127,21.46,1,0
2026-08-12,,Haye Health Post,Nasarawa,Kano,12.00531006,8.586303711,Penta,319,21.46,1,0
2026-08-12,,Haye Health Post,Nasarawa,Kano,12.00531006,8.586303711,Measles,0,21.46,1,1
2026-08-15,,Haye Health Post,Nasarawa,Kano,12.00531006,8.586303711,BCG,73,20.74,1,0
2026-08-15,,Haye Health Post,Nasarawa,Kano,12.00531006,8.586303711,Penta,280,20.74,1,0
2026-08-15,,Haye Health Post,Nasarawa,Kano,12.00531006,8.586303711,Measles,360,20.74,1,1
2026-08-18,,Haye Health Post,Nasarawa,Kano,12.00531006,8.586303711,BCG,0,21.14,1,1
2026-08-18,,Haye Health Post,Nasarawa,Kano,12.00531006,8.586303711,Penta,0,21.14,1,1
2026-08-18,,Haye Health Post,Nasarawa,Kano,12.00531006,8.586303711,Measles,301,21.14,1,0
2026-08-20,,Haye Health Post,Nasarawa,Kano,12.00531006,8.586303711,BCG,0,21.28,1,1
2026-08-20,,Haye Health Post,Nasarawa,Kano,12.00531006,8.586303711,Penta,360,21.28,1,1
2026-08-20,,Haye Health Post,Nasarawa,Kano,12.00531006,8.586303711,Measles,253,21.28,1,0
2026-08-24,,Haye Health Post,Nasarawa,Kano,12.00531006,8.586303711,BCG,0,21.68,1,1
2026-08-24,,Haye Health Post,Nasarawa,Kano,12.00531006,8.586303711,Penta,309,21.68,1,0
2026-08-24,,Haye Health Post,Nasarawa,Kano,12.00531006,8.586303711,Measles,209,21.68,1,0
2026-08-25,,Haye Health Post,Nasarawa,Kano,12.00531006,8.586303711,BCG,0,19.04,1,1
2026-08-25,,Haye Health Post,Nasarawa,Kano,12.00531006,8.586303711,Penta,256,19.04,1,0
2026-08-25,,Haye Health Post,Nasarawa,Kano,12.00531006,8.586303711,Measles,171,19.04,1,0
2026-08-26,,Haye Health Post,Nasarawa,Kano,12.00531006,8.586303711,BCG,0,16.23,1,1
2026-08-26,,Haye Health Post,Nasarawa,Kano,12.00531006,8.586303711,Penta,215,16.23,1,0
2026-08-26,,Haye Health Post,Nasarawa,Kano,12.00531006,8.586303711,Measles,136,16.23,1,0
2026-08-29,,Haye Health Post,Nasarawa,Kano,12.00531006,8.586303711,BCG,0,19.87,1,1
2026-08-29,,Haye Health Post,Nasarawa,Kano,12.00531006,8.586303711,Penta,176,19.87,1,0
2026-08-29,,Haye Health Post,Nasarawa,Kano,12.00531006,8.586303711,Measles,94,19.87,1,0
2026-08-30,,Haye Health Post,Nasarawa,Kano,12.00531006,8.586303711,BCG,0,16.7,1,1
2026-08-30,,Haye Health Post,Nasarawa,Kano,12.00531006,8.586303711,Penta,360,16.7,1,1
2026-08-30,,Haye Health Post,Nasarawa,Kano,12.00531006,8.586303711,Measles,57,16.7,1,0
2026-08-02,28310646.0,Prime Specialist Clinic,Nasarawa,Kano,11.98134,8.56272,BCG,234,3.66,1,0
2026-08-02,28310646.0,Prime Specialist Clinic,Nasarawa,Kano,11.98134,8.56272,Penta,220,3.66,1,0
2026-08-02,28310646.0,Prime Specialist Clinic,Nasarawa,Kano,11.98134,8.56272,Measles,233,3.66,1,0
2026-08-11,28310646.0,Prime Specialist Clinic,Nasarawa,Kano,11.98134,8.56272,BCG,197,21.7,1,0
2026-08-11,28310646.0,Prime Specialist Clinic,Nasarawa,Kano,11.98134,8.56272,Penta,0,21.7,1,1
2026-08-11,28310646.0,Prime Specialist Clinic,Nasarawa,Kano,11.98134,8.56272,Measles,185,21.7,1,0
2026-08-13,28310646.0,Prime Specialist Clinic,Nasarawa,Kano,11.98134,8.56272,BCG,0,21.96,1,1
2026-08-13,28310646.0,Prime Specialist Clinic,Nasarawa,Kano,11.98134,8.56272,Penta,360,21.96,1,1
2026-08-13,28310646.0,Prime Specialist Clinic,Nasarawa,Kano,11.98134,8.56272,Measles,138,21.96,1,0
2026-08-15,28310646.0,Prime Specialist Clinic,Nasarawa,Kano,11.98134,8.56272,BCG,0,21.15,1,1
2026-08-15,28310646.0,Prime Specialist Clinic,Nasarawa,Kano,11.98134,8.56272,Penta,316,21.15,1,0
2026-08-15,28310646.0,Prime Specialist Clinic,Nasarawa,Kano,11.98134,8.56272,Measles,111,21.15,1,0
2026-08-17,28310646.0,Prime Specialist Clinic,Nasarawa,Kano,11.98134,8.56272,BCG,0,20.57,1,1
2026-08-17,28310646.0,Prime Specialist Clinic,Nasarawa,Kano,11.98134,8.56272,Penta,360,20.57,1,1
2026-08-17,28310646.0,Prime Specialist Clinic,Nasarawa,Kano,11.98134,8.56272,Measles,424,20.57,1,0
2026-08-18,28310646.0,Prime Specialist Clinic,Nasarawa,Kano,11.98134,8.56272,BCG,360,18.31,1,1
2026-08-18,28310646.0,Prime Specialist Clinic,Nasarawa,Kano,11.98134,8.56272,Penta,316,18.31,1,0
2026-08-18,28310646.0,Prime Specialist Clinic,Nasarawa,Kano,11.98134,8.56272,Measles,379,18.31,1,0
2026-08-22,28310646.0,Prime Specialist Clinic,Nasarawa,Kano,11.98134,8.56272,BCG,307,21.17,1,0
2026-08-22,28310646.0,Prime Specialist Clinic,Nasarawa,Kano,11.98134,8.56272,Penta,263,21.17,1,0
2026-08-22,28310646.0,Prime Specialist Clinic,Nasarawa,Kano,11.98134,8.56272,Measles,0,21.17,1,1
2026-08-26,28310646.0,Prime Specialist Clinic,Nasarawa,Kano,11.98134,8.56272,BCG,252,21.51,1,0
2026-08-26,28310646.0,Prime Specialist Clinic,Nasarawa,Kano,11.98134,8.56272,Penta,220,21.51,1,0
2026-08-26,28310646.0,Prime Specialist Clinic,Nasarawa,Kano,11.98134,8.56272,Measles,0,21.51,1,1
2026-08-28,28310646.0,Prime Specialist Clinic,Nasarawa,Kano,11.98134,8.56272,BCG,202,21.38,1,0
2026-08-28,28310646.0,Prime Specialist Clinic,Nasarawa,Kano,11.98134,8.56272,Penta,0,21.38,1,1
2026-08-28,28310646.0,Prime Specialist Clinic,Nasarawa,Kano,11.98134,8.56272,Measles,360,21.38,1,1
2026-08-05,66501034.0,Kazaurawa Health Post,Rano,Kano,11.393426,8.538756,BCG,230,10.92,1,0
2026-08-05,66501034.0,Kazaurawa Health Post,Rano,Kano,11.393426,8.538756,Penta,216,10.92,1,0
2026-08-05,66501034.0,Kazaurawa Health Post,Rano,Kano,11.393426,8.538756,Measles,222,10.92,1,0
2026-08-08,66501034.0,Kazaurawa Health Post,Rano,Kano,11.393426,8.538756,BCG,360,18.53,1,1
2026-08-08,66501034.0,Kazaurawa Health Post,Rano,Kano,11.393426,8.538756,Penta,160,18.53,1,0
2026-08-08,66501034.0,Kazaurawa Health Post,Rano,Kano,11.393426,8.538756,Measles,178,18.53,1,0
2026-08-10,66501034.0,Kazaurawa Health Post,Rano,Kano,11.393426,8.538756,BCG,323,17.99,1,0
2026-08-10,66501034.0,Kazaurawa Health Post,Rano,Kano,11.393426,8.538756,Penta,123,17.99,1,0
2026-08-10,66501034.0,Kazaurawa Health Post,Rano,Kano,11.393426,8.538756,Measles,127,17.99,1,0
2026-08-14,66501034.0,Kazaurawa Health Post,Rano,Kano,11.393426,8.538756,BCG,281,20.53,1,0
2026-08-14,66501034.0,Kazaurawa Health Post,Rano,Kano,11.393426,8.538756,Penta,414,20.53,1,0
2026-08-14,66501034.0,Kazaurawa Health Post,Rano,Kano,11.393426,8.538756,Measles,82,20.53,1,0
2026-08-17,66501034.0,Kazaurawa Health Post,Rano,Kano,11.393426,8.538756,BCG,228,21.77,1,0
2026-08-17,66501034.0,Kazaurawa Health Post,Rano,Kano,11.393426,8.538756,Penta,364,21.77,1,0
2026-08-17,66501034.0,Kazaurawa Health Post,Rano,Kano,11.393426,8.538756,Measles,44,21.77,1,0
2026-08-20,66501034.0,Kazaurawa Health Post,Rano,Kano,11.393426,8.538756,BCG,180,21.18,1,0
2026-08-20,66501034.0,Kazaurawa Health Post,Rano,Kano,11.393426,8.538756,Penta,317,21.18,1,0
2026-08-20,66501034.0,Kazaurawa Health Post,Rano,Kano,11.393426,8.538756,Measles,0,21.18,1,1
2026-08-22,66501034.0,Kazaurawa Health Post,Rano,Kano,11.393426,8.538756,BCG,137,22.06,1,0
2026-08-22,66501034.0,Kazaurawa Health Post,Rano,Kano,11.393426,8.538756,Penta,279,22.06,1,0
2026-08-22,66501034.0,Kazaurawa Health Post,Rano,Kano,11.393426,8.538756,Measles,0,22.06,1,1
2026-08-26,66501034.0,Kazaurawa Health Post,Rano,Kano,11.393426,8.538756,BCG,91,22.09,1,0
2026-08-26,66501034.0,Kazaurawa Health Post,Rano,Kano,11.393426,8.538756,Penta,0,22.09,1,1
2026-08-26,66501034.0,Kazaurawa Health Post,Rano,Kano,11.393426,8.538756,Measles,0,22.09,1,1
2026-08-28,66501034.0,Kazaurawa Health Post,Rano,Kano,11.393426,8.538756,BCG,52,20.09,1,0
2026-08-28,66501034.0,Kazaurawa Health Post,Rano,Kano,11.393426,8.538756,Penta,0,20.09,1,1
2026-08-28,66501034.0,Kazaurawa Health Post,Rano,Kano,11.393426,8.538756,Measles,0,20.09,1,1
2026-08-30,66501034.0,Kazaurawa Health Post,Rano,Kano,11.393426,8.538756,BCG,360,20.6,1,1
2026-08-30,66501034.0,Kazaurawa Health Post,Rano,Kano,11.393426,8.538756,Penta,0,20.6,1,1
2026-08-30,66501034.0,Kazaurawa Health Post,Rano,Kano,11.393426,8.538756,Measles,0,20.6,1,1
2026-08-01,56737808.0,Rurum Primary Health Clinic,Rano,Kano,11.4176757,8.481773059,BCG,227,2.0,1,0
2026-08-01,56737808.0,Rurum Primary Health Clinic,Rano,Kano,11.4176757,8.481773059,Penta,223,2.0,1,0
2026-08-01,56737808.0,Rurum Primary Health Clinic,Rano,Kano,11.4176757,8.481773059,Measles,227,2.0,1,0
2026-08-02,56737808.0,Rurum Primary Health Clinic,Rano,Kano,11.4176757,8.481773059,BCG,185,2.0,1,0
2026-08-02,56737808.0,Rurum Primary Health Clinic,Rano,Kano,11.4176757,8.481773059,Penta,175,2.0,1,0
2026-08-02,56737808.0,Rurum Primary Health Clinic,Rano,Kano,11.4176757,8.481773059,Measles,170,2.0,1,0
2026-08-05,56737808.0,Rurum Primary Health Clinic,Rano,Kano,11.4176757,8.481773059,BCG,143,7.76,1,0
2026-08-05,56737808.0,Rurum Primary Health Clinic,Rano,Kano,11.4176757,8.481773059,Penta,135,7.76,1,0
2026-08-05,56737808.0,Rurum Primary Health Clinic,Rano,Kano,11.4176757,8.481773059,Measles,125,7.76,1,0
2026-08-10,56737808.0,Rurum Primary Health Clinic,Rano,Kano,11.4176757,8.481773059,BCG,103,13.72,1,0
2026-08-10,56737808.0,Rurum Primary Health Clinic,Rano,Kano,11.4176757,8.481773059,Penta,97,13.72,1,0
2026-08-10,56737808.0,Rurum Primary Health Clinic,Rano,Kano,11.4176757,8.481773059,Measles,86,13.72,1,0
2026-08-11,56737808.0,Rurum Primary Health Clinic,Rano,Kano,11.4176757,8.481773059,BCG,66,11.06,1,0
2026-08-11,56737808.0,Rurum Primary Health Clinic,Rano,Kano,11.4176757,8.481773059,Penta,57,11.06,1,0
2026-08-11,56737808.0,Rurum Primary Health Clinic,Rano,Kano,11.4176757,8.481773059,Measles,39,11.06,1,0
2026-08-13,56737808.0,Rurum Primary Health Clinic,Rano,Kano,11.4176757,8.481773059,BCG,5,11.55,1,0
2026-08-13,56737808.0,Rurum Primary Health Clinic,Rano,Kano,11.4176757,8.481773059,Penta,14,11.55,1,0
2026-08-13,56737808.0,Rurum Primary Health Clinic,Rano,Kano,11.4176757,8.481773059,Measles,0,11.55,1,1
2026-08-17,56737808.0,Rurum Primary Health Clinic,Rano,Kano,11.4176757,8.481773059,BCG,0,21.02,1,1
2026-08-17,56737808.0,Rurum Primary Health Clinic,Rano,Kano,11.4176757,8.481773059,Penta,360,21.02,1,1
2026-08-17,56737808.0,Rurum Primary Health Clinic,Rano,Kano,11.4176757,8.481773059,Measles,0,21.02,1,1
2026-08-24,56737808.0,Rurum Primary Health Clinic,Rano,Kano,11.4176757,8.481773059,BCG,360,21.81,1,1
2026-08-24,56737808.0,Rurum Primary Health Clinic,Rano,Kano,11.4176757,8.481773059,Penta,318,21.81,1,0
2026-08-24,56737808.0,Rurum Primary Health Clinic,Rano,Kano,11.4176757,8.481773059,Measles,0,21.81,1,1
2026-08-30,56737808.0,Rurum Primary Health Clinic,Rano,Kano,11.4176757,8.481773059,BCG,314,21.34,1,0
2026-08-30,56737808.0,Rurum Primary Health Clinic,Rano,Kano,11.4176757,8.481773059,Penta,284,21.34,1,0
2026-08-30,56737808.0,Rurum Primary Health Clinic,Rano,Kano,11.4176757,8.481773059,Measles,360,21.34,1,1
2026-08-03,77548746.0,Danshayi Health Post,Rimin Gado,Kano,11.8947841,8.375658652,BCG,224,5.39,1,0
2026-08-03,77548746.0,Danshayi Health Post,Rimin Gado,Kano,11.8947841,8.375658652,Penta,228,5.39,1,0
2026-08-03,77548746.0,Danshayi Health Post,Rimin Gado,Kano,11.8947841,8.375658652,Measles,222,5.39,1,0
2026-08-04,77548746.0,Danshayi Health Post,Rimin Gado,Kano,11.8947841,8.375658652,BCG,183,2.0,1,0
2026-08-04,77548746.0,Danshayi Health Post,Rimin Gado,Kano,11.8947841,8.375658652,Penta,185,2.0,1,0
2026-08-04,77548746.0,Danshayi Health Post,Rimin Gado,Kano,11.8947841,8.375658652,Measles,175,2.0,1,0
2026-08-11,77548746.0,Danshayi Health Post,Rimin Gado,Kano,11.8947841,8.375658652,BCG,0,20.86,1,1
2026-08-11,77548746.0,Danshayi Health Post,Rimin Gado,Kano,11.8947841,8.375658652,Penta,360,20.86,1,1
2026-08-11,77548746.0,Danshayi Health Post,Rimin Gado,Kano,11.8947841,8.375658652,Measles,0,20.86,1,1
2026-08-12,77548746.0,Danshayi Health Post,Rimin Gado,Kano,11.8947841,8.375658652,BCG,0,17.88,1,1
2026-08-12,77548746.0,Danshayi Health Post,Rimin Gado,Kano,11.8947841,8.375658652,Penta,311,17.88,1,0
2026-08-12,77548746.0,Danshayi Health Post,Rimin Gado,Kano,11.8947841,8.375658652,Measles,0,17.88,1,1
2026-08-13,77548746.0,Danshayi Health Post,Rimin Gado,Kano,11.8947841,8.375658652,BCG,0,15.83,1,1
2026-08-13,77548746.0,Danshayi Health Post,Rimin Gado,Kano,11.8947841,8.375658652,Penta,269,15.83,1,0
2026-08-13,77548746.0,Danshayi Health Post,Rimin Gado,Kano,11.8947841,8.375658652,Measles,0,15.83,1,1
2026-08-14,77548746.0,Danshayi Health Post,Rimin Gado,Kano,11.8947841,8.375658652,BCG,0,12.44,1,1
2026-08-14,77548746.0,Danshayi Health Post,Rimin Gado,Kano,11.8947841,8.375658652,Penta,360,12.44,1,1
2026-08-14,77548746.0,Danshayi Health Post,Rimin Gado,Kano,11.8947841,8.375658652,Measles,360,12.44,1,1
2026-08-19,77548746.0,Danshayi Health Post,Rimin Gado,Kano,11.8947841,8.375658652,BCG,360,21.73,1,1
2026-08-19,77548746.0,Danshayi Health Post,Rimin Gado,Kano,11.8947841,8.375658652,Penta,308,21.73,1,0
2026-08-19,77548746.0,Danshayi Health Post,Rimin Gado,Kano,11.8947841,8.375658652,Measles,307,21.73,1,0
2026-08-27,77548746.0,Danshayi Health Post,Rimin Gado,Kano,11.8947841,8.375658652,BCG,360,21.79,1,1
2026-08-27,77548746.0,Danshayi Health Post,Rimin Gado,Kano,11.8947841,8.375658652,Penta,258,21.79,1,0
2026-08-27,77548746.0,Danshayi Health Post,Rimin Gado,Kano,11.8947841,8.375658652,Measles,0,21.79,1,1
2026-08-30,77548746.0,Danshayi Health Post,Rimin Gado,Kano,11.8947841,8.375658652,BCG,319,20.13,1,0
2026-08-30,77548746.0,Danshayi Health Post,Rimin Gado,Kano,11.8947841,8.375658652,Penta,220,20.13,1,0
2026-08-30,77548746.0,Danshayi Health Post,Rimin Gado,Kano,11.8947841,8.375658652,Measles,360,20.13,1,1
2026-08-04,66876969.0,Jili Health Post,Rimin Gado,Kano,11.89921863,8.27847613,BCG,221,15.86,1,0
2026-08-04,66876969.0,Jili Health Post,Rimin Gado,Kano,11.89921863,8.27847613,Penta,232,15.86,1,0
2026-08-04,66876969.0,Jili Health Post,Rimin Gado,Kano,11.89921863,8.27847613,Measles,228,15.86,1,0
2026-08-05,66876969.0,Jili Health Post,Rimin Gado,Kano,11.89921863,8.27847613,BCG,160,13.67,1,0
2026-08-05,66876969.0,Jili Health Post,Rimin Gado,Kano,11.89921863,8.27847613,Penta,188,13.67,1,0
2026-08-05,66876969.0,Jili Health Post,Rimin Gado,Kano,11.89921863,8.27847613,Measles,183,13.67,1,0
2026-08-07,66876969.0,Jili Health Post,Rimin Gado,Kano,11.89921863,8.27847613,BCG,116,12.7,1,0
2026-08-07,66876969.0,Jili Health Post,Rimin Gado,Kano,11.89921863,8.27847613,Penta,134,12.7,1,0
2026-08-07,66876969.0,Jili Health Post,Rimin Gado,Kano,11.89921863,8.27847613,Measles,0,12.7,1,1
2026-08-09,66876969.0,Jili Health Post,Rimin Gado,Kano,11.89921863,8.27847613,BCG,74,11.46,1,0
2026-08-09,66876969.0,Jili Health Post,Rimin Gado,Kano,11.89921863,8.27847613,Penta,91,11.46,1,0
2026-08-09,66876969.0,Jili Health Post,Rimin Gado,Kano,11.89921863,8.27847613,Measles,0,11.46,1,1
2026-08-12,66876969.0,Jili Health Post,Rimin Gado,Kano,11.89921863,8.27847613,BCG,388,16.86,1,0
2026-08-12,66876969.0,Jili Health Post,Rimin Gado,Kano,11.89921863,8.27847613,Penta,49,16.86,1,0
2026-08-12,66876969.0,Jili Health Post,Rimin Gado,Kano,11.89921863,8.27847613,Measles,0,16.86,1,1
2026-08-15,66876969.0,Jili Health Post,Rimin Gado,Kano,11.89921863,8.27847613,BCG,350,21.14,1,0
2026-08-15,66876969.0,Jili Health Post,Rimin Gado,Kano,11.89921863,8.27847613,Penta,0,21.14,1,1
2026-08-15,66876969.0,Jili Health Post,Rimin Gado,Kano,11.89921863,8.27847613,Measles,0,21.14,1,1
2026-08-16,66876969.0,Jili Health Post,Rimin Gado,Kano,11.89921863,8.27847613,BCG,292,17.93,1,0
2026-08-16,66876969.0,Jili Health Post,Rimin Gado,Kano,11.89921863,8.27847613,Penta,0,17.93,1,1
2026-08-16,66876969.0,Jili Health Post,Rimin Gado,Kano,11.89921863,8.27847613,Measles,0,17.93,1,1
2026-08-18,66876969.0,Jili Health Post,Rimin Gado,Kano,11.89921863,8.27847613,BCG,239,18.52,1,0
2026-08-18,66876969.0,Jili Health Post,Rimin Gado,Kano,11.89921863,8.27847613,Penta,0,18.52,1,1
2026-08-18,66876969.0,Jili Health Post,Rimin Gado,Kano,11.89921863,8.27847613,Measles,360,18.52,1,1
2026-08-20,66876969.0,Jili Health Post,Rimin Gado,Kano,11.89921863,8.27847613,BCG,189,19.5,1,0
2026-08-20,66876969.0,Jili Health Post,Rimin Gado,Kano,11.89921863,8.27847613,Penta,360,19.5,1,1
2026-08-20,66876969.0,Jili Health Post,Rimin Gado,Kano,11.89921863,8.27847613,Measles,319,19.5,1,0
2026-08-21,66876969.0,Jili Health Post,Rimin Gado,Kano,11.89921863,8.27847613,BCG,152,15.88,1,0
2026-08-21,66876969.0,Jili Health Post,Rimin Gado,Kano,11.89921863,8.27847613,Penta,323,15.88,1,0
2026-08-21,66876969.0,Jili Health Post,Rimin Gado,Kano,11.89921863,8.27847613,Measles,273,15.88,1,0
2026-08-26,66876969.0,Jili Health Post,Rimin Gado,Kano,11.89921863,8.27847613,BCG,360,21.59,1,1
2026-08-26,66876969.0,Jili Health Post,Rimin Gado,Kano,11.89921863,8.27847613,Penta,360,21.59,1,1
2026-08-26,66876969.0,Jili Health Post,Rimin Gado,Kano,11.89921863,8.27847613,Measles,236,21.59,1,0
2026-08-05,44417106.0,Karshi Health Clinic,Rogo,Kano,11.54989,7.87368,BCG,226,16.71,1,0
2026-08-05,44417106.0,Karshi Health Clinic,Rogo,Kano,11.54989,7.87368,Penta,217,16.71,1,0
2026-08-05,44417106.0,Karshi Health Clinic,Rogo,Kano,11.54989,7.87368,Measles,234,16.71,1,0
2026-08-07,44417106.0,Karshi Health Clinic,Rogo,Kano,11.54989,7.87368,BCG,180,17.13,1,0
2026-08-07,44417106.0,Karshi Health Clinic,Rogo,Kano,11.54989,7.87368,Penta,174,17.13,1,0
2026-08-07,44417106.0,Karshi Health Clinic,Rogo,Kano,11.54989,7.87368,Measles,186,17.13,1,0
2026-08-11,44417106.0,Karshi Health Clinic,Rogo,Kano,11.54989,7.87368,BCG,142,21.46,1,0
2026-08-11,44417106.0,Karshi Health Clinic,Rogo,Kano,11.54989,7.87368,Penta,133,21.46,1,0
2026-08-11,44417106.0,Karshi Health Clinic,Rogo,Kano,11.54989,7.87368,Measles,148,21.46,1,0
2026-08-17,44417106.0,Karshi Health Clinic,Rogo,Kano,11.54989,7.87368,BCG,98,20.96,1,0
2026-08-17,44417106.0,Karshi Health Clinic,Rogo,Kano,11.54989,7.87368,Penta,0,20.96,1,1
2026-08-17,44417106.0,Karshi Health Clinic,Rogo,Kano,11.54989,7.87368,Measles,105,20.96,1,0
2026-08-26,44417106.0,Karshi Health Clinic,Rogo,Kano,11.54989,7.87368,BCG,409,21.49,1,0
2026-08-26,44417106.0,Karshi Health Clinic,Rogo,Kano,11.54989,7.87368,Penta,0,21.49,1,1
2026-08-26,44417106.0,Karshi Health Clinic,Rogo,Kano,11.54989,7.87368,Measles,420,21.49,1,0
2026-08-28,44417106.0,Karshi Health Clinic,Rogo,Kano,11.54989,7.87368,BCG,370,21.04,1,0
2026-08-28,44417106.0,Karshi Health Clinic,Rogo,Kano,11.54989,7.87368,Penta,0,21.04,1,1
2026-08-28,44417106.0,Karshi Health Clinic,Rogo,Kano,11.54989,7.87368,Measles,367,21.04,1,0
2026-08-05,,Bari Model Primary Health Center,Rogo,Kano,11.51802658,7.76543349,BCG,222,8.02,1,0
2026-08-05,,Bari Model Primary Health Center,Rogo,Kano,11.51802658,7.76543349,Penta,227,8.02,1,0
2026-08-05,,Bari Model Primary Health Center,Rogo,Kano,11.51802658,7.76543349,Measles,231,8.02,1,0
2026-08-08,,Bari Model Primary Health Center,Rogo,Kano,11.51802658,7.76543349,BCG,176,14.97,1,0
2026-08-08,,Bari Model Primary Health Center,Rogo,Kano,11.51802658,7.76543349,Penta,0,14.97,1,1
2026-08-08,,Bari Model Primary Health Center,Rogo,Kano,11.51802658,7.76543349,Measles,174,14.97,1,0
2026-08-11,,Bari Model Primary Health Center,Rogo,Kano,11.51802658,7.76543349,BCG,136,19.99,1,0
2026-08-11,,Bari Model Primary Health Center,Rogo,Kano,11.51802658,7.76543349,Penta,360,19.99,1,1
2026-08-11,,Bari Model Primary Health Center,Rogo,Kano,11.51802658,7.76543349,Measles,0,19.99,1,1
2026-08-12,,Bari Model Primary Health Center,Rogo,Kano,11.51802658,7.76543349,BCG,89,16.37,1,0
2026-08-12,,Bari Model Primary Health Center,Rogo,Kano,11.51802658,7.76543349,Penta,324,16.37,1,0
2026-08-12,,Bari Model Primary Health Center,Rogo,Kano,11.51802658,7.76543349,Measles,360,16.37,1,1
2026-08-13,,Bari Model Primary Health Center,Rogo,Kano,11.51802658,7.76543349,BCG,52,12.43,1,0
2026-08-13,,Bari Model Primary Health Center,Rogo,Kano,11.51802658,7.76543349,Penta,0,12.43,1,1
2026-08-13,,Bari Model Primary Health Center,Rogo,Kano,11.51802658,7.76543349,Measles,0,12.43,1,1
2026-08-15,,Bari Model Primary Health Center,Rogo,Kano,11.51802658,7.76543349,BCG,360,12.06,1,1
2026-08-15,,Bari Model Primary Health Center,Rogo,Kano,11.51802658,7.76543349,Penta,0,12.06,1,1
2026-08-15,,Bari Model Primary Health Center,Rogo,Kano,11.51802658,7.76543349,Measles,0,12.06,1,1
2026-08-17,,Bari Model Primary Health Center,Rogo,Kano,11.51802658,7.76543349,BCG,321,12.54,1,0
2026-08-17,,Bari Model Primary Health Center,Rogo,Kano,11.51802658,7.76543349,Penta,360,12.54,1,1
2026-08-17,,Bari Model Primary Health Center,Rogo,Kano,11.51802658,7.76543349,Measles,360,12.54,1,1
2026-08-18,,Bari Model Primary Health Center,Rogo,Kano,11.51802658,7.76543349,BCG,278,9.72,1,0
2026-08-18,,Bari Model Primary Health Center,Rogo,Kano,11.51802658,7.76543349,Penta,316,9.72,1,0
2026-08-18,,Bari Model Primary Health Center,Rogo,Kano,11.51802658,7.76543349,Measles,321,9.72,1,0
2026-08-19,,Bari Model Primary Health Center,Rogo,Kano,11.51802658,7.76543349,BCG,231,7.88,1,0
2026-08-19,,Bari Model Primary Health Center,Rogo,Kano,11.51802658,7.76543349,Penta,263,7.88,1,0
2026-08-19,,Bari Model Primary Health Center,Rogo,Kano,11.51802658,7.76543349,Measles,281,7.88,1,0
2026-08-20,,Bari Model Primary Health Center,Rogo,Kano,11.51802658,7.76543349,BCG,185,5.08,1,0
2026-08-20,,Bari Model Primary Health Center,Rogo,Kano,11.51802658,7.76543349,Penta,221,5.08,1,0
2026-08-20,,Bari Model Primary Health Center,Rogo,Kano,11.51802658,7.76543349,Measles,228,5.08,1,0
2026-08-25,,Bari Model Primary Health Center,Rogo,Kano,11.51802658,7.76543349,BCG,146,20.76,1,0
2026-08-25,,Bari Model Primary Health Center,Rogo,Kano,11.51802658,7.76543349,Penta,168,20.76,1,0
2026-08-25,,Bari Model Primary Health Center,Rogo,Kano,11.51802658,7.76543349,Measles,186,20.76,1,0
2026-08-26,,Bari Model Primary Health Center,Rogo,Kano,11.51802658,7.76543349,BCG,97,17.57,1,0
2026-08-26,,Bari Model Primary Health Center,Rogo,Kano,11.51802658,7.76543349,Penta,118,17.57,1,0
2026-08-26,,Bari Model Primary Health Center,Rogo,Kano,11.51802658,7.76543349,Measles,134,17.57,1,0
2026-08-28,,Bari Model Primary Health Center,Rogo,Kano,11.51802658,7.76543349,BCG,52,18.91,1,0
2026-08-28,,Bari Model Primary Health Center,Rogo,Kano,11.51802658,7.76543349,Penta,58,18.91,1,0
2026-08-28,,Bari Model Primary Health Center,Rogo,Kano,11.51802658,7.76543349,Measles,73,18.91,1,0
2026-08-29,,Bari Model Primary Health Center,Rogo,Kano,11.51802658,7.76543349,BCG,11,15.22,1,0
2026-08-29,,Bari Model Primary Health Center,Rogo,Kano,11.51802658,7.76543349,Penta,360,15.22,1,1
2026-08-29,,Bari Model Primary Health Center,Rogo,Kano,11.51802658,7.76543349,Measles,389,15.22,1,0
2026-08-01,19541416.0,Shanono Primary Health Center,Shanono,Kano,12.0528,7.986458,BCG,215,2.0,1,0
2026-08-01,19541416.0,Shanono Primary Health Center,Shanono,Kano,12.0528,7.986458,Penta,224,2.0,1,0
2026-08-01,19541416.0,Shanono Primary Health Center,Shanono,Kano,12.0528,7.986458,Measles,233,2.0,1,0
2026-08-03,19541416.0,Shanono Primary Health Center,Shanono,Kano,12.0528,7.986458,BCG,174,3.2,1,0
2026-08-03,19541416.0,Shanono Primary Health Center,Shanono,Kano,12.0528,7.986458,Penta,175,3.2,1,0
2026-08-03,19541416.0,Shanono Primary Health Center,Shanono,Kano,12.0528,7.986458,Measles,193,3.2,1,0
2026-08-06,19541416.0,Shanono Primary Health Center,Shanono,Kano,12.0528,7.986458,BCG,121,6.84,1,0
2026-08-06,19541416.0,Shanono Primary Health Center,Shanono,Kano,12.0528,7.986458,Penta,112,6.84,1,0
2026-08-06,19541416.0,Shanono Primary Health Center,Shanono,Kano,12.0528,7.986458,Measles,143,6.84,1,0
2026-08-07,19541416.0,Shanono Primary Health Center,Shanono,Kano,12.0528,7.986458,BCG,448,4.71,1,0
2026-08-07,19541416.0,Shanono Primary Health Center,Shanono,Kano,12.0528,7.986458,Penta,76,4.71,1,0
2026-08-07,19541416.0,Shanono Primary Health Center,Shanono,Kano,12.0528,7.986458,Measles,104,4.71,1,0
2026-08-09,19541416.0,Shanono Primary Health Center,Shanono,Kano,12.0528,7.986458,BCG,400,4.38,1,0
2026-08-09,19541416.0,Shanono Primary Health Center,Shanono,Kano,12.0528,7.986458,Penta,33,4.38,1,0
2026-08-09,19541416.0,Shanono Primary Health Center,Shanono,Kano,12.0528,7.986458,Measles,54,4.38,1,0
2026-08-10,19541416.0,Shanono Primary Health Center,Shanono,Kano,12.0528,7.986458,BCG,361,2.0,1,0
2026-08-10,19541416.0,Shanono Primary Health Center,Shanono,Kano,12.0528,7.986458,Penta,0,2.0,1,1
2026-08-10,19541416.0,Shanono Primary Health Center,Shanono,Kano,12.0528,7.986458,Measles,0,2.0,1,1
2026-08-11,19541416.0,Shanono Primary Health Center,Shanono,Kano,12.0528,7.986458,BCG,314,2.0,1,0
2026-08-11,19541416.0,Shanono Primary Health Center,Shanono,Kano,12.0528,7.986458,Penta,0,2.0,1,1
2026-08-11,19541416.0,Shanono Primary Health Center,Shanono,Kano,12.0528,7.986458,Measles,0,2.0,1,1
2026-08-13,19541416.0,Shanono Primary Health Center,Shanono,Kano,12.0528,7.986458,BCG,254,4.91,1,0
2026-08-13,19541416.0,Shanono Primary Health Center,Shanono,Kano,12.0528,7.986458,Penta,360,4.91,1,1
2026-08-13,19541416.0,Shanono Primary Health Center,Shanono,Kano,12.0528,7.986458,Measles,0,4.91,1,1
2026-08-17,19541416.0,Shanono Primary Health Center,Shanono,Kano,12.0528,7.986458,BCG,216,12.44,1,0
2026-08-17,19541416.0,Shanono Primary Health Center,Shanono,Kano,12.0528,7.986458,Penta,312,12.44,1,0
2026-08-17,19541416.0,Shanono Primary Health Center,Shanono,Kano,12.0528,7.986458,Measles,0,12.44,1,1
2026-08-21,19541416.0,Shanono Primary Health Center,Shanono,Kano,12.0528,7.986458,BCG,177,21.08,1,0
2026-08-21,19541416.0,Shanono Primary Health Center,Shanono,Kano,12.0528,7.986458,Penta,0,21.08,1,1
2026-08-21,19541416.0,Shanono Primary Health Center,Shanono,Kano,12.0528,7.986458,Measles,360,21.08,1,1
2026-08-23,19541416.0,Shanono Primary Health Center,Shanono,Kano,12.0528,7.986458,BCG,138,19.3,1,0
2026-08-23,19541416.0,Shanono Primary Health Center,Shanono,Kano,12.0528,7.986458,Penta,360,19.3,1,1
2026-08-23,19541416.0,Shanono Primary Health Center,Shanono,Kano,12.0528,7.986458,Measles,309,19.3,1,0
2026-08-25,19541416.0,Shanono Primary Health Center,Shanono,Kano,12.0528,7.986458,BCG,97,18.97,1,0
2026-08-25,19541416.0,Shanono Primary Health Center,Shanono,Kano,12.0528,7.986458,Penta,0,18.97,1,1
2026-08-25,19541416.0,Shanono Primary Health Center,Shanono,Kano,12.0528,7.986458,Measles,267,18.97,1,0
2026-08-27,19541416.0,Shanono Primary Health Center,Shanono,Kano,12.0528,7.986458,BCG,49,18.87,1,0
2026-08-27,19541416.0,Shanono Primary Health Center,Shanono,Kano,12.0528,7.986458,Penta,360,18.87,1,1
2026-08-27,19541416.0,Shanono Primary Health Center,Shanono,Kano,12.0528,7.986458,Measles,0,18.87,1,1
2026-08-28,19541416.0,Shanono Primary Health Center,Shanono,Kano,12.0528,7.986458,BCG,6,15.75,1,0
2026-08-28,19541416.0,Shanono Primary Health Center,Shanono,Kano,12.0528,7.986458,Penta,314,15.75,1,0
2026-08-28,19541416.0,Shanono Primary Health Center,Shanono,Kano,12.0528,7.986458,Measles,0,15.75,1,1
2026-08-02,21927961.0,Leni Primary Health Center,Shanono,Kano,12.00265,8.09711,BCG,227,5.57,1,0
2026-08-02,21927961.0,Leni Primary Health Center,Shanono,Kano,12.00265,8.09711,Penta,230,5.57,1,0
2026-08-02,21927961.0,Leni Primary Health Center,Shanono,Kano,12.00265,8.09711,Measles,233,5.57,1,0
2026-08-05,21927961.0,Leni Primary Health Center,Shanono,Kano,12.00265,8.09711,BCG,182,7.53,1,0
2026-08-05,21927961.0,Leni Primary Health Center,Shanono,Kano,12.00265,8.09711,Penta,186,7.53,1,0
2026-08-05,21927961.0,Leni Primary Health Center,Shanono,Kano,12.00265,8.09711,Measles,193,7.53,1,0
2026-08-07,21927961.0,Leni Primary Health Center,Shanono,Kano,12.00265,8.09711,BCG,137,9.57,1,0
2026-08-07,21927961.0,Leni Primary Health Center,Shanono,Kano,12.00265,8.09711,Penta,141,9.57,1,0
2026-08-07,21927961.0,Leni Primary Health Center,Shanono,Kano,12.00265,8.09711,Measles,151,9.57,1,0
2026-08-10,21927961.0,Leni Primary Health Center,Shanono,Kano,12.00265,8.09711,BCG,97,13.25,1,0
2026-08-10,21927961.0,Leni Primary Health Center,Shanono,Kano,12.00265,8.09711,Penta,100,13.25,1,0
2026-08-10,21927961.0,Leni Primary Health Center,Shanono,Kano,12.00265,8.09711,Measles,107,13.25,1,0
2026-08-12,21927961.0,Leni Primary Health Center,Shanono,Kano,12.00265,8.09711,BCG,49,16.58,1,0
2026-08-12,21927961.0,Leni Primary Health Center,Shanono,Kano,12.00265,8.09711,Penta,60,16.58,1,0
2026-08-12,21927961.0,Leni Primary Health Center,Shanono,Kano,12.00265,8.09711,Measles,71,16.58,1,0
2026-08-17,21927961.0,Leni Primary Health Center,Shanono,Kano,12.00265,8.09711,BCG,6,20.4,1,0
2026-08-17,21927961.0,Leni Primary Health Center,Shanono,Kano,12.00265,8.09711,Penta,21,20.4,1,0
2026-08-17,21927961.0,Leni Primary Health Center,Shanono,Kano,12.00265,8.09711,Measles,382,20.4,1,0
2026-08-25,21927961.0,Leni Primary Health Center,Shanono,Kano,12.00265,8.09711,BCG,0,20.91,1,1
2026-08-25,21927961.0,Leni Primary Health Center,Shanono,Kano,12.00265,8.09711,Penta,360,20.91,1,1
2026-08-25,21927961.0,Leni Primary Health Center,Shanono,Kano,12.00265,8.09711,Measles,347,20.91,1,0
2026-08-28,21927961.0,Leni Primary Health Center,Shanono,Kano,12.00265,8.09711,BCG,0,21.63,1,1
2026-08-28,21927961.0,Leni Primary Health Center,Shanono,Kano,12.00265,8.09711,Penta,0,21.63,1,1
2026-08-28,21927961.0,Leni Primary Health Center,Shanono,Kano,12.00265,8.09711,Measles,298,21.63,1,0
2026-08-29,21927961.0,Leni Primary Health Center,Shanono,Kano,12.00265,8.09711,BCG,0,19.26,1,1
2026-08-29,21927961.0,Leni Primary Health Center,Shanono,Kano,12.00265,8.09711,Penta,360,19.26,1,1
2026-08-29,21927961.0,Leni Primary Health Center,Shanono,Kano,12.00265,8.09711,Measles,251,19.26,1,0
2026-08-01,85012086.0,Gomo Primary Health Center,Sumaila,Kano,11.12321122,8.846287362,BCG,227,2.0,1,0
2026-08-01,85012086.0,Gomo Primary Health Center,Sumaila,Kano,11.12321122,8.846287362,Penta,216,2.0,1,0
2026-08-01,85012086.0,Gomo Primary Health Center,Sumaila,Kano,11.12321122,8.846287362,Measles,225,2.0,1,0
2026-08-04,85012086.0,Gomo Primary Health Center,Sumaila,Kano,11.12321122,8.846287362,BCG,171,6.28,1,0
2026-08-04,85012086.0,Gomo Primary Health Center,Sumaila,Kano,11.12321122,8.846287362,Penta,171,6.28,1,0
2026-08-04,85012086.0,Gomo Primary Health Center,Sumaila,Kano,11.12321122,8.846287362,Measles,188,6.28,1,0
2026-08-06,85012086.0,Gomo Primary Health Center,Sumaila,Kano,11.12321122,8.846287362,BCG,122,7.66,1,0
2026-08-06,85012086.0,Gomo Primary Health Center,Sumaila,Kano,11.12321122,8.846287362,Penta,134,7.66,1,0
2026-08-06,85012086.0,Gomo Primary Health Center,Sumaila,Kano,11.12321122,8.846287362,Measles,134,7.66,1,0
2026-08-10,85012086.0,Gomo Primary Health Center,Sumaila,Kano,11.12321122,8.846287362,BCG,87,10.76,1,0
2026-08-10,85012086.0,Gomo Primary Health Center,Sumaila,Kano,11.12321122,8.846287362,Penta,97,10.76,1,0
2026-08-10,85012086.0,Gomo Primary Health Center,Sumaila,Kano,11.12321122,8.846287362,Measles,445,10.76,1,0
2026-08-17,85012086.0,Gomo Primary Health Center,Sumaila,Kano,11.12321122,8.846287362,BCG,50,20.72,1,0
2026-08-17,85012086.0,Gomo Primary Health Center,Sumaila,Kano,11.12321122,8.846287362,Penta,409,20.72,1,0
2026-08-17,85012086.0,Gomo Primary Health Center,Sumaila,Kano,11.12321122,8.846287362,Measles,397,20.72,1,0
2026-08-19,85012086.0,Gomo Primary Health Center,Sumaila,Kano,11.12321122,8.846287362,BCG,1,22.05,1,0
2026-08-19,85012086.0,Gomo Primary Health Center,Sumaila,Kano,11.12321122,8.846287362,Penta,0,22.05,1,1
2026-08-19,85012086.0,Gomo Primary Health Center,Sumaila,Kano,11.12321122,8.846287362,Measles,352,22.05,1,0
2026-08-24,85012086.0,Gomo Primary Health Center,Sumaila,Kano,11.12321122,8.846287362,BCG,0,20.59,1,1
2026-08-24,85012086.0,Gomo Primary Health Center,Sumaila,Kano,11.12321122,8.846287362,Penta,0,20.59,1,1
2026-08-24,85012086.0,Gomo Primary Health Center,Sumaila,Kano,11.12321122,8.846287362,Measles,310,20.59,1,0
2026-08-25,85012086.0,Gomo Primary Health Center,Sumaila,Kano,11.12321122,8.846287362,BCG,0,18.25,1,1
2026-08-25,85012086.0,Gomo Primary Health Center,Sumaila,Kano,11.12321122,8.846287362,Penta,360,18.25,1,1
2026-08-25,85012086.0,Gomo Primary Health Center,Sumaila,Kano,11.12321122,8.846287362,Measles,0,18.25,1,1
2026-08-27,85012086.0,Gomo Primary Health Center,Sumaila,Kano,11.12321122,8.846287362,BCG,0,18.1,1,1
2026-08-27,85012086.0,Gomo Primary Health Center,Sumaila,Kano,11.12321122,8.846287362,Penta,319,18.1,1,0
2026-08-27,85012086.0,Gomo Primary Health Center,Sumaila,Kano,11.12321122,8.846287362,Measles,0,18.1,1,1
2026-08-29,85012086.0,Gomo Primary Health Center,Sumaila,Kano,11.12321122,8.846287362,BCG,0,18.75,1,1
2026-08-29,85012086.0,Gomo Primary Health Center,Sumaila,Kano,11.12321122,8.846287362,Penta,285,18.75,1,0
2026-08-29,85012086.0,Gomo Primary Health Center,Sumaila,Kano,11.12321122,8.846287362,Measles,0,18.75,1,1
2026-08-01,36394711.0,Rimi Primary Health Center,Sumaila,Kano,11.38860188,9.00476271,BCG,225,2.0,1,0
2026-08-01,36394711.0,Rimi Primary Health Center,Sumaila,Kano,11.38860188,9.00476271,Penta,228,2.0,1,0
2026-08-01,36394711.0,Rimi Primary Health Center,Sumaila,Kano,11.38860188,9.00476271,Measles,214,2.0,1,0
2026-08-05,36394711.0,Rimi Primary Health Center,Sumaila,Kano,11.38860188,9.00476271,BCG,171,13.29,1,0
2026-08-05,36394711.0,Rimi Primary Health Center,Sumaila,Kano,11.38860188,9.00476271,Penta,177,13.29,1,0
2026-08-05,36394711.0,Rimi Primary Health Center,Sumaila,Kano,11.38860188,9.00476271,Measles,179,13.29,1,0
2026-08-10,36394711.0,Rimi Primary Health Center,Sumaila,Kano,11.38860188,9.00476271,BCG,116,21.26,1,0
2026-08-10,36394711.0,Rimi Primary Health Center,Sumaila,Kano,11.38860188,9.00476271,Penta,133,21.26,1,0
2026-08-10,36394711.0,Rimi Primary Health Center,Sumaila,Kano,11.38860188,9.00476271,Measles,127,21.26,1,0
2026-08-14,36394711.0,Rimi Primary Health Center,Sumaila,Kano,11.38860188,9.00476271,BCG,73,21.69,1,0
2026-08-14,36394711.0,Rimi Primary Health Center,Sumaila,Kano,11.38860188,9.00476271,Penta,79,21.69,1,0
2026-08-14,36394711.0,Rimi Primary Health Center,Sumaila,Kano,11.38860188,9.00476271,Measles,437,21.69,1,0
2026-08-19,36394711.0,Rimi Primary Health Center,Sumaila,Kano,11.38860188,9.00476271,BCG,392,20.24,1,0
2026-08-19,36394711.0,Rimi Primary Health Center,Sumaila,Kano,11.38860188,9.00476271,Penta,360,20.24,1,1
2026-08-19,36394711.0,Rimi Primary Health Center,Sumaila,Kano,11.38860188,9.00476271,Measles,0,20.24,1,1
2026-08-22,36394711.0,Rimi Primary Health Center,Sumaila,Kano,11.38860188,9.00476271,BCG,348,21.36,1,0
2026-08-22,36394711.0,Rimi Primary Health Center,Sumaila,Kano,11.38860188,9.00476271,Penta,0,21.36,1,1
2026-08-22,36394711.0,Rimi Primary Health Center,Sumaila,Kano,11.38860188,9.00476271,Measles,360,21.36,1,1
2026-08-27,36394711.0,Rimi Primary Health Center,Sumaila,Kano,11.38860188,9.00476271,BCG,304,22.1,1,0
2026-08-27,36394711.0,Rimi Primary Health Center,Sumaila,Kano,11.38860188,9.00476271,Penta,0,22.1,1,1
2026-08-27,36394711.0,Rimi Primary Health Center,Sumaila,Kano,11.38860188,9.00476271,Measles,310,22.1,1,0
2026-08-28,36394711.0,Rimi Primary Health Center,Sumaila,Kano,11.38860188,9.00476271,BCG,0,19.71,1,1
2026-08-28,36394711.0,Rimi Primary Health Center,Sumaila,Kano,11.38860188,9.00476271,Penta,0,19.71,1,1
2026-08-28,36394711.0,Rimi Primary Health Center,Sumaila,Kano,11.38860188,9.00476271,Measles,270,19.71,1,0
2026-08-29,36394711.0,Rimi Primary Health Center,Sumaila,Kano,11.38860188,9.00476271,BCG,0,17.15,1,1
2026-08-29,36394711.0,Rimi Primary Health Center,Sumaila,Kano,11.38860188,9.00476271,Penta,0,17.15,1,1
2026-08-29,36394711.0,Rimi Primary Health Center,Sumaila,Kano,11.38860188,9.00476271,Measles,211,17.15,1,0
2026-08-30,36394711.0,Rimi Primary Health Center,Sumaila,Kano,11.38860188,9.00476271,BCG,0,14.08,1,1
2026-08-30,36394711.0,Rimi Primary Health Center,Sumaila,Kano,11.38860188,9.00476271,Penta,360,14.08,1,1
2026-08-30,36394711.0,Rimi Primary Health Center,Sumaila,Kano,11.38860188,9.00476271,Measles,164,14.08,1,0
2026-08-05,61170924.0,Shawa Health Post,Takai,Kano,11.43708802,9.136972174,BCG,240,14.09,1,0
2026-08-05,61170924.0,Shawa Health Post,Takai,Kano,11.43708802,9.136972174,Penta,360,14.09,1,1
2026-08-05,61170924.0,Shawa Health Post,Takai,Kano,11.43708802,9.136972174,Measles,228,14.09,1,0
2026-08-08,61170924.0,Shawa Health Post,Takai,Kano,11.43708802,9.136972174,BCG,204,17.44,1,0
2026-08-08,61170924.0,Shawa Health Post,Takai,Kano,11.43708802,9.136972174,Penta,308,17.44,1,0
2026-08-08,61170924.0,Shawa Health Post,Takai,Kano,11.43708802,9.136972174,Measles,187,17.44,1,0
2026-08-09,61170924.0,Shawa Health Post,Takai,Kano,11.43708802,9.136972174,BCG,154,14.55,1,0
2026-08-09,61170924.0,Shawa Health Post,Takai,Kano,11.43708802,9.136972174,Penta,260,14.55,1,0
2026-08-09,61170924.0,Shawa Health Post,Takai,Kano,11.43708802,9.136972174,Measles,0,14.55,1,1
2026-08-13,61170924.0,Shawa Health Post,Takai,Kano,11.43708802,9.136972174,BCG,118,21.49,1,0
2026-08-13,61170924.0,Shawa Health Post,Takai,Kano,11.43708802,9.136972174,Penta,214,21.49,1,0
2026-08-13,61170924.0,Shawa Health Post,Takai,Kano,11.43708802,9.136972174,Measles,360,21.49,1,1
2026-08-14,61170924.0,Shawa Health Post,Takai,Kano,11.43708802,9.136972174,BCG,434,18.77,1,0
2026-08-14,61170924.0,Shawa Health Post,Takai,Kano,11.43708802,9.136972174,Penta,0,18.77,1,1
2026-08-14,61170924.0,Shawa Health Post,Takai,Kano,11.43708802,9.136972174,Measles,308,18.77,1,0
2026-08-15,61170924.0,Shawa Health Post,Takai,Kano,11.43708802,9.136972174,BCG,381,17.0,1,0
2026-08-15,61170924.0,Shawa Health Post,Takai,Kano,11.43708802,9.136972174,Penta,0,17.0,1,1
2026-08-15,61170924.0,Shawa Health Post,Takai,Kano,11.43708802,9.136972174,Measles,275,17.0,1,0
2026-08-17,61170924.0,Shawa Health Post,Takai,Kano,11.43708802,9.136972174,BCG,330,18.47,1,0
2026-08-17,61170924.0,Shawa Health Post,Takai,Kano,11.43708802,9.136972174,Penta,360,18.47,1,1
2026-08-17,61170924.0,Shawa Health Post,Takai,Kano,11.43708802,9.136972174,Measles,0,18.47,1,1
2026-08-19,61170924.0,Shawa Health Post,Takai,Kano,11.43708802,9.136972174,BCG,301,19.98,1,0
2026-08-19,61170924.0,Shawa Health Post,Takai,Kano,11.43708802,9.136972174,Penta,321,19.98,1,0
2026-08-19,61170924.0,Shawa Health Post,Takai,Kano,11.43708802,9.136972174,Measles,360,19.98,1,1
2026-08-22,61170924.0,Shawa Health Post,Takai,Kano,11.43708802,9.136972174,BCG,360,21.86,1,1
2026-08-22,61170924.0,Shawa Health Post,Takai,Kano,11.43708802,9.136972174,Penta,281,21.86,1,0
2026-08-22,61170924.0,Shawa Health Post,Takai,Kano,11.43708802,9.136972174,Measles,304,21.86,1,0
2026-08-23,61170924.0,Shawa Health Post,Takai,Kano,11.43708802,9.136972174,BCG,316,19.34,1,0
2026-08-23,61170924.0,Shawa Health Post,Takai,Kano,11.43708802,9.136972174,Penta,223,19.34,1,0
2026-08-23,61170924.0,Shawa Health Post,Takai,Kano,11.43708802,9.136972174,Measles,249,19.34,1,0
2026-08-29,61170924.0,Shawa Health Post,Takai,Kano,11.43708802,9.136972174,BCG,273,21.78,1,0
2026-08-29,61170924.0,Shawa Health Post,Takai,Kano,11.43708802,9.136972174,Penta,193,21.78,1,0
2026-08-29,61170924.0,Shawa Health Post,Takai,Kano,11.43708802,9.136972174,Measles,190,21.78,1,0
2026-08-30,61170924.0,Shawa Health Post,Takai,Kano,11.43708802,9.136972174,BCG,236,18.27,1,0
2026-08-30,61170924.0,Shawa Health Post,Takai,Kano,11.43708802,9.136972174,Penta,152,18.27,1,0
2026-08-30,61170924.0,Shawa Health Post,Takai,Kano,11.43708802,9.136972174,Measles,149,18.27,1,0
2026-08-01,83354509.0,Kan Iyaka Health Post,Takai,Kano,11.611597,9.085984,BCG,232,2.0,1,0
2026-08-01,83354509.0,Kan Iyaka Health Post,Takai,Kano,11.611597,9.085984,Penta,230,2.0,1,0
2026-08-01,83354509.0,Kan Iyaka Health Post,Takai,Kano,11.611597,9.085984,Measles,220,2.0,1,0
2026-08-02,83354509.0,Kan Iyaka Health Post,Takai,Kano,11.611597,9.085984,BCG,190,2.0,1,0
2026-08-02,83354509.0,Kan Iyaka Health Post,Takai,Kano,11.611597,9.085984,Penta,184,2.0,1,0
2026-08-02,83354509.0,Kan Iyaka Health Post,Takai,Kano,11.611597,9.085984,Measles,181,2.0,1,0
2026-08-06,83354509.0,Kan Iyaka Health Post,Takai,Kano,11.611597,9.085984,BCG,139,8.0,1,0
2026-08-06,83354509.0,Kan Iyaka Health Post,Takai,Kano,11.611597,9.085984,Penta,133,8.0,1,0
2026-08-06,83354509.0,Kan Iyaka Health Post,Takai,Kano,11.611597,9.085984,Measles,140,8.0,1,0
2026-08-07,83354509.0,Kan Iyaka Health Post,Takai,Kano,11.611597,9.085984,BCG,92,4.25,1,0
2026-08-07,83354509.0,Kan Iyaka Health Post,Takai,Kano,11.611597,9.085984,Penta,83,4.25,1,0
2026-08-07,83354509.0,Kan Iyaka Health Post,Takai,Kano,11.611597,9.085984,Measles,107,4.25,1,0
2026-08-08,83354509.0,Kan Iyaka Health Post,Takai,Kano,11.611597,9.085984,BCG,42,2.0,1,0
2026-08-08,83354509.0,Kan Iyaka Health Post,Takai,Kano,11.611597,9.085984,Penta,42,2.0,1,0
2026-08-08,83354509.0,Kan Iyaka Health Post,Takai,Kano,11.611597,9.085984,Measles,428,2.0,1,0
2026-08-09,83354509.0,Kan Iyaka Health Post,Takai,Kano,11.611597,9.085984,BCG,0,2.0,1,1
2026-08-09,83354509.0,Kan Iyaka Health Post,Takai,Kano,11.611597,9.085984,Penta,0,2.0,1,1
2026-08-09,83354509.0,Kan Iyaka Health Post,Takai,Kano,11.611597,9.085984,Measles,386,2.0,1,0
2026-08-12,83354509.0,Kan Iyaka Health Post,Takai,Kano,11.611597,9.085984,BCG,0,6.2,1,1
2026-08-12,83354509.0,Kan Iyaka Health Post,Takai,Kano,11.611597,9.085984,Penta,0,6.2,1,1
2026-08-12,83354509.0,Kan Iyaka Health Post,Takai,Kano,11.611597,9.085984,Measles,351,6.2,1,0
2026-08-13,83354509.0,Kan Iyaka Health Post,Takai,Kano,11.611597,9.085984,BCG,0,2.22,1,1
2026-08-13,83354509.0,Kan Iyaka Health Post,Takai,Kano,11.611597,9.085984,Penta,0,2.22,1,1
2026-08-13,83354509.0,Kan Iyaka Health Post,Takai,Kano,11.611597,9.085984,Measles,313,2.22,1,0
2026-08-16,83354509.0,Kan Iyaka Health Post,Takai,Kano,11.611597,9.085984,BCG,360,8.88,1,1
2026-08-16,83354509.0,Kan Iyaka Health Post,Takai,Kano,11.611597,9.085984,Penta,0,8.88,1,1
2026-08-16,83354509.0,Kan Iyaka Health Post,Takai,Kano,11.611597,9.085984,Measles,275,8.88,1,0
2026-08-29,83354509.0,Kan Iyaka Health Post,Takai,Kano,11.611597,9.085984,BCG,308,21.27,1,0
2026-08-29,83354509.0,Kan Iyaka Health Post,Takai,Kano,11.611597,9.085984,Penta,0,21.27,1,1
2026-08-29,83354509.0,Kan Iyaka Health Post,Takai,Kano,11.611597,9.085984,Measles,235,21.27,1,0
2026-08-30,83354509.0,Kan Iyaka Health Post,Takai,Kano,11.611597,9.085984,BCG,261,17.71,1,0
2026-08-30,83354509.0,Kan Iyaka Health Post,Takai,Kano,11.611597,9.085984,Penta,0,17.71,1,1
2026-08-30,83354509.0,Kan Iyaka Health Post,Takai,Kano,11.611597,9.085984,Measles,188,17.71,1,0
2026-08-03,63110023.0,Government House Primary Health Clinic,Tarauni,Kano,11.982914,8.552165,BCG,224,7.94,1,0
2026-08-03,63110023.0,Government House Primary Health Clinic,Tarauni,Kano,11.982914,8.552165,Penta,239,7.94,1,0
2026-08-03,63110023.0,Government House Primary Health Clinic,Tarauni,Kano,11.982914,8.552165,Measles,235,7.94,1,0
2026-08-04,63110023.0,Government House Primary Health Clinic,Tarauni,Kano,11.982914,8.552165,BCG,163,5.13,1,0
2026-08-04,63110023.0,Government House Primary Health Clinic,Tarauni,Kano,11.982914,8.552165,Penta,198,5.13,1,0
2026-08-04,63110023.0,Government House Primary Health Clinic,Tarauni,Kano,11.982914,8.552165,Measles,195,5.13,1,0
2026-08-07,63110023.0,Government House Primary Health Clinic,Tarauni,Kano,11.982914,8.552165,BCG,116,9.16,1,0
2026-08-07,63110023.0,Government House Primary Health Clinic,Tarauni,Kano,11.982914,8.552165,Penta,157,9.16,1,0
2026-08-07,63110023.0,Government House Primary Health Clinic,Tarauni,Kano,11.982914,8.552165,Measles,145,9.16,1,0
2026-08-09,63110023.0,Government House Primary Health Clinic,Tarauni,Kano,11.982914,8.552165,BCG,63,10.28,1,0
2026-08-09,63110023.0,Government House Primary Health Clinic,Tarauni,Kano,11.982914,8.552165,Penta,108,10.28,1,0
2026-08-09,63110023.0,Government House Primary Health Clinic,Tarauni,Kano,11.982914,8.552165,Measles,100,10.28,1,0
2026-08-13,63110023.0,Government House Primary Health Clinic,Tarauni,Kano,11.982914,8.552165,BCG,11,20.44,1,0
2026-08-13,63110023.0,Government House Primary Health Clinic,Tarauni,Kano,11.982914,8.552165,Penta,61,20.44,1,0
2026-08-13,63110023.0,Government House Primary Health Clinic,Tarauni,Kano,11.982914,8.552165,Measles,54,20.44,1,0
2026-08-15,63110023.0,Government House Primary Health Clinic,Tarauni,Kano,11.982914,8.552165,BCG,0,19.58,1,1
2026-08-15,63110023.0,Government House Primary Health Clinic,Tarauni,Kano,11.982914,8.552165,Penta,0,19.58,1,1
2026-08-15,63110023.0,Government House Primary Health Clinic,Tarauni,Kano,11.982914,8.552165,Measles,360,19.58,1,1
2026-08-16,63110023.0,Government House Primary Health Clinic,Tarauni,Kano,11.982914,8.552165,BCG,360,17.77,1,1
2026-08-16,63110023.0,Government House Primary Health Clinic,Tarauni,Kano,11.982914,8.552165,Penta,0,17.77,1,1
2026-08-16,63110023.0,Government House Primary Health Clinic,Tarauni,Kano,11.982914,8.552165,Measles,0,17.77,1,1
2026-08-19,63110023.0,Government House Primary Health Clinic,Tarauni,Kano,11.982914,8.552165,BCG,312,20.07,1,0
2026-08-19,63110023.0,Government House Primary Health Clinic,Tarauni,Kano,11.982914,8.552165,Penta,0,20.07,1,1
2026-08-19,63110023.0,Government House Primary Health Clinic,Tarauni,Kano,11.982914,8.552165,Measles,360,20.07,1,1
2026-08-21,63110023.0,Government House Primary Health Clinic,Tarauni,Kano,11.982914,8.552165,BCG,253,21.48,1,0
2026-08-21,63110023.0,Government House Primary Health Clinic,Tarauni,Kano,11.982914,8.552165,Penta,0,21.48,1,1
2026-08-21,63110023.0,Government House Primary Health Clinic,Tarauni,Kano,11.982914,8.552165,Measles,312,21.48,1,0
2026-08-26,63110023.0,Government House Primary Health Clinic,Tarauni,Kano,11.982914,8.552165,BCG,209,21.5,1,0
2026-08-26,63110023.0,Government House Primary Health Clinic,Tarauni,Kano,11.982914,8.552165,Penta,0,21.5,1,1
2026-08-26,63110023.0,Government House Primary Health Clinic,Tarauni,Kano,11.982914,8.552165,Measles,258,21.5,1,0
2026-08-27,63110023.0,Government House Primary Health Clinic,Tarauni,Kano,11.982914,8.552165,BCG,167,19.52,1,0
2026-08-27,63110023.0,Government House Primary Health Clinic,Tarauni,Kano,11.982914,8.552165,Penta,0,19.52,1,1
2026-08-27,63110023.0,Government House Primary Health Clinic,Tarauni,Kano,11.982914,8.552165,Measles,206,19.52,1,0
2026-08-30,63110023.0,Government House Primary Health Clinic,Tarauni,Kano,11.982914,8.552165,BCG,117,21.02,1,0
2026-08-30,63110023.0,Government House Primary Health Clinic,Tarauni,Kano,11.982914,8.552165,Penta,0,21.02,1,1
2026-08-30,63110023.0,Government House Primary Health Clinic,Tarauni,Kano,11.982914,8.552165,Measles,150,21.02,1,0
2026-08-01,71575346.0,Hausawa Primary Health Center,Tarauni,Kano,11.96313164,8.535550031,BCG,233,2.0,1,0
2026-08-01,71575346.0,Hausawa Primary Health Center,Tarauni,Kano,11.96313164,8.535550031,Penta,221,2.0,1,0
2026-08-01,71575346.0,Hausawa Primary Health Center,Tarauni,Kano,11.96313164,8.535550031,Measles,225,2.0,1,0
2026-08-02,71575346.0,Hausawa Primary Health Center,Tarauni,Kano,11.96313164,8.535550031,BCG,192,2.0,1,0
2026-08-02,71575346.0,Hausawa Primary Health Center,Tarauni,Kano,11.96313164,8.535550031,Penta,179,2.0,1,0
2026-08-02,71575346.0,Hausawa Primary Health Center,Tarauni,Kano,11.96313164,8.535550031,Measles,193,2.0,1,0
2026-08-03,71575346.0,Hausawa Primary Health Center,Tarauni,Kano,11.96313164,8.535550031,BCG,143,2.0,1,0
2026-08-03,71575346.0,Hausawa Primary Health Center,Tarauni,Kano,11.96313164,8.535550031,Penta,144,2.0,1,0
2026-08-03,71575346.0,Hausawa Primary Health Center,Tarauni,Kano,11.96313164,8.535550031,Measles,155,2.0,1,0
2026-08-04,71575346.0,Hausawa Primary Health Center,Tarauni,Kano,11.96313164,8.535550031,BCG,105,2.0,1,0
2026-08-04,71575346.0,Hausawa Primary Health Center,Tarauni,Kano,11.96313164,8.535550031,Penta,86,2.0,1,0
2026-08-04,71575346.0,Hausawa Primary Health Center,Tarauni,Kano,11.96313164,8.535550031,Measles,103,2.0,1,0
2026-08-07,71575346.0,Hausawa Primary Health Center,Tarauni,Kano,11.96313164,8.535550031,BCG,421,7.31,1,0
2026-08-07,71575346.0,Hausawa Primary Health Center,Tarauni,Kano,11.96313164,8.535550031,Penta,30,7.31,1,0
2026-08-07,71575346.0,Hausawa Primary Health Center,Tarauni,Kano,11.96313164,8.535550031,Measles,52,7.31,1,0
2026-08-10,71575346.0,Hausawa Primary Health Center,Tarauni,Kano,11.96313164,8.535550031,BCG,379,13.91,1,0
2026-08-10,71575346.0,Hausawa Primary Health Center,Tarauni,Kano,11.96313164,8.535550031,Penta,0,13.91,1,1
2026-08-10,71575346.0,Hausawa Primary Health Center,Tarauni,Kano,11.96313164,8.535550031,Measles,12,13.91,1,0
2026-08-12,71575346.0,Hausawa Primary Health Center,Tarauni,Kano,11.96313164,8.535550031,BCG,0,15.02,1,1
2026-08-12,71575346.0,Hausawa Primary Health Center,Tarauni,Kano,11.96313164,8.535550031,Penta,360,15.02,1,1
2026-08-12,71575346.0,Hausawa Primary Health Center,Tarauni,Kano,11.96313164,8.535550031,Measles,0,15.02,1,1
2026-08-17,71575346.0,Hausawa Primary Health Center,Tarauni,Kano,11.96313164,8.535550031,BCG,360,20.65,1,1
2026-08-17,71575346.0,Hausawa Primary Health Center,Tarauni,Kano,11.96313164,8.535550031,Penta,327,20.65,1,0
2026-08-17,71575346.0,Hausawa Primary Health Center,Tarauni,Kano,11.96313164,8.535550031,Measles,360,20.65,1,1
2026-08-21,71575346.0,Hausawa Primary Health Center,Tarauni,Kano,11.96313164,8.535550031,BCG,313,21.14,1,0
2026-08-21,71575346.0,Hausawa Primary Health Center,Tarauni,Kano,11.96313164,8.535550031,Penta,278,21.14,1,0
2026-08-21,71575346.0,Hausawa Primary Health Center,Tarauni,Kano,11.96313164,8.535550031,Measles,311,21.14,1,0
2026-08-25,71575346.0,Hausawa Primary Health Center,Tarauni,Kano,11.96313164,8.535550031,BCG,257,21.92,1,0
2026-08-25,71575346.0,Hausawa Primary Health Center,Tarauni,Kano,11.96313164,8.535550031,Penta,236,21.92,1,0
2026-08-25,71575346.0,Hausawa Primary Health Center,Tarauni,Kano,11.96313164,8.535550031,Measles,271,21.92,1,0
2026-08-08,,Yola Health Post,Tofa,Kano,12.03841,8.32023,BCG,233,21.76,1,0
2026-08-08,,Yola Health Post,Tofa,Kano,12.03841,8.32023,Penta,219,21.76,1,0
2026-08-08,,Yola Health Post,Tofa,Kano,12.03841,8.32023,Measles,0,21.76,1,1
2026-08-09,,Yola Health Post,Tofa,Kano,12.03841,8.32023,BCG,360,18.99,1,1
2026-08-09,,Yola Health Post,Tofa,Kano,12.03841,8.32023,Penta,177,18.99,1,0
2026-08-09,,Yola Health Post,Tofa,Kano,12.03841,8.32023,Measles,0,18.99,1,1
2026-08-11,,Yola Health Post,Tofa,Kano,12.03841,8.32023,BCG,313,21.7,1,0
2026-08-11,,Yola Health Post,Tofa,Kano,12.03841,8.32023,Penta,135,21.7,1,0
2026-08-11,,Yola Health Post,Tofa,Kano,12.03841,8.32023,Measles,0,21.7,1,1
2026-08-13,,Yola Health Post,Tofa,Kano,12.03841,8.32023,BCG,281,22.16,1,0
2026-08-13,,Yola Health Post,Tofa,Kano,12.03841,8.32023,Penta,0,22.16,1,1
2026-08-13,,Yola Health Post,Tofa,Kano,12.03841,8.32023,Measles,360,22.16,1,1
2026-08-14,,Yola Health Post,Tofa,Kano,12.03841,8.32023,BCG,226,19.98,1,0
2026-08-14,,Yola Health Post,Tofa,Kano,12.03841,8.32023,Penta,0,19.98,1,1
2026-08-14,,Yola Health Post,Tofa,Kano,12.03841,8.32023,Measles,312,19.98,1,0
2026-08-16,,Yola Health Post,Tofa,Kano,12.03841,8.32023,BCG,0,18.64,1,1
2026-08-16,,Yola Health Post,Tofa,Kano,12.03841,8.32023,Penta,0,18.64,1,1
2026-08-16,,Yola Health Post,Tofa,Kano,12.03841,8.32023,Measles,264,18.64,1,0
2026-08-20,,Yola Health Post,Tofa,Kano,12.03841,8.32023,BCG,0,22.05,1,1
2026-08-20,,Yola Health Post,Tofa,Kano,12.03841,8.32023,Penta,360,22.05,1,1
2026-08-20,,Yola Health Post,Tofa,Kano,12.03841,8.32023,Measles,221,22.05,1,0
2026-08-21,,Yola Health Post,Tofa,Kano,12.03841,8.32023,BCG,0,18.16,1,1
2026-08-21,,Yola Health Post,Tofa,Kano,12.03841,8.32023,Penta,321,18.16,1,0
2026-08-21,,Yola Health Post,Tofa,Kano,12.03841,8.32023,Measles,184,18.16,1,0
2026-08-22,,Yola Health Post,Tofa,Kano,12.03841,8.32023,BCG,0,15.21,1,1
2026-08-22,,Yola Health Post,Tofa,Kano,12.03841,8.32023,Penta,0,15.21,1,1
2026-08-22,,Yola Health Post,Tofa,Kano,12.03841,8.32023,Measles,142,15.21,1,0
2026-08-27,,Yola Health Post,Tofa,Kano,12.03841,8.32023,BCG,0,21.75,1,1
2026-08-27,,Yola Health Post,Tofa,Kano,12.03841,8.32023,Penta,0,21.75,1,1
2026-08-27,,Yola Health Post,Tofa,Kano,12.03841,8.32023,Measles,93,21.75,1,0
2026-08-30,,Yola Health Post,Tofa,Kano,12.03841,8.32023,BCG,0,21.63,1,1
2026-08-30,,Yola Health Post,Tofa,Kano,12.03841,8.32023,Penta,0,21.63,1,1
2026-08-30,,Yola Health Post,Tofa,Kano,12.03841,8.32023,Measles,42,21.63,1,0
2026-08-07,79122916.0,Yalwa Karama Health Post,Tofa,Kano,12.05791198,8.334745131,BCG,227,21.07,1,0
2026-08-07,79122916.0,Yalwa Karama Health Post,Tofa,Kano,12.05791198,8.334745131,Penta,234,21.07,1,0
2026-08-07,79122916.0,Yalwa Karama Health Post,Tofa,Kano,12.05791198,8.334745131,Measles,222,21.07,1,0
2026-08-08,79122916.0,Yalwa Karama Health Post,Tofa,Kano,12.05791198,8.334745131,BCG,192,17.53,1,0
2026-08-08,79122916.0,Yalwa Karama Health Post,Tofa,Kano,12.05791198,8.334745131,Penta,193,17.53,1,0
2026-08-08,79122916.0,Yalwa Karama Health Post,Tofa,Kano,12.05791198,8.334745131,Measles,179,17.53,1,0
2026-08-09,79122916.0,Yalwa Karama Health Post,Tofa,Kano,12.05791198,8.334745131,BCG,143,15.31,1,0
2026-08-09,79122916.0,Yalwa Karama Health Post,Tofa,Kano,12.05791198,8.334745131,Penta,135,15.31,1,0
2026-08-09,79122916.0,Yalwa Karama Health Post,Tofa,Kano,12.05791198,8.334745131,Measles,138,15.31,1,0
2026-08-17,79122916.0,Yalwa Karama Health Post,Tofa,Kano,12.05791198,8.334745131,BCG,450,21.39,1,0
2026-08-17,79122916.0,Yalwa Karama Health Post,Tofa,Kano,12.05791198,8.334745131,Penta,92,21.39,1,0
2026-08-17,79122916.0,Yalwa Karama Health Post,Tofa,Kano,12.05791198,8.334745131,Measles,96,21.39,1,0
2026-08-21,79122916.0,Yalwa Karama Health Post,Tofa,Kano,12.05791198,8.334745131,BCG,408,20.76,1,0
2026-08-21,79122916.0,Yalwa Karama Health Post,Tofa,Kano,12.05791198,8.334745131,Penta,42,20.76,1,0
2026-08-21,79122916.0,Yalwa Karama Health Post,Tofa,Kano,12.05791198,8.334745131,Measles,52,20.76,1,0
2026-08-25,79122916.0,Yalwa Karama Health Post,Tofa,Kano,12.05791198,8.334745131,BCG,362,21.35,1,0
2026-08-25,79122916.0,Yalwa Karama Health Post,Tofa,Kano,12.05791198,8.334745131,Penta,0,21.35,1,1
2026-08-25,79122916.0,Yalwa Karama Health Post,Tofa,Kano,12.05791198,8.334745131,Measles,9,21.35,1,0
2026-08-26,79122916.0,Yalwa Karama Health Post,Tofa,Kano,12.05791198,8.334745131,BCG,300,19.42,1,0
2026-08-26,79122916.0,Yalwa Karama Health Post,Tofa,Kano,12.05791198,8.334745131,Penta,0,19.42,1,1
2026-08-26,79122916.0,Yalwa Karama Health Post,Tofa,Kano,12.05791198,8.334745131,Measles,0,19.42,1,1
2026-08-01,15929606.0,Gezawa Health Post,Tsanyawa,Kano,12.28003277,7.94132408,BCG,218,2.0,1,0
2026-08-01,15929606.0,Gezawa Health Post,Tsanyawa,Kano,12.28003277,7.94132408,Penta,223,2.0,1,0
2026-08-01,15929606.0,Gezawa Health Post,Tsanyawa,Kano,12.28003277,7.94132408,Measles,218,2.0,1,0
2026-08-05,15929606.0,Gezawa Health Post,Tsanyawa,Kano,12.28003277,7.94132408,BCG,177,6.91,1,0
2026-08-05,15929606.0,Gezawa Health Post,Tsanyawa,Kano,12.28003277,7.94132408,Penta,170,6.91,1,0
2026-08-05,15929606.0,Gezawa Health Post,Tsanyawa,Kano,12.28003277,7.94132408,Measles,167,6.91,1,0
2026-08-06,15929606.0,Gezawa Health Post,Tsanyawa,Kano,12.28003277,7.94132408,BCG,129,4.27,1,0
2026-08-06,15929606.0,Gezawa Health Post,Tsanyawa,Kano,12.28003277,7.94132408,Penta,124,4.27,1,0
2026-08-06,15929606.0,Gezawa Health Post,Tsanyawa,Kano,12.28003277,7.94132408,Measles,129,4.27,1,0
2026-08-10,15929606.0,Gezawa Health Post,Tsanyawa,Kano,12.28003277,7.94132408,BCG,83,13.41,1,0
2026-08-10,15929606.0,Gezawa Health Post,Tsanyawa,Kano,12.28003277,7.94132408,Penta,0,13.41,1,1
2026-08-10,15929606.0,Gezawa Health Post,Tsanyawa,Kano,12.28003277,7.94132408,Measles,92,13.41,1,0
2026-08-11,15929606.0,Gezawa Health Post,Tsanyawa,Kano,12.28003277,7.94132408,BCG,58,11.46,1,0
2026-08-11,15929606.0,Gezawa Health Post,Tsanyawa,Kano,12.28003277,7.94132408,Penta,0,11.46,1,1
2026-08-11,15929606.0,Gezawa Health Post,Tsanyawa,Kano,12.28003277,7.94132408,Measles,48,11.46,1,0
2026-08-12,15929606.0,Gezawa Health Post,Tsanyawa,Kano,12.28003277,7.94132408,BCG,365,7.48,1,0
2026-08-12,15929606.0,Gezawa Health Post,Tsanyawa,Kano,12.28003277,7.94132408,Penta,0,7.48,1,1
2026-08-12,15929606.0,Gezawa Health Post,Tsanyawa,Kano,12.28003277,7.94132408,Measles,360,7.48,1,1
2026-08-16,15929606.0,Gezawa Health Post,Tsanyawa,Kano,12.28003277,7.94132408,BCG,317,15.78,1,0
2026-08-16,15929606.0,Gezawa Health Post,Tsanyawa,Kano,12.28003277,7.94132408,Penta,360,15.78,1,1
2026-08-16,15929606.0,Gezawa Health Post,Tsanyawa,Kano,12.28003277,7.94132408,Measles,316,15.78,1,0
2026-08-22,15929606.0,Gezawa Health Post,Tsanyawa,Kano,12.28003277,7.94132408,BCG,270,20.77,1,0
2026-08-22,15929606.0,Gezawa Health Post,Tsanyawa,Kano,12.28003277,7.94132408,Penta,317,20.77,1,0
2026-08-22,15929606.0,Gezawa Health Post,Tsanyawa,Kano,12.28003277,7.94132408,Measles,265,20.77,1,0
2026-08-25,15929606.0,Gezawa Health Post,Tsanyawa,Kano,12.28003277,7.94132408,BCG,230,20.78,1,0
2026-08-25,15929606.0,Gezawa Health Post,Tsanyawa,Kano,12.28003277,7.94132408,Penta,279,20.78,1,0
2026-08-25,15929606.0,Gezawa Health Post,Tsanyawa,Kano,12.28003277,7.94132408,Measles,0,20.78,1,1
2026-08-26,15929606.0,Gezawa Health Post,Tsanyawa,Kano,12.28003277,7.94132408,BCG,0,17.67,1,1
2026-08-26,15929606.0,Gezawa Health Post,Tsanyawa,Kano,12.28003277,7.94132408,Penta,234,17.67,1,0
2026-08-26,15929606.0,Gezawa Health Post,Tsanyawa,Kano,12.28003277,7.94132408,Measles,0,17.67,1,1
2026-08-27,15929606.0,Gezawa Health Post,Tsanyawa,Kano,12.28003277,7.94132408,BCG,360,13.26,1,1
2026-08-27,15929606.0,Gezawa Health Post,Tsanyawa,Kano,12.28003277,7.94132408,Penta,180,13.26,1,0
2026-08-27,15929606.0,Gezawa Health Post,Tsanyawa,Kano,12.28003277,7.94132408,Measles,0,13.26,1,1
2026-08-01,79824488.0,Dumbulum Health Center,Tsanyawa,Kano,12.19196938,8.01627349,BCG,224,2.0,1,0
2026-08-01,79824488.0,Dumbulum Health Center,Tsanyawa,Kano,12.19196938,8.01627349,Penta,220,2.0,1,0
2026-08-01,79824488.0,Dumbulum Health Center,Tsanyawa,Kano,12.19196938,8.01627349,Measles,216,2.0,1,0
2026-08-04,79824488.0,Dumbulum Health Center,Tsanyawa,Kano,12.19196938,8.01627349,BCG,178,6.49,1,0
2026-08-04,79824488.0,Dumbulum Health Center,Tsanyawa,Kano,12.19196938,8.01627349,Penta,170,6.49,1,0
2026-08-04,79824488.0,Dumbulum Health Center,Tsanyawa,Kano,12.19196938,8.01627349,Measles,167,6.49,1,0
2026-08-05,79824488.0,Dumbulum Health Center,Tsanyawa,Kano,12.19196938,8.01627349,BCG,134,3.18,1,0
2026-08-05,79824488.0,Dumbulum Health Center,Tsanyawa,Kano,12.19196938,8.01627349,Penta,125,3.18,1,0
2026-08-05,79824488.0,Dumbulum Health Center,Tsanyawa,Kano,12.19196938,8.01627349,Measles,119,3.18,1,0
2026-08-06,79824488.0,Dumbulum Health Center,Tsanyawa,Kano,12.19196938,8.01627349,BCG,88,2.0,1,0
2026-08-06,79824488.0,Dumbulum Health Center,Tsanyawa,Kano,12.19196938,8.01627349,Penta,74,2.0,1,0
2026-08-06,79824488.0,Dumbulum Health Center,Tsanyawa,Kano,12.19196938,8.01627349,Measles,72,2.0,1,0
2026-08-07,79824488.0,Dumbulum Health Center,Tsanyawa,Kano,12.19196938,8.01627349,BCG,49,2.0,1,0
2026-08-07,79824488.0,Dumbulum Health Center,Tsanyawa,Kano,12.19196938,8.01627349,Penta,35,2.0,1,0
2026-08-07,79824488.0,Dumbulum Health Center,Tsanyawa,Kano,12.19196938,8.01627349,Measles,33,2.0,1,0
2026-08-08,79824488.0,Dumbulum Health Center,Tsanyawa,Kano,12.19196938,8.01627349,BCG,1,2.0,1,0
2026-08-08,79824488.0,Dumbulum Health Center,Tsanyawa,Kano,12.19196938,8.01627349,Penta,0,2.0,1,1
2026-08-08,79824488.0,Dumbulum Health Center,Tsanyawa,Kano,12.19196938,8.01627349,Measles,0,2.0,1,1
2026-08-09,79824488.0,Dumbulum Health Center,Tsanyawa,Kano,12.19196938,8.01627349,BCG,360,2.0,1,1
2026-08-09,79824488.0,Dumbulum Health Center,Tsanyawa,Kano,12.19196938,8.01627349,Penta,0,2.0,1,1
2026-08-09,79824488.0,Dumbulum Health Center,Tsanyawa,Kano,12.19196938,8.01627349,Measles,360,2.0,1,1
2026-08-10,79824488.0,Dumbulum Health Center,Tsanyawa,Kano,12.19196938,8.01627349,BCG,324,2.0,1,0
2026-08-10,79824488.0,Dumbulum Health Center,Tsanyawa,Kano,12.19196938,8.01627349,Penta,360,2.0,1,1
2026-08-10,79824488.0,Dumbulum Health Center,Tsanyawa,Kano,12.19196938,8.01627349,Measles,313,2.0,1,0
2026-08-11,79824488.0,Dumbulum Health Center,Tsanyawa,Kano,12.19196938,8.01627349,BCG,280,2.0,1,0
2026-08-11,79824488.0,Dumbulum Health Center,Tsanyawa,Kano,12.19196938,8.01627349,Penta,316,2.0,1,0
2026-08-11,79824488.0,Dumbulum Health Center,Tsanyawa,Kano,12.19196938,8.01627349,Measles,284,2.0,1,0
2026-08-15,79824488.0,Dumbulum Health Center,Tsanyawa,Kano,12.19196938,8.01627349,BCG,240,9.49,1,0
2026-08-15,79824488.0,Dumbulum Health Center,Tsanyawa,Kano,12.19196938,8.01627349,Penta,275,9.49,1,0
2026-08-15,79824488.0,Dumbulum Health Center,Tsanyawa,Kano,12.19196938,8.01627349,Measles,240,9.49,1,0
2026-08-16,79824488.0,Dumbulum Health Center,Tsanyawa,Kano,12.19196938,8.01627349,BCG,193,7.27,1,0
2026-08-16,79824488.0,Dumbulum Health Center,Tsanyawa,Kano,12.19196938,8.01627349,Penta,239,7.27,1,0
2026-08-16,79824488.0,Dumbulum Health Center,Tsanyawa,Kano,12.19196938,8.01627349,Measles,192,7.27,1,0
2026-08-18,79824488.0,Dumbulum Health Center,Tsanyawa,Kano,12.19196938,8.01627349,BCG,154,8.14,1,0
2026-08-18,79824488.0,Dumbulum Health Center,Tsanyawa,Kano,12.19196938,8.01627349,Penta,202,8.14,1,0
2026-08-18,79824488.0,Dumbulum Health Center,Tsanyawa,Kano,12.19196938,8.01627349,Measles,155,8.14,1,0
2026-08-19,79824488.0,Dumbulum Health Center,Tsanyawa,Kano,12.19196938,8.01627349,BCG,108,6.26,1,0
2026-08-19,79824488.0,Dumbulum Health Center,Tsanyawa,Kano,12.19196938,8.01627349,Penta,152,6.26,1,0
2026-08-19,79824488.0,Dumbulum Health Center,Tsanyawa,Kano,12.19196938,8.01627349,Measles,99,6.26,1,0
2026-08-22,79824488.0,Dumbulum Health Center,Tsanyawa,Kano,12.19196938,8.01627349,BCG,67,8.41,1,0
2026-08-22,79824488.0,Dumbulum Health Center,Tsanyawa,Kano,12.19196938,8.01627349,Penta,114,8.41,1,0
2026-08-22,79824488.0,Dumbulum Health Center,Tsanyawa,Kano,12.19196938,8.01627349,Measles,402,8.41,1,0
2026-08-24,79824488.0,Dumbulum Health Center,Tsanyawa,Kano,12.19196938,8.01627349,BCG,376,8.96,1,0
2026-08-24,79824488.0,Dumbulum Health Center,Tsanyawa,Kano,12.19196938,8.01627349,Penta,61,8.96,1,0
2026-08-24,79824488.0,Dumbulum Health Center,Tsanyawa,Kano,12.19196938,8.01627349,Measles,363,8.96,1,0
2026-08-28,79824488.0,Dumbulum Health Center,Tsanyawa,Kano,12.19196938,8.01627349,BCG,323,17.54,1,0
2026-08-28,79824488.0,Dumbulum Health Center,Tsanyawa,Kano,12.19196938,8.01627349,Penta,391,17.54,1,0
2026-08-28,79824488.0,Dumbulum Health Center,Tsanyawa,Kano,12.19196938,8.01627349,Measles,308,17.54,1,0
2026-08-29,79824488.0,Dumbulum Health Center,Tsanyawa,Kano,12.19196938,8.01627349,BCG,0,15.42,1,1
2026-08-29,79824488.0,Dumbulum Health Center,Tsanyawa,Kano,12.19196938,8.01627349,Penta,348,15.42,1,0
2026-08-29,79824488.0,Dumbulum Health Center,Tsanyawa,Kano,12.19196938,8.01627349,Measles,262,15.42,1,0
2026-08-01,50142100.0,Wuna Primary Health Center,Tudun Wada,Kano,11.2894919,8.485156884,BCG,221,2.0,1,0
2026-08-01,50142100.0,Wuna Primary Health Center,Tudun Wada,Kano,11.2894919,8.485156884,Penta,226,2.0,1,0
2026-08-01,50142100.0,Wuna Primary Health Center,Tudun Wada,Kano,11.2894919,8.485156884,Measles,226,2.0,1,0
2026-08-02,50142100.0,Wuna Primary Health Center,Tudun Wada,Kano,11.2894919,8.485156884,BCG,177,2.0,1,0
2026-08-02,50142100.0,Wuna Primary Health Center,Tudun Wada,Kano,11.2894919,8.485156884,Penta,178,2.0,1,0
2026-08-02,50142100.0,Wuna Primary Health Center,Tudun Wada,Kano,11.2894919,8.485156884,Measles,174,2.0,1,0
2026-08-06,50142100.0,Wuna Primary Health Center,Tudun Wada,Kano,11.2894919,8.485156884,BCG,139,7.76,1,0
2026-08-06,50142100.0,Wuna Primary Health Center,Tudun Wada,Kano,11.2894919,8.485156884,Penta,136,7.76,1,0
2026-08-06,50142100.0,Wuna Primary Health Center,Tudun Wada,Kano,11.2894919,8.485156884,Measles,128,7.76,1,0
2026-08-11,50142100.0,Wuna Primary Health Center,Tudun Wada,Kano,11.2894919,8.485156884,BCG,110,18.74,1,0
2026-08-11,50142100.0,Wuna Primary Health Center,Tudun Wada,Kano,11.2894919,8.485156884,Penta,96,18.74,1,0
2026-08-11,50142100.0,Wuna Primary Health Center,Tudun Wada,Kano,11.2894919,8.485156884,Measles,449,18.74,1,0
2026-08-14,50142100.0,Wuna Primary Health Center,Tudun Wada,Kano,11.2894919,8.485156884,BCG,61,21.89,1,0
2026-08-14,50142100.0,Wuna Primary Health Center,Tudun Wada,Kano,11.2894919,8.485156884,Penta,406,21.89,1,0
2026-08-14,50142100.0,Wuna Primary Health Center,Tudun Wada,Kano,11.2894919,8.485156884,Measles,401,21.89,1,0
2026-08-20,50142100.0,Wuna Primary Health Center,Tudun Wada,Kano,11.2894919,8.485156884,BCG,19,21.12,1,0
2026-08-20,50142100.0,Wuna Primary Health Center,Tudun Wada,Kano,11.2894919,8.485156884,Penta,347,21.12,1,0
2026-08-20,50142100.0,Wuna Primary Health Center,Tudun Wada,Kano,11.2894919,8.485156884,Measles,355,21.12,1,0
2026-08-23,50142100.0,Wuna Primary Health Center,Tudun Wada,Kano,11.2894919,8.485156884,BCG,0,21.37,1,1
2026-08-23,50142100.0,Wuna Primary Health Center,Tudun Wada,Kano,11.2894919,8.485156884,Penta,304,21.37,1,0
2026-08-23,50142100.0,Wuna Primary Health Center,Tudun Wada,Kano,11.2894919,8.485156884,Measles,285,21.37,1,0
2026-08-26,50142100.0,Wuna Primary Health Center,Tudun Wada,Kano,11.2894919,8.485156884,BCG,360,20.57,1,1
2026-08-26,50142100.0,Wuna Primary Health Center,Tudun Wada,Kano,11.2894919,8.485156884,Penta,0,20.57,1,1
2026-08-26,50142100.0,Wuna Primary Health Center,Tudun Wada,Kano,11.2894919,8.485156884,Measles,246,20.57,1,0
2026-08-27,50142100.0,Wuna Primary Health Center,Tudun Wada,Kano,11.2894919,8.485156884,BCG,317,17.94,1,0
2026-08-27,50142100.0,Wuna Primary Health Center,Tudun Wada,Kano,11.2894919,8.485156884,Penta,360,17.94,1,1
2026-08-27,50142100.0,Wuna Primary Health Center,Tudun Wada,Kano,11.2894919,8.485156884,Measles,200,17.94,1,0
2026-08-29,50142100.0,Wuna Primary Health Center,Tudun Wada,Kano,11.2894919,8.485156884,BCG,278,18.04,1,0
2026-08-29,50142100.0,Wuna Primary Health Center,Tudun Wada,Kano,11.2894919,8.485156884,Penta,322,18.04,1,0
2026-08-29,50142100.0,Wuna Primary Health Center,Tudun Wada,Kano,11.2894919,8.485156884,Measles,360,18.04,1,1
2026-08-30,50142100.0,Wuna Primary Health Center,Tudun Wada,Kano,11.2894919,8.485156884,BCG,241,14.66,1,0
2026-08-30,50142100.0,Wuna Primary Health Center,Tudun Wada,Kano,11.2894919,8.485156884,Penta,281,14.66,1,0
2026-08-30,50142100.0,Wuna Primary Health Center,Tudun Wada,Kano,11.2894919,8.485156884,Measles,308,14.66,1,0
2026-08-01,69558373.0,Fala Health Post,Tudun Wada,Kano,11.407798,8.771787,BCG,235,2.0,1,0
2026-08-01,69558373.0,Fala Health Post,Tudun Wada,Kano,11.407798,8.771787,Penta,231,2.0,1,0
2026-08-01,69558373.0,Fala Health Post,Tudun Wada,Kano,11.407798,8.771787,Measles,224,2.0,1,0
2026-08-04,69558373.0,Fala Health Post,Tudun Wada,Kano,11.407798,8.771787,BCG,192,6.42,1,0
2026-08-04,69558373.0,Fala Health Post,Tudun Wada,Kano,11.407798,8.771787,Penta,180,6.42,1,0
2026-08-04,69558373.0,Fala Health Post,Tudun Wada,Kano,11.407798,8.771787,Measles,177,6.42,1,0
2026-08-08,69558373.0,Fala Health Post,Tudun Wada,Kano,11.407798,8.771787,BCG,141,13.34,1,0
2026-08-08,69558373.0,Fala Health Post,Tudun Wada,Kano,11.407798,8.771787,Penta,0,13.34,1,1
2026-08-08,69558373.0,Fala Health Post,Tudun Wada,Kano,11.407798,8.771787,Measles,141,13.34,1,0
2026-08-10,69558373.0,Fala Health Post,Tudun Wada,Kano,11.407798,8.771787,BCG,0,12.51,1,1
2026-08-10,69558373.0,Fala Health Post,Tudun Wada,Kano,11.407798,8.771787,Penta,360,12.51,1,1
2026-08-10,69558373.0,Fala Health Post,Tudun Wada,Kano,11.407798,8.771787,Measles,360,12.51,1,1
2026-08-12,69558373.0,Fala Health Post,Tudun Wada,Kano,11.407798,8.771787,BCG,0,13.61,1,1
2026-08-12,69558373.0,Fala Health Post,Tudun Wada,Kano,11.407798,8.771787,Penta,0,13.61,1,1
2026-08-12,69558373.0,Fala Health Post,Tudun Wada,Kano,11.407798,8.771787,Measles,0,13.61,1,1
2026-08-14,69558373.0,Fala Health Post,Tudun Wada,Kano,11.407798,8.771787,BCG,0,17.13,1,1
2026-08-14,69558373.0,Fala Health Post,Tudun Wada,Kano,11.407798,8.771787,Penta,0,17.13,1,1
2026-08-14,69558373.0,Fala Health Post,Tudun Wada,Kano,11.407798,8.771787,Measles,0,17.13,1,1
2026-08-19,69558373.0,Fala Health Post,Tudun Wada,Kano,11.407798,8.771787,BCG,0,21.09,1,1
2026-08-19,69558373.0,Fala Health Post,Tudun Wada,Kano,11.407798,8.771787,Penta,0,21.09,1,1
2026-08-19,69558373.0,Fala Health Post,Tudun Wada,Kano,11.407798,8.771787,Measles,360,21.09,1,1
2026-08-20,69558373.0,Fala Health Post,Tudun Wada,Kano,11.407798,8.771787,BCG,360,17.57,1,1
2026-08-20,69558373.0,Fala Health Post,Tudun Wada,Kano,11.407798,8.771787,Penta,360,17.57,1,1
2026-08-20,69558373.0,Fala Health Post,Tudun Wada,Kano,11.407798,8.771787,Measles,306,17.57,1,0
2026-08-21,69558373.0,Fala Health Post,Tudun Wada,Kano,11.407798,8.771787,BCG,315,14.82,1,0
2026-08-21,69558373.0,Fala Health Post,Tudun Wada,Kano,11.407798,8.771787,Penta,319,14.82,1,0
2026-08-21,69558373.0,Fala Health Post,Tudun Wada,Kano,11.407798,8.771787,Measles,0,14.82,1,1
2026-08-22,69558373.0,Fala Health Post,Tudun Wada,Kano,11.407798,8.771787,BCG,270,10.97,1,0
2026-08-22,69558373.0,Fala Health Post,Tudun Wada,Kano,11.407798,8.771787,Penta,271,10.97,1,0
2026-08-22,69558373.0,Fala Health Post,Tudun Wada,Kano,11.407798,8.771787,Measles,360,10.97,1,1
2026-08-25,69558373.0,Fala Health Post,Tudun Wada,Kano,11.407798,8.771787,BCG,360,14.89,1,1
2026-08-25,69558373.0,Fala Health Post,Tudun Wada,Kano,11.407798,8.771787,Penta,360,14.89,1,1
2026-08-25,69558373.0,Fala Health Post,Tudun Wada,Kano,11.407798,8.771787,Measles,317,14.89,1,0
2026-08-28,69558373.0,Fala Health Post,Tudun Wada,Kano,11.407798,8.771787,BCG,318,18.67,1,0
2026-08-28,69558373.0,Fala Health Post,Tudun Wada,Kano,11.407798,8.771787,Penta,306,18.67,1,0
2026-08-28,69558373.0,Fala Health Post,Tudun Wada,Kano,11.407798,8.771787,Measles,257,18.67,1,0
2026-08-03,15086692.0,Dausara Health Post,Ungogo,Kano,12.07294707,8.58133536,BCG,223,7.45,1,0
2026-08-03,15086692.0,Dausara Health Post,Ungogo,Kano,12.07294707,8.58133536,Penta,225,7.45,1,0
2026-08-03,15086692.0,Dausara Health Post,Ungogo,Kano,12.07294707,8.58133536,Measles,227,7.45,1,0
2026-08-07,15086692.0,Dausara Health Post,Ungogo,Kano,12.07294707,8.58133536,BCG,173,15.66,1,0
2026-08-07,15086692.0,Dausara Health Post,Ungogo,Kano,12.07294707,8.58133536,Penta,163,15.66,1,0
2026-08-07,15086692.0,Dausara Health Post,Ungogo,Kano,12.07294707,8.58133536,Measles,186,15.66,1,0
2026-08-09,15086692.0,Dausara Health Post,Ungogo,Kano,12.07294707,8.58133536,BCG,123,16.32,1,0
2026-08-09,15086692.0,Dausara Health Post,Ungogo,Kano,12.07294707,8.58133536,Penta,118,16.32,1,0
2026-08-09,15086692.0,Dausara Health Post,Ungogo,Kano,12.07294707,8.58133536,Measles,136,16.32,1,0
2026-08-11,15086692.0,Dausara Health Post,Ungogo,Kano,12.07294707,8.58133536,BCG,83,16.13,1,0
2026-08-11,15086692.0,Dausara Health Post,Ungogo,Kano,12.07294707,8.58133536,Penta,71,16.13,1,0
2026-08-11,15086692.0,Dausara Health Post,Ungogo,Kano,12.07294707,8.58133536,Measles,81,16.13,1,0
2026-08-12,15086692.0,Dausara Health Post,Ungogo,Kano,12.07294707,8.58133536,BCG,43,13.57,1,0
2026-08-12,15086692.0,Dausara Health Post,Ungogo,Kano,12.07294707,8.58133536,Penta,26,13.57,1,0
2026-08-12,15086692.0,Dausara Health Post,Ungogo,Kano,12.07294707,8.58133536,Measles,402,13.57,1,0
2026-08-13,15086692.0,Dausara Health Post,Ungogo,Kano,12.07294707,8.58133536,BCG,0,10.76,1,1
2026-08-13,15086692.0,Dausara Health Post,Ungogo,Kano,12.07294707,8.58133536,Penta,0,10.76,1,1
2026-08-13,15086692.0,Dausara Health Post,Ungogo,Kano,12.07294707,8.58133536,Measles,352,10.76,1,0
2026-08-14,15086692.0,Dausara Health Post,Ungogo,Kano,12.07294707,8.58133536,BCG,0,8.27,1,1
2026-08-14,15086692.0,Dausara Health Post,Ungogo,Kano,12.07294707,8.58133536,Penta,0,8.27,1,1
2026-08-14,15086692.0,Dausara Health Post,Ungogo,Kano,12.07294707,8.58133536,Measles,298,8.27,1,0
2026-08-20,15086692.0,Dausara Health Post,Ungogo,Kano,12.07294707,8.58133536,BCG,0,21.01,1,1
2026-08-20,15086692.0,Dausara Health Post,Ungogo,Kano,12.07294707,8.58133536,Penta,0,21.01,1,1
2026-08-20,15086692.0,Dausara Health Post,Ungogo,Kano,12.07294707,8.58133536,Measles,256,21.01,1,0
2026-08-27,15086692.0,Dausara Health Post,Ungogo,Kano,12.07294707,8.58133536,BCG,0,21.17,1,1
2026-08-27,15086692.0,Dausara Health Post,Ungogo,Kano,12.07294707,8.58133536,Penta,0,21.17,1,1
2026-08-27,15086692.0,Dausara Health Post,Ungogo,Kano,12.07294707,8.58133536,Measles,216,21.17,1,0
2026-08-30,15086692.0,Dausara Health Post,Ungogo,Kano,12.07294707,8.58133536,BCG,0,21.01,1,1
2026-08-30,15086692.0,Dausara Health Post,Ungogo,Kano,12.07294707,8.58133536,Penta,0,21.01,1,1
2026-08-30,15086692.0,Dausara Health Post,Ungogo,Kano,12.07294707,8.58133536,Measles,0,21.01,1,1
2026-08-03,58373061.0,Zaura Babba Health Post,Ungogo,Kano,12.05943395,8.619827234,BCG,214,8.63,1,0
2026-08-03,58373061.0,Zaura Babba Health Post,Ungogo,Kano,12.05943395,8.619827234,Penta,213,8.63,1,0
2026-08-03,58373061.0,Zaura Babba Health Post,Ungogo,Kano,12.05943395,8.619827234,Measles,231,8.63,1,0
2026-08-05,58373061.0,Zaura Babba Health Post,Ungogo,Kano,12.05943395,8.619827234,BCG,176,9.74,1,0
2026-08-05,58373061.0,Zaura Babba Health Post,Ungogo,Kano,12.05943395,8.619827234,Penta,178,9.74,1,0
2026-08-05,58373061.0,Zaura Babba Health Post,Ungogo,Kano,12.05943395,8.619827234,Measles,186,9.74,1,0
2026-08-07,58373061.0,Zaura Babba Health Post,Ungogo,Kano,12.05943395,8.619827234,BCG,118,10.15,1,0
2026-08-07,58373061.0,Zaura Babba Health Post,Ungogo,Kano,12.05943395,8.619827234,Penta,136,10.15,1,0
2026-08-07,58373061.0,Zaura Babba Health Post,Ungogo,Kano,12.05943395,8.619827234,Measles,150,10.15,1,0
2026-08-19,58373061.0,Zaura Babba Health Post,Ungogo,Kano,12.05943395,8.619827234,BCG,76,21.15,1,0
2026-08-19,58373061.0,Zaura Babba Health Post,Ungogo,Kano,12.05943395,8.619827234,Penta,360,21.15,1,1
2026-08-19,58373061.0,Zaura Babba Health Post,Ungogo,Kano,12.05943395,8.619827234,Measles,102,21.15,1,0
2026-08-21,58373061.0,Zaura Babba Health Post,Ungogo,Kano,12.05943395,8.619827234,BCG,31,20.23,1,0
2026-08-21,58373061.0,Zaura Babba Health Post,Ungogo,Kano,12.05943395,8.619827234,Penta,319,20.23,1,0
2026-08-21,58373061.0,Zaura Babba Health Post,Ungogo,Kano,12.05943395,8.619827234,Measles,55,20.23,1,0
2026-08-25,58373061.0,Zaura Babba Health Post,Ungogo,Kano,12.05943395,8.619827234,BCG,0,21.64,1,1
2026-08-25,58373061.0,Zaura Babba Health Post,Ungogo,Kano,12.05943395,8.619827234,Penta,280,21.64,1,0
2026-08-25,58373061.0,Zaura Babba Health Post,Ungogo,Kano,12.05943395,8.619827234,Measles,5,21.64,1,0
2026-08-27,58373061.0,Zaura Babba Health Post,Ungogo,Kano,12.05943395,8.619827234,BCG,0,20.22,1,1
2026-08-27,58373061.0,Zaura Babba Health Post,Ungogo,Kano,12.05943395,8.619827234,Penta,0,20.22,1,1
2026-08-27,58373061.0,Zaura Babba Health Post,Ungogo,Kano,12.05943395,8.619827234,Measles,0,20.22,1,1
2026-08-28,58373061.0,Zaura Babba Health Post,Ungogo,Kano,12.05943395,8.619827234,BCG,0,15.85,1,1
2026-08-28,58373061.0,Zaura Babba Health Post,Ungogo,Kano,12.05943395,8.619827234,Penta,360,15.85,1,1
2026-08-28,58373061.0,Zaura Babba Health Post,Ungogo,Kano,12.05943395,8.619827234,Measles,0,15.85,1,1
2026-08-29,58373061.0,Zaura Babba Health Post,Ungogo,Kano,12.05943395,8.619827234,BCG,0,12.82,1,1
2026-08-29,58373061.0,Zaura Babba Health Post,Ungogo,Kano,12.05943395,8.619827234,Penta,314,12.82,1,0
2026-08-29,58373061.0,Zaura Babba Health Post,Ungogo,Kano,12.05943395,8.619827234,Measles,0,12.82,1,1
2026-08-02,75373768.0,Alitini Health Post,Warawa,Kano,11.95732994,8.783268189,BCG,213,5.92,1,0
2026-08-02,75373768.0,Alitini Health Post,Warawa,Kano,11.95732994,8.783268189,Penta,227,5.92,1,0
2026-08-02,75373768.0,Alitini Health Post,Warawa,Kano,11.95732994,8.783268189,Measles,230,5.92,1,0
2026-08-11,75373768.0,Alitini Health Post,Warawa,Kano,11.95732994,8.783268189,BCG,0,19.76,1,1
2026-08-11,75373768.0,Alitini Health Post,Warawa,Kano,11.95732994,8.783268189,Penta,169,19.76,1,0
2026-08-11,75373768.0,Alitini Health Post,Warawa,Kano,11.95732994,8.783268189,Measles,192,19.76,1,0
2026-08-18,75373768.0,Alitini Health Post,Warawa,Kano,11.95732994,8.783268189,BCG,360,21.49,1,1
2026-08-18,75373768.0,Alitini Health Post,Warawa,Kano,11.95732994,8.783268189,Penta,122,21.49,1,0
2026-08-18,75373768.0,Alitini Health Post,Warawa,Kano,11.95732994,8.783268189,Measles,145,21.49,1,0
2026-08-20,75373768.0,Alitini Health Post,Warawa,Kano,11.95732994,8.783268189,BCG,310,20.75,1,0
2026-08-20,75373768.0,Alitini Health Post,Warawa,Kano,11.95732994,8.783268189,Penta,433,20.75,1,0
2026-08-20,75373768.0,Alitini Health Post,Warawa,Kano,11.95732994,8.783268189,Measles,446,20.75,1,0
2026-08-21,75373768.0,Alitini Health Post,Warawa,Kano,11.95732994,8.783268189,BCG,360,18.67,1,1
2026-08-21,75373768.0,Alitini Health Post,Warawa,Kano,11.95732994,8.783268189,Penta,360,18.67,1,1
2026-08-21,75373768.0,Alitini Health Post,Warawa,Kano,11.95732994,8.783268189,Measles,409,18.67,1,0
2026-08-22,75373768.0,Alitini Health Post,Warawa,Kano,11.95732994,8.783268189,BCG,316,16.01,1,0
2026-08-22,75373768.0,Alitini Health Post,Warawa,Kano,11.95732994,8.783268189,Penta,307,16.01,1,0
2026-08-22,75373768.0,Alitini Health Post,Warawa,Kano,11.95732994,8.783268189,Measles,0,16.01,1,1
2026-08-26,75373768.0,Alitini Health Post,Warawa,Kano,11.95732994,8.783268189,BCG,269,21.01,1,0
2026-08-26,75373768.0,Alitini Health Post,Warawa,Kano,11.95732994,8.783268189,Penta,258,21.01,1,0
2026-08-26,75373768.0,Alitini Health Post,Warawa,Kano,11.95732994,8.783268189,Measles,0,21.01,1,1
2026-08-02,47259107.0,Jigawa (Wra) Health Post,Warawa,Kano,11.893863,8.854604,BCG,225,5.28,1,0
2026-08-02,47259107.0,Jigawa (Wra) Health Post,Warawa,Kano,11.893863,8.854604,Penta,218,5.28,1,0
2026-08-02,47259107.0,Jigawa (Wra) Health Post,Warawa,Kano,11.893863,8.854604,Measles,227,5.28,1,0
2026-08-05,47259107.0,Jigawa (Wra) Health Post,Warawa,Kano,11.893863,8.854604,BCG,182,8.75,1,0
2026-08-05,47259107.0,Jigawa (Wra) Health Post,Warawa,Kano,11.893863,8.854604,Penta,181,8.75,1,0
2026-08-05,47259107.0,Jigawa (Wra) Health Post,Warawa,Kano,11.893863,8.854604,Measles,181,8.75,1,0
2026-08-09,47259107.0,Jigawa (Wra) Health Post,Warawa,Kano,11.893863,8.854604,BCG,118,15.63,1,0
2026-08-09,47259107.0,Jigawa (Wra) Health Post,Warawa,Kano,11.893863,8.854604,Penta,147,15.63,1,0
2026-08-09,47259107.0,Jigawa (Wra) Health Post,Warawa,Kano,11.893863,8.854604,Measles,129,15.63,1,0
2026-08-10,47259107.0,Jigawa (Wra) Health Post,Warawa,Kano,11.893863,8.854604,BCG,77,13.01,1,0
2026-08-10,47259107.0,Jigawa (Wra) Health Post,Warawa,Kano,11.893863,8.854604,Penta,103,13.01,1,0
2026-08-10,47259107.0,Jigawa (Wra) Health Post,Warawa,Kano,11.893863,8.854604,Measles,84,13.01,1,0
2026-08-11,47259107.0,Jigawa (Wra) Health Post,Warawa,Kano,11.893863,8.854604,BCG,21,10.62,1,0
2026-08-11,47259107.0,Jigawa (Wra) Health Post,Warawa,Kano,11.893863,8.854604,Penta,70,10.62,1,0
2026-08-11,47259107.0,Jigawa (Wra) Health Post,Warawa,Kano,11.893863,8.854604,Measles,53,10.62,1,0
2026-08-13,47259107.0,Jigawa (Wra) Health Post,Warawa,Kano,11.893863,8.854604,BCG,0,12.36,1,1
2026-08-13,47259107.0,Jigawa (Wra) Health Post,Warawa,Kano,11.893863,8.854604,Penta,29,12.36,1,0
2026-08-13,47259107.0,Jigawa (Wra) Health Post,Warawa,Kano,11.893863,8.854604,Measles,6,12.36,1,0
2026-08-14,47259107.0,Jigawa (Wra) Health Post,Warawa,Kano,11.893863,8.854604,BCG,0,9.5,1,1
2026-08-14,47259107.0,Jigawa (Wra) Health Post,Warawa,Kano,11.893863,8.854604,Penta,0,9.5,1,1
2026-08-14,47259107.0,Jigawa (Wra) Health Post,Warawa,Kano,11.893863,8.854604,Measles,0,9.5,1,1
2026-08-17,47259107.0,Jigawa (Wra) Health Post,Warawa,Kano,11.893863,8.854604,BCG,0,13.68,1,1
2026-08-17,47259107.0,Jigawa (Wra) Health Post,Warawa,Kano,11.893863,8.854604,Penta,360,13.68,1,1
2026-08-17,47259107.0,Jigawa (Wra) Health Post,Warawa,Kano,11.893863,8.854604,Measles,0,13.68,1,1
2026-08-20,47259107.0,Jigawa (Wra) Health Post,Warawa,Kano,11.893863,8.854604,BCG,0,20.56,1,1
2026-08-20,47259107.0,Jigawa (Wra) Health Post,Warawa,Kano,11.893863,8.854604,Penta,317,20.56,1,0
2026-08-20,47259107.0,Jigawa (Wra) Health Post,Warawa,Kano,11.893863,8.854604,Measles,0,20.56,1,1
2026-08-23,47259107.0,Jigawa (Wra) Health Post,Warawa,Kano,11.893863,8.854604,BCG,360,21.95,1,1
2026-08-23,47259107.0,Jigawa (Wra) Health Post,Warawa,Kano,11.893863,8.854604,Penta,273,21.95,1,0
2026-08-23,47259107.0,Jigawa (Wra) Health Post,Warawa,Kano,11.893863,8.854604,Measles,0,21.95,1,1
2026-08-25,47259107.0,Jigawa (Wra) Health Post,Warawa,Kano,11.893863,8.854604,BCG,324,20.25,1,0
2026-08-25,47259107.0,Jigawa (Wra) Health Post,Warawa,Kano,11.893863,8.854604,Penta,360,20.25,1,1
2026-08-25,47259107.0,Jigawa (Wra) Health Post,Warawa,Kano,11.893863,8.854604,Measles,360,20.25,1,1
2026-08-26,47259107.0,Jigawa (Wra) Health Post,Warawa,Kano,11.893863,8.854604,BCG,288,16.66,1,0
2026-08-26,47259107.0,Jigawa (Wra) Health Post,Warawa,Kano,11.893863,8.854604,Penta,0,16.66,1,1
2026-08-26,47259107.0,Jigawa (Wra) Health Post,Warawa,Kano,11.893863,8.854604,Measles,360,16.66,1,1
2026-08-03,18511716.0,Utai Primary Health Center,Wudil,Kano,11.74412461,8.88214013,BCG,229,7.6,1,0
2026-08-03,18511716.0,Utai Primary Health Center,Wudil,Kano,11.74412461,8.88214013,Penta,215,7.6,1,0
2026-08-03,18511716.0,Utai Primary Health Center,Wudil,Kano,11.74412461,8.88214013,Measles,229,7.6,1,0
2026-08-12,18511716.0,Utai Primary Health Center,Wudil,Kano,11.74412461,8.88214013,BCG,184,21.79,1,0
2026-08-12,18511716.0,Utai Primary Health Center,Wudil,Kano,11.74412461,8.88214013,Penta,175,21.79,1,0
2026-08-12,18511716.0,Utai Primary Health Center,Wudil,Kano,11.74412461,8.88214013,Measles,194,21.79,1,0
2026-08-17,18511716.0,Utai Primary Health Center,Wudil,Kano,11.74412461,8.88214013,BCG,136,21.83,1,0
2026-08-17,18511716.0,Utai Primary Health Center,Wudil,Kano,11.74412461,8.88214013,Penta,133,21.83,1,0
2026-08-17,18511716.0,Utai Primary Health Center,Wudil,Kano,11.74412461,8.88214013,Measles,0,21.83,1,1
2026-08-23,18511716.0,Utai Primary Health Center,Wudil,Kano,11.74412461,8.88214013,BCG,104,20.89,1,0
2026-08-23,18511716.0,Utai Primary Health Center,Wudil,Kano,11.74412461,8.88214013,Penta,88,20.89,1,0
2026-08-23,18511716.0,Utai Primary Health Center,Wudil,Kano,11.74412461,8.88214013,Measles,360,20.89,1,1
2026-08-24,18511716.0,Utai Primary Health Center,Wudil,Kano,11.74412461,8.88214013,BCG,55,17.98,1,0
2026-08-24,18511716.0,Utai Primary Health Center,Wudil,Kano,11.74412461,8.88214013,Penta,411,17.98,1,0
2026-08-24,18511716.0,Utai Primary Health Center,Wudil,Kano,11.74412461,8.88214013,Measles,360,17.98,1,1
2026-08-28,18511716.0,Utai Primary Health Center,Wudil,Kano,11.74412461,8.88214013,BCG,13,21.42,1,0
2026-08-28,18511716.0,Utai Primary Health Center,Wudil,Kano,11.74412461,8.88214013,Penta,361,21.42,1,0
2026-08-28,18511716.0,Utai Primary Health Center,Wudil,Kano,11.74412461,8.88214013,Measles,317,21.42,1,0
2026-08-29,18511716.0,Utai Primary Health Center,Wudil,Kano,11.74412461,8.88214013,BCG,0,19.15,1,1
2026-08-29,18511716.0,Utai Primary Health Center,Wudil,Kano,11.74412461,8.88214013,Penta,316,19.15,1,0
2026-08-29,18511716.0,Utai Primary Health Center,Wudil,Kano,11.74412461,8.88214013,Measles,281,19.15,1,0
2026-08-30,18511716.0,Utai Primary Health Center,Wudil,Kano,11.74412461,8.88214013,BCG,0,16.19,1,1
2026-08-30,18511716.0,Utai Primary Health Center,Wudil,Kano,11.74412461,8.88214013,Penta,268,16.19,1,0
2026-08-30,18511716.0,Utai Primary Health Center,Wudil,Kano,11.74412461,8.88214013,Measles,244,16.19,1,0
2026-08-03,20591544.0,Gindabe Health Post,Wudil,Kano,11.743571,8.855573,BCG,235,8.24,1,0
2026-08-03,20591544.0,Gindabe Health Post,Wudil,Kano,11.743571,8.855573,Penta,229,8.24,1,0
2026-08-03,20591544.0,Gindabe Health Post,Wudil,Kano,11.743571,8.855573,Measles,230,8.24,1,0
2026-08-06,20591544.0,Gindabe Health Post,Wudil,Kano,11.743571,8.855573,BCG,195,13.47,1,0
2026-08-06,20591544.0,Gindabe Health Post,Wudil,Kano,11.743571,8.855573,Penta,179,13.47,1,0
2026-08-06,20591544.0,Gindabe Health Post,Wudil,Kano,11.743571,8.855573,Measles,0,13.47,1,1
2026-08-09,20591544.0,Gindabe Health Post,Wudil,Kano,11.743571,8.855573,BCG,148,17.15,1,0
2026-08-09,20591544.0,Gindabe Health Post,Wudil,Kano,11.743571,8.855573,Penta,0,17.15,1,1
2026-08-09,20591544.0,Gindabe Health Post,Wudil,Kano,11.743571,8.855573,Measles,0,17.15,1,1
2026-08-14,20591544.0,Gindabe Health Post,Wudil,Kano,11.743571,8.855573,BCG,0,20.93,1,1
2026-08-14,20591544.0,Gindabe Health Post,Wudil,Kano,11.743571,8.855573,Penta,0,20.93,1,1
2026-08-14,20591544.0,Gindabe Health Post,Wudil,Kano,11.743571,8.855573,Measles,0,20.93,1,1
2026-08-15,20591544.0,Gindabe Health Post,Wudil,Kano,11.743571,8.855573,BCG,0,18.23,1,1
2026-08-15,20591544.0,Gindabe Health Post,Wudil,Kano,11.743571,8.855573,Penta,360,18.23,1,1
2026-08-15,20591544.0,Gindabe Health Post,Wudil,Kano,11.743571,8.855573,Measles,0,18.23,1,1
2026-08-20,20591544.0,Gindabe Health Post,Wudil,Kano,11.743571,8.855573,BCG,0,21.5,1,1
2026-08-20,20591544.0,Gindabe Health Post,Wudil,Kano,11.743571,8.855573,Penta,315,21.5,1,0
2026-08-20,20591544.0,Gindabe Health Post,Wudil,Kano,11.743571,8.855573,Measles,0,21.5,1,1
2026-08-23,20591544.0,Gindabe Health Post,Wudil,Kano,11.743571,8.855573,BCG,0,21.96,1,1
2026-08-23,20591544.0,Gindabe Health Post,Wudil,Kano,11.743571,8.855573,Penta,0,21.96,1,1
2026-08-23,20591544.0,Gindabe Health Post,Wudil,Kano,11.743571,8.855573,Measles,360,21.96,1,1
2026-08-25,20591544.0,Gindabe Health Post,Wudil,Kano,11.743571,8.855573,BCG,0,19.61,1,1
2026-08-25,20591544.0,Gindabe Health Post,Wudil,Kano,11.743571,8.855573,Penta,0,19.61,1,1
2026-08-25,20591544.0,Gindabe Health Post,Wudil,Kano,11.743571,8.855573,Measles,316,19.61,1,0
2026-08-27,20591544.0,Gindabe Health Post,Wudil,Kano,11.743571,8.855573,BCG,360,17.6,1,1
2026-08-27,20591544.0,Gindabe Health Post,Wudil,Kano,11.743571,8.855573,Penta,0,17.6,1,1
2026-08-27,20591544.0,Gindabe Health Post,Wudil,Kano,11.743571,8.855573,Measles,263,17.6,1,0
2026-08-29,20591544.0,Gindabe Health Post,Wudil,Kano,11.743571,8.855573,BCG,295,18.0,1,0
2026-08-29,20591544.0,Gindabe Health Post,Wudil,Kano,11.743571,8.855573,Penta,0,18.0,1,1
2026-08-29,20591544.0,Gindabe Health Post,Wudil,Kano,11.743571,8.855573,Measles,231,18.0,1,0
2026-08-30,20591544.0,Gindabe Health Post,Wudil,Kano,11.743571,8.855573,BCG,249,15.02,1,0
2026-08-30,20591544.0,Gindabe Health Post,Wudil,Kano,11.743571,8.855573,Penta,0,15.02,1,1
2026-08-30,20591544.0,Gindabe Health Post,Wudil,Kano,11.743571,8.855573,Measles,0,15.02,1,1
2026-08-04,41402123.0,Kurami Health Clinic,Bakori,Katsina,11.53656361,7.363524228,BCG,0,14.29,1,1
2026-08-04,41402123.0,Kurami Health Clinic,Bakori,Katsina,11.53656361,7.363524228,Penta,122,14.29,1,0
2026-08-04,41402123.0,Kurami Health Clinic,Bakori,Katsina,11.53656361,7.363524228,Measles,124,14.29,1,0
2026-08-06,41402123.0,Kurami Health Clinic,Bakori,Katsina,11.53656361,7.363524228,BCG,0,14.74,1,1
2026-08-06,41402123.0,Kurami Health Clinic,Bakori,Katsina,11.53656361,7.363524228,Penta,94,14.74,1,0
2026-08-06,41402123.0,Kurami Health Clinic,Bakori,Katsina,11.53656361,7.363524228,Measles,104,14.74,1,0
2026-08-07,41402123.0,Kurami Health Clinic,Bakori,Katsina,11.53656361,7.363524228,BCG,0,10.76,1,1
2026-08-07,41402123.0,Kurami Health Clinic,Bakori,Katsina,11.53656361,7.363524228,Penta,73,10.76,1,0
2026-08-07,41402123.0,Kurami Health Clinic,Bakori,Katsina,11.53656361,7.363524228,Measles,87,10.76,1,0
2026-08-12,41402123.0,Kurami Health Clinic,Bakori,Katsina,11.53656361,7.363524228,BCG,0,21.06,1,1
2026-08-12,41402123.0,Kurami Health Clinic,Bakori,Katsina,11.53656361,7.363524228,Penta,48,21.06,1,0
2026-08-12,41402123.0,Kurami Health Clinic,Bakori,Katsina,11.53656361,7.363524228,Measles,52,21.06,1,0
2026-08-24,41402123.0,Kurami Health Clinic,Bakori,Katsina,11.53656361,7.363524228,BCG,0,20.46,1,1
2026-08-24,41402123.0,Kurami Health Clinic,Bakori,Katsina,11.53656361,7.363524228,Penta,24,20.46,1,0
2026-08-24,41402123.0,Kurami Health Clinic,Bakori,Katsina,11.53656361,7.363524228,Measles,30,20.46,1,0
2026-08-29,41402123.0,Kurami Health Clinic,Bakori,Katsina,11.53656361,7.363524228,BCG,0,20.16,1,1
2026-08-29,41402123.0,Kurami Health Clinic,Bakori,Katsina,11.53656361,7.363524228,Penta,0,20.16,1,1
2026-08-29,41402123.0,Kurami Health Clinic,Bakori,Katsina,11.53656361,7.363524228,Measles,0,20.16,1,1
2026-08-06,43072126.0,Unguwar Babua Health Post,Bakori,Katsina,11.685818,7.33931218,BCG,125,18.38,1,0
2026-08-06,43072126.0,Unguwar Babua Health Post,Bakori,Katsina,11.685818,7.33931218,Penta,121,18.38,1,0
2026-08-06,43072126.0,Unguwar Babua Health Post,Bakori,Katsina,11.685818,7.33931218,Measles,124,18.38,1,0
2026-08-10,43072126.0,Unguwar Babua Health Post,Bakori,Katsina,11.685818,7.33931218,BCG,97,21.26,1,0
2026-08-10,43072126.0,Unguwar Babua Health Post,Bakori,Katsina,11.685818,7.33931218,Penta,100,21.26,1,0
2026-08-10,43072126.0,Unguwar Babua Health Post,Bakori,Katsina,11.685818,7.33931218,Measles,97,21.26,1,0
2026-08-14,43072126.0,Unguwar Babua Health Post,Bakori,Katsina,11.685818,7.33931218,BCG,62,21.58,1,0
2026-08-14,43072126.0,Unguwar Babua Health Post,Bakori,Katsina,11.685818,7.33931218,Penta,0,21.58,1,1
2026-08-14,43072126.0,Unguwar Babua Health Post,Bakori,Katsina,11.685818,7.33931218,Measles,76,21.58,1,0
2026-08-16,43072126.0,Unguwar Babua Health Post,Bakori,Katsina,11.685818,7.33931218,BCG,232,20.84,1,0
2026-08-16,43072126.0,Unguwar Babua Health Post,Bakori,Katsina,11.685818,7.33931218,Penta,0,20.84,1,1
2026-08-16,43072126.0,Unguwar Babua Health Post,Bakori,Katsina,11.685818,7.33931218,Measles,50,20.84,1,0
2026-08-21,43072126.0,Unguwar Babua Health Post,Bakori,Katsina,11.685818,7.33931218,BCG,203,20.94,1,0
2026-08-21,43072126.0,Unguwar Babua Health Post,Bakori,Katsina,11.685818,7.33931218,Penta,0,20.94,1,1
2026-08-21,43072126.0,Unguwar Babua Health Post,Bakori,Katsina,11.685818,7.33931218,Measles,26,20.94,1,0
2026-08-24,43072126.0,Unguwar Babua Health Post,Bakori,Katsina,11.685818,7.33931218,BCG,181,20.14,1,0
2026-08-24,43072126.0,Unguwar Babua Health Post,Bakori,Katsina,11.685818,7.33931218,Penta,0,20.14,1,1
2026-08-24,43072126.0,Unguwar Babua Health Post,Bakori,Katsina,11.685818,7.33931218,Measles,200,20.14,1,1
2026-08-25,43072126.0,Unguwar Babua Health Post,Bakori,Katsina,11.685818,7.33931218,BCG,153,17.23,1,0
2026-08-25,43072126.0,Unguwar Babua Health Post,Bakori,Katsina,11.685818,7.33931218,Penta,0,17.23,1,1
2026-08-25,43072126.0,Unguwar Babua Health Post,Bakori,Katsina,11.685818,7.33931218,Measles,0,17.23,1,1
2026-08-28,43072126.0,Unguwar Babua Health Post,Bakori,Katsina,11.685818,7.33931218,BCG,126,20.29,1,0
2026-08-28,43072126.0,Unguwar Babua Health Post,Bakori,Katsina,11.685818,7.33931218,Penta,200,20.29,1,1
2026-08-28,43072126.0,Unguwar Babua Health Post,Bakori,Katsina,11.685818,7.33931218,Measles,0,20.29,1,1
2026-08-07,70237893.0,Kwaina Health Clinic,Batagarawa,Katsina,12.86273333,7.442746667,BCG,124,18.0,1,0
2026-08-07,70237893.0,Kwaina Health Clinic,Batagarawa,Katsina,12.86273333,7.442746667,Penta,128,18.0,1,0
2026-08-07,70237893.0,Kwaina Health Clinic,Batagarawa,Katsina,12.86273333,7.442746667,Measles,125,18.0,1,0
2026-08-11,70237893.0,Kwaina Health Clinic,Batagarawa,Katsina,12.86273333,7.442746667,BCG,0,20.88,1,1
2026-08-11,70237893.0,Kwaina Health Clinic,Batagarawa,Katsina,12.86273333,7.442746667,Penta,0,20.88,1,1
2026-08-11,70237893.0,Kwaina Health Clinic,Batagarawa,Katsina,12.86273333,7.442746667,Measles,99,20.88,1,0
2026-08-13,70237893.0,Kwaina Health Clinic,Batagarawa,Katsina,12.86273333,7.442746667,BCG,0,20.55,1,1
2026-08-13,70237893.0,Kwaina Health Clinic,Batagarawa,Katsina,12.86273333,7.442746667,Penta,0,20.55,1,1
2026-08-13,70237893.0,Kwaina Health Clinic,Batagarawa,Katsina,12.86273333,7.442746667,Measles,73,20.55,1,0
2026-08-25,70237893.0,Kwaina Health Clinic,Batagarawa,Katsina,12.86273333,7.442746667,BCG,0,21.79,1,1
2026-08-25,70237893.0,Kwaina Health Clinic,Batagarawa,Katsina,12.86273333,7.442746667,Penta,0,21.79,1,1
2026-08-25,70237893.0,Kwaina Health Clinic,Batagarawa,Katsina,12.86273333,7.442746667,Measles,48,21.79,1,0
2026-08-26,70237893.0,Kwaina Health Clinic,Batagarawa,Katsina,12.86273333,7.442746667,BCG,0,18.54,1,1
2026-08-26,70237893.0,Kwaina Health Clinic,Batagarawa,Katsina,12.86273333,7.442746667,Penta,0,18.54,1,1
2026-08-26,70237893.0,Kwaina Health Clinic,Batagarawa,Katsina,12.86273333,7.442746667,Measles,18,18.54,1,0
2026-08-30,70237893.0,Kwaina Health Clinic,Batagarawa,Katsina,12.86273333,7.442746667,BCG,0,20.06,1,1
2026-08-30,70237893.0,Kwaina Health Clinic,Batagarawa,Katsina,12.86273333,7.442746667,Penta,0,20.06,1,1
2026-08-30,70237893.0,Kwaina Health Clinic,Batagarawa,Katsina,12.86273333,7.442746667,Measles,0,20.06,1,1
2026-08-10,29207633.0,Kutubi Health Center,Batagarawa,Katsina,12.996545,7.732171667,BCG,125,22.39,1,0
2026-08-10,29207633.0,Kutubi Health Center,Batagarawa,Katsina,12.996545,7.732171667,Penta,133,22.39,1,0
2026-08-10,29207633.0,Kutubi Health Center,Batagarawa,Katsina,12.996545,7.732171667,Measles,130,22.39,1,0
2026-08-11,29207633.0,Kutubi Health Center,Batagarawa,Katsina,12.996545,7.732171667,BCG,100,21.14,1,0
2026-08-11,29207633.0,Kutubi Health Center,Batagarawa,Katsina,12.996545,7.732171667,Penta,0,21.14,1,1
2026-08-11,29207633.0,Kutubi Health Center,Batagarawa,Katsina,12.996545,7.732171667,Measles,106,21.14,1,0
2026-08-13,29207633.0,Kutubi Health Center,Batagarawa,Katsina,12.996545,7.732171667,BCG,82,20.6,1,0
2026-08-13,29207633.0,Kutubi Health Center,Batagarawa,Katsina,12.996545,7.732171667,Penta,200,20.6,1,1
2026-08-13,29207633.0,Kutubi Health Center,Batagarawa,Katsina,12.996545,7.732171667,Measles,84,20.6,1,0
2026-08-16,29207633.0,Kutubi Health Center,Batagarawa,Katsina,12.996545,7.732171667,BCG,65,20.76,1,0
2026-08-16,29207633.0,Kutubi Health Center,Batagarawa,Katsina,12.996545,7.732171667,Penta,170,20.76,1,0
2026-08-16,29207633.0,Kutubi Health Center,Batagarawa,Katsina,12.996545,7.732171667,Measles,56,20.76,1,0
2026-08-02,61393371.0,Yargamji Maternal and Child Health,Batsari,Katsina,12.93978,7.235351667,BCG,123,4.34,1,0
2026-08-02,61393371.0,Yargamji Maternal and Child Health,Batsari,Katsina,12.93978,7.235351667,Penta,122,4.34,1,0
2026-08-02,61393371.0,Yargamji Maternal and Child Health,Batsari,Katsina,12.93978,7.235351667,Measles,128,4.34,1,0
2026-08-06,61393371.0,Yargamji Maternal and Child Health,Batsari,Katsina,12.93978,7.235351667,BCG,96,9.28,1,0
2026-08-06,61393371.0,Yargamji Maternal and Child Health,Batsari,Katsina,12.93978,7.235351667,Penta,94,9.28,1,0
2026-08-06,61393371.0,Yargamji Maternal and Child Health,Batsari,Katsina,12.93978,7.235351667,Measles,106,9.28,1,0
2026-08-22,61393371.0,Yargamji Maternal and Child Health,Batsari,Katsina,12.93978,7.235351667,BCG,73,21.2,1,0
2026-08-22,61393371.0,Yargamji Maternal and Child Health,Batsari,Katsina,12.93978,7.235351667,Penta,68,21.2,1,0
2026-08-22,61393371.0,Yargamji Maternal and Child Health,Batsari,Katsina,12.93978,7.235351667,Measles,77,21.2,1,0
2026-08-25,61393371.0,Yargamji Maternal and Child Health,Batsari,Katsina,12.93978,7.235351667,BCG,43,20.68,1,0
2026-08-25,61393371.0,Yargamji Maternal and Child Health,Batsari,Katsina,12.93978,7.235351667,Penta,0,20.68,1,1
2026-08-25,61393371.0,Yargamji Maternal and Child Health,Batsari,Katsina,12.93978,7.235351667,Measles,58,20.68,1,0
2026-08-27,61393371.0,Yargamji Maternal and Child Health,Batsari,Katsina,12.93978,7.235351667,BCG,9,21.47,1,0
2026-08-27,61393371.0,Yargamji Maternal and Child Health,Batsari,Katsina,12.93978,7.235351667,Penta,0,21.47,1,1
2026-08-27,61393371.0,Yargamji Maternal and Child Health,Batsari,Katsina,12.93978,7.235351667,Measles,34,21.47,1,0
2026-08-05,80568315.0,Salihawar Dan Alhaji Health Clinic,Batsari,Katsina,12.84713288,7.282825711,BCG,118,17.73,1,0
2026-08-05,80568315.0,Salihawar Dan Alhaji Health Clinic,Batsari,Katsina,12.84713288,7.282825711,Penta,126,17.73,1,0
2026-08-05,80568315.0,Salihawar Dan Alhaji Health Clinic,Batsari,Katsina,12.84713288,7.282825711,Measles,126,17.73,1,0
2026-08-07,80568315.0,Salihawar Dan Alhaji Health Clinic,Batsari,Katsina,12.84713288,7.282825711,BCG,103,16.18,1,0
2026-08-07,80568315.0,Salihawar Dan Alhaji Health Clinic,Batsari,Katsina,12.84713288,7.282825711,Penta,101,16.18,1,0
2026-08-07,80568315.0,Salihawar Dan Alhaji Health Clinic,Batsari,Katsina,12.84713288,7.282825711,Measles,104,16.18,1,0
2026-08-09,80568315.0,Salihawar Dan Alhaji Health Clinic,Batsari,Katsina,12.84713288,7.282825711,BCG,0,16.27,1,1
2026-08-09,80568315.0,Salihawar Dan Alhaji Health Clinic,Batsari,Katsina,12.84713288,7.282825711,Penta,80,16.27,1,0
2026-08-09,80568315.0,Salihawar Dan Alhaji Health Clinic,Batsari,Katsina,12.84713288,7.282825711,Measles,76,16.27,1,0
2026-08-13,80568315.0,Salihawar Dan Alhaji Health Clinic,Batsari,Katsina,12.84713288,7.282825711,BCG,0,21.26,1,1
2026-08-13,80568315.0,Salihawar Dan Alhaji Health Clinic,Batsari,Katsina,12.84713288,7.282825711,Penta,248,21.26,1,0
2026-08-13,80568315.0,Salihawar Dan Alhaji Health Clinic,Batsari,Katsina,12.84713288,7.282825711,Measles,248,21.26,1,0
2026-08-17,80568315.0,Salihawar Dan Alhaji Health Clinic,Batsari,Katsina,12.84713288,7.282825711,BCG,0,21.18,1,1
2026-08-17,80568315.0,Salihawar Dan Alhaji Health Clinic,Batsari,Katsina,12.84713288,7.282825711,Penta,220,21.18,1,0
2026-08-17,80568315.0,Salihawar Dan Alhaji Health Clinic,Batsari,Katsina,12.84713288,7.282825711,Measles,217,21.18,1,0
2026-08-18,80568315.0,Salihawar Dan Alhaji Health Clinic,Batsari,Katsina,12.84713288,7.282825711,BCG,0,18.59,1,1
2026-08-18,80568315.0,Salihawar Dan Alhaji Health Clinic,Batsari,Katsina,12.84713288,7.282825711,Penta,189,18.59,1,0
2026-08-18,80568315.0,Salihawar Dan Alhaji Health Clinic,Batsari,Katsina,12.84713288,7.282825711,Measles,193,18.59,1,0
2026-08-19,80568315.0,Salihawar Dan Alhaji Health Clinic,Batsari,Katsina,12.84713288,7.282825711,BCG,0,14.99,1,1
2026-08-19,80568315.0,Salihawar Dan Alhaji Health Clinic,Batsari,Katsina,12.84713288,7.282825711,Penta,0,14.99,1,1
2026-08-19,80568315.0,Salihawar Dan Alhaji Health Clinic,Batsari,Katsina,12.84713288,7.282825711,Measles,173,14.99,1,0
2026-08-20,80568315.0,Salihawar Dan Alhaji Health Clinic,Batsari,Katsina,12.84713288,7.282825711,BCG,0,13.11,1,1
2026-08-20,80568315.0,Salihawar Dan Alhaji Health Clinic,Batsari,Katsina,12.84713288,7.282825711,Penta,0,13.11,1,1
2026-08-20,80568315.0,Salihawar Dan Alhaji Health Clinic,Batsari,Katsina,12.84713288,7.282825711,Measles,150,13.11,1,0
2026-08-24,80568315.0,Salihawar Dan Alhaji Health Clinic,Batsari,Katsina,12.84713288,7.282825711,BCG,0,19.49,1,1
2026-08-24,80568315.0,Salihawar Dan Alhaji Health Clinic,Batsari,Katsina,12.84713288,7.282825711,Penta,200,19.49,1,1
2026-08-24,80568315.0,Salihawar Dan Alhaji Health Clinic,Batsari,Katsina,12.84713288,7.282825711,Measles,0,19.49,1,1
2026-08-29,80568315.0,Salihawar Dan Alhaji Health Clinic,Batsari,Katsina,12.84713288,7.282825711,BCG,0,21.1,1,1
2026-08-29,80568315.0,Salihawar Dan Alhaji Health Clinic,Batsari,Katsina,12.84713288,7.282825711,Penta,177,21.1,1,0
2026-08-29,80568315.0,Salihawar Dan Alhaji Health Clinic,Batsari,Katsina,12.84713288,7.282825711,Measles,0,21.1,1,1
2026-08-06,23872031.0,Achakwale Health Clinic,Baure,Katsina,12.850757,8.67531,BCG,124,19.08,1,0
2026-08-06,23872031.0,Achakwale Health Clinic,Baure,Katsina,12.850757,8.67531,Penta,122,19.08,1,0
2026-08-06,23872031.0,Achakwale Health Clinic,Baure,Katsina,12.850757,8.67531,Measles,121,19.08,1,0
2026-08-07,23872031.0,Achakwale Health Clinic,Baure,Katsina,12.850757,8.67531,BCG,104,16.68,1,0
2026-08-07,23872031.0,Achakwale Health Clinic,Baure,Katsina,12.850757,8.67531,Penta,97,16.68,1,0
2026-08-07,23872031.0,Achakwale Health Clinic,Baure,Katsina,12.850757,8.67531,Measles,0,16.68,1,1
2026-08-08,23872031.0,Achakwale Health Clinic,Baure,Katsina,12.850757,8.67531,BCG,200,14.18,1,1
2026-08-08,23872031.0,Achakwale Health Clinic,Baure,Katsina,12.850757,8.67531,Penta,67,14.18,1,0
2026-08-08,23872031.0,Achakwale Health Clinic,Baure,Katsina,12.850757,8.67531,Measles,0,14.18,1,1
2026-08-20,23872031.0,Achakwale Health Clinic,Baure,Katsina,12.850757,8.67531,BCG,175,20.58,1,0
2026-08-20,23872031.0,Achakwale Health Clinic,Baure,Katsina,12.850757,8.67531,Penta,36,20.58,1,0
2026-08-20,23872031.0,Achakwale Health Clinic,Baure,Katsina,12.850757,8.67531,Measles,0,20.58,1,1
2026-08-23,23872031.0,Achakwale Health Clinic,Baure,Katsina,12.850757,8.67531,BCG,153,21.2,1,0
2026-08-23,23872031.0,Achakwale Health Clinic,Baure,Katsina,12.850757,8.67531,Penta,0,21.2,1,1
2026-08-23,23872031.0,Achakwale Health Clinic,Baure,Katsina,12.850757,8.67531,Measles,0,21.2,1,1
2026-08-26,23872031.0,Achakwale Health Clinic,Baure,Katsina,12.850757,8.67531,BCG,121,21.85,1,0
2026-08-26,23872031.0,Achakwale Health Clinic,Baure,Katsina,12.850757,8.67531,Penta,0,21.85,1,1
2026-08-26,23872031.0,Achakwale Health Clinic,Baure,Katsina,12.850757,8.67531,Measles,0,21.85,1,1
2026-08-01,50062047.0,Unguwar Gamji Clinic,Baure,Katsina,12.79591,8.740895,BCG,120,2.0,1,0
2026-08-01,50062047.0,Unguwar Gamji Clinic,Baure,Katsina,12.79591,8.740895,Penta,119,2.0,1,0
2026-08-01,50062047.0,Unguwar Gamji Clinic,Baure,Katsina,12.79591,8.740895,Measles,116,2.0,1,0
2026-08-05,50062047.0,Unguwar Gamji Clinic,Baure,Katsina,12.79591,8.740895,BCG,96,13.09,1,0
2026-08-05,50062047.0,Unguwar Gamji Clinic,Baure,Katsina,12.79591,8.740895,Penta,0,13.09,1,1
2026-08-05,50062047.0,Unguwar Gamji Clinic,Baure,Katsina,12.79591,8.740895,Measles,0,13.09,1,1
2026-08-06,50062047.0,Unguwar Gamji Clinic,Baure,Katsina,12.79591,8.740895,BCG,71,10.42,1,0
2026-08-06,50062047.0,Unguwar Gamji Clinic,Baure,Katsina,12.79591,8.740895,Penta,0,10.42,1,1
2026-08-06,50062047.0,Unguwar Gamji Clinic,Baure,Katsina,12.79591,8.740895,Measles,0,10.42,1,1
2026-08-11,50062047.0,Unguwar Gamji Clinic,Baure,Katsina,12.79591,8.740895,BCG,0,20.02,1,1
2026-08-11,50062047.0,Unguwar Gamji Clinic,Baure,Katsina,12.79591,8.740895,Penta,200,20.02,1,1
2026-08-11,50062047.0,Unguwar Gamji Clinic,Baure,Katsina,12.79591,8.740895,Measles,0,20.02,1,1
2026-08-12,50062047.0,Unguwar Gamji Clinic,Baure,Katsina,12.79591,8.740895,BCG,200,17.0,1,1
2026-08-12,50062047.0,Unguwar Gamji Clinic,Baure,Katsina,12.79591,8.740895,Penta,176,17.0,1,0
2026-08-12,50062047.0,Unguwar Gamji Clinic,Baure,Katsina,12.79591,8.740895,Measles,0,17.0,1,1
2026-08-13,50062047.0,Unguwar Gamji Clinic,Baure,Katsina,12.79591,8.740895,BCG,182,14.85,1,0
2026-08-13,50062047.0,Unguwar Gamji Clinic,Baure,Katsina,12.79591,8.740895,Penta,153,14.85,1,0
2026-08-13,50062047.0,Unguwar Gamji Clinic,Baure,Katsina,12.79591,8.740895,Measles,0,14.85,1,1
2026-08-21,50062047.0,Unguwar Gamji Clinic,Baure,Katsina,12.79591,8.740895,BCG,159,21.77,1,0
2026-08-21,50062047.0,Unguwar Gamji Clinic,Baure,Katsina,12.79591,8.740895,Penta,136,21.77,1,0
2026-08-21,50062047.0,Unguwar Gamji Clinic,Baure,Katsina,12.79591,8.740895,Measles,200,21.77,1,1
2026-08-22,50062047.0,Unguwar Gamji Clinic,Baure,Katsina,12.79591,8.740895,BCG,131,18.65,1,0
2026-08-22,50062047.0,Unguwar Gamji Clinic,Baure,Katsina,12.79591,8.740895,Penta,110,18.65,1,0
2026-08-22,50062047.0,Unguwar Gamji Clinic,Baure,Katsina,12.79591,8.740895,Measles,181,18.65,1,0
2026-08-24,50062047.0,Unguwar Gamji Clinic,Baure,Katsina,12.79591,8.740895,BCG,104,17.74,1,0
2026-08-24,50062047.0,Unguwar Gamji Clinic,Baure,Katsina,12.79591,8.740895,Penta,0,17.74,1,1
2026-08-24,50062047.0,Unguwar Gamji Clinic,Baure,Katsina,12.79591,8.740895,Measles,165,17.74,1,0
2026-08-26,50062047.0,Unguwar Gamji Clinic,Baure,Katsina,12.79591,8.740895,BCG,68,20.25,1,0
2026-08-26,50062047.0,Unguwar Gamji Clinic,Baure,Katsina,12.79591,8.740895,Penta,0,20.25,1,1
2026-08-26,50062047.0,Unguwar Gamji Clinic,Baure,Katsina,12.79591,8.740895,Measles,0,20.25,1,1
2026-08-27,50062047.0,Unguwar Gamji Clinic,Baure,Katsina,12.79591,8.740895,BCG,52,18.25,1,0
2026-08-27,50062047.0,Unguwar Gamji Clinic,Baure,Katsina,12.79591,8.740895,Penta,0,18.25,1,1
2026-08-27,50062047.0,Unguwar Gamji Clinic,Baure,Katsina,12.79591,8.740895,Measles,200,18.25,1,1
2026-08-01,16976460.0,Gimi Health Clinic,Bindawa,Katsina,12.72206667,7.830065,BCG,136,2.0,1,0
2026-08-01,16976460.0,Gimi Health Clinic,Bindawa,Katsina,12.72206667,7.830065,Penta,128,2.0,1,0
2026-08-01,16976460.0,Gimi Health Clinic,Bindawa,Katsina,12.72206667,7.830065,Measles,119,2.0,1,0
2026-08-05,16976460.0,Gimi Health Clinic,Bindawa,Katsina,12.72206667,7.830065,BCG,111,8.28,1,0
2026-08-05,16976460.0,Gimi Health Clinic,Bindawa,Katsina,12.72206667,7.830065,Penta,104,8.28,1,0
2026-08-05,16976460.0,Gimi Health Clinic,Bindawa,Katsina,12.72206667,7.830065,Measles,106,8.28,1,0
2026-08-07,16976460.0,Gimi Health Clinic,Bindawa,Katsina,12.72206667,7.830065,BCG,91,7.08,1,0
2026-08-07,16976460.0,Gimi Health Clinic,Bindawa,Katsina,12.72206667,7.830065,Penta,77,7.08,1,0
2026-08-07,16976460.0,Gimi Health Clinic,Bindawa,Katsina,12.72206667,7.830065,Measles,75,7.08,1,0
2026-08-08,16976460.0,Gimi Health Clinic,Bindawa,Katsina,12.72206667,7.830065,BCG,72,5.44,1,0
2026-08-08,16976460.0,Gimi Health Clinic,Bindawa,Katsina,12.72206667,7.830065,Penta,52,5.44,1,0
2026-08-08,16976460.0,Gimi Health Clinic,Bindawa,Katsina,12.72206667,7.830065,Measles,46,5.44,1,0
2026-08-12,16976460.0,Gimi Health Clinic,Bindawa,Katsina,12.72206667,7.830065,BCG,46,13.31,1,0
2026-08-12,16976460.0,Gimi Health Clinic,Bindawa,Katsina,12.72206667,7.830065,Penta,31,13.31,1,0
2026-08-12,16976460.0,Gimi Health Clinic,Bindawa,Katsina,12.72206667,7.830065,Measles,15,13.31,1,0
2026-08-15,16976460.0,Gimi Health Clinic,Bindawa,Katsina,12.72206667,7.830065,BCG,11,16.83,1,0
2026-08-15,16976460.0,Gimi Health Clinic,Bindawa,Katsina,12.72206667,7.830065,Penta,5,16.83,1,0
2026-08-15,16976460.0,Gimi Health Clinic,Bindawa,Katsina,12.72206667,7.830065,Measles,0,16.83,1,1
2026-08-19,16976460.0,Gimi Health Clinic,Bindawa,Katsina,12.72206667,7.830065,BCG,0,20.95,1,1
2026-08-19,16976460.0,Gimi Health Clinic,Bindawa,Katsina,12.72206667,7.830065,Penta,0,20.95,1,1
2026-08-19,16976460.0,Gimi Health Clinic,Bindawa,Katsina,12.72206667,7.830065,Measles,0,20.95,1,1
2026-08-21,16976460.0,Gimi Health Clinic,Bindawa,Katsina,12.72206667,7.830065,BCG,200,21.17,1,1
2026-08-21,16976460.0,Gimi Health Clinic,Bindawa,Katsina,12.72206667,7.830065,Penta,0,21.17,1,1
2026-08-21,16976460.0,Gimi Health Clinic,Bindawa,Katsina,12.72206667,7.830065,Measles,0,21.17,1,1
2026-08-04,21125892.0,Shaiskawa Maternity and Child Health Centre,Bindawa,Katsina,12.72466,7.861308333,BCG,122,11.55,1,0
2026-08-04,21125892.0,Shaiskawa Maternity and Child Health Centre,Bindawa,Katsina,12.72466,7.861308333,Penta,123,11.55,1,0
2026-08-04,21125892.0,Shaiskawa Maternity and Child Health Centre,Bindawa,Katsina,12.72466,7.861308333,Measles,125,11.55,1,0
2026-08-13,21125892.0,Shaiskawa Maternity and Child Health Centre,Bindawa,Katsina,12.72466,7.861308333,BCG,101,21.33,1,0
2026-08-13,21125892.0,Shaiskawa Maternity and Child Health Centre,Bindawa,Katsina,12.72466,7.861308333,Penta,200,21.33,1,1
2026-08-13,21125892.0,Shaiskawa Maternity and Child Health Centre,Bindawa,Katsina,12.72466,7.861308333,Measles,109,21.33,1,0
2026-08-17,21125892.0,Shaiskawa Maternity and Child Health Centre,Bindawa,Katsina,12.72466,7.861308333,BCG,0,21.08,1,1
2026-08-17,21125892.0,Shaiskawa Maternity and Child Health Centre,Bindawa,Katsina,12.72466,7.861308333,Penta,178,21.08,1,0
2026-08-17,21125892.0,Shaiskawa Maternity and Child Health Centre,Bindawa,Katsina,12.72466,7.861308333,Measles,0,21.08,1,1
2026-08-23,21125892.0,Shaiskawa Maternity and Child Health Centre,Bindawa,Katsina,12.72466,7.861308333,BCG,0,21.24,1,1
2026-08-23,21125892.0,Shaiskawa Maternity and Child Health Centre,Bindawa,Katsina,12.72466,7.861308333,Penta,0,21.24,1,1
2026-08-23,21125892.0,Shaiskawa Maternity and Child Health Centre,Bindawa,Katsina,12.72466,7.861308333,Measles,0,21.24,1,1
2026-08-29,21125892.0,Shaiskawa Maternity and Child Health Centre,Bindawa,Katsina,12.72466,7.861308333,BCG,0,21.29,1,1
2026-08-29,21125892.0,Shaiskawa Maternity and Child Health Centre,Bindawa,Katsina,12.72466,7.861308333,Penta,0,21.29,1,1
2026-08-29,21125892.0,Shaiskawa Maternity and Child Health Centre,Bindawa,Katsina,12.72466,7.861308333,Measles,200,21.29,1,1
2026-08-02,57756034.0,Old Tabanni Health Clinic,Birnin Gwari,Katsina,11.317399,7.011428,BCG,127,5.05,1,0
2026-08-02,57756034.0,Old Tabanni Health Clinic,Birnin Gwari,Katsina,11.317399,7.011428,Penta,127,5.05,1,0
2026-08-02,57756034.0,Old Tabanni Health Clinic,Birnin Gwari,Katsina,11.317399,7.011428,Measles,128,5.05,1,0
2026-08-09,57756034.0,Old Tabanni Health Clinic,Birnin Gwari,Katsina,11.317399,7.011428,BCG,99,21.87,1,0
2026-08-09,57756034.0,Old Tabanni Health Clinic,Birnin Gwari,Katsina,11.317399,7.011428,Penta,200,21.87,1,1
2026-08-09,57756034.0,Old Tabanni Health Clinic,Birnin Gwari,Katsina,11.317399,7.011428,Measles,102,21.87,1,0
2026-08-13,57756034.0,Old Tabanni Health Clinic,Birnin Gwari,Katsina,11.317399,7.011428,BCG,67,21.38,1,0
2026-08-13,57756034.0,Old Tabanni Health Clinic,Birnin Gwari,Katsina,11.317399,7.011428,Penta,180,21.38,1,0
2026-08-13,57756034.0,Old Tabanni Health Clinic,Birnin Gwari,Katsina,11.317399,7.011428,Measles,82,21.38,1,0
2026-08-21,57756034.0,Old Tabanni Health Clinic,Birnin Gwari,Katsina,11.317399,7.011428,BCG,0,21.22,1,1
2026-08-21,57756034.0,Old Tabanni Health Clinic,Birnin Gwari,Katsina,11.317399,7.011428,Penta,0,21.22,1,1
2026-08-21,57756034.0,Old Tabanni Health Clinic,Birnin Gwari,Katsina,11.317399,7.011428,Measles,58,21.22,1,0
2026-08-29,57756034.0,Old Tabanni Health Clinic,Birnin Gwari,Katsina,11.317399,7.011428,BCG,200,21.45,1,1
2026-08-29,57756034.0,Old Tabanni Health Clinic,Birnin Gwari,Katsina,11.317399,7.011428,Penta,0,21.45,1,1
2026-08-29,57756034.0,Old Tabanni Health Clinic,Birnin Gwari,Katsina,11.317399,7.011428,Measles,234,21.45,1,0
2026-08-06,,Dogara Health Clinic,Charanchi,Katsina,12.712076,7.619743,BCG,120,18.12,1,0
2026-08-06,,Dogara Health Clinic,Charanchi,Katsina,12.712076,7.619743,Penta,200,18.12,1,1
2026-08-06,,Dogara Health Clinic,Charanchi,Katsina,12.712076,7.619743,Measles,119,18.12,1,0
2026-08-10,,Dogara Health Clinic,Charanchi,Katsina,12.712076,7.619743,BCG,100,21.06,1,0
2026-08-10,,Dogara Health Clinic,Charanchi,Katsina,12.712076,7.619743,Penta,183,21.06,1,0
2026-08-10,,Dogara Health Clinic,Charanchi,Katsina,12.712076,7.619743,Measles,89,21.06,1,0
2026-08-12,,Dogara Health Clinic,Charanchi,Katsina,12.712076,7.619743,BCG,85,21.61,1,0
2026-08-12,,Dogara Health Clinic,Charanchi,Katsina,12.712076,7.619743,Penta,0,21.61,1,1
2026-08-12,,Dogara Health Clinic,Charanchi,Katsina,12.712076,7.619743,Measles,62,21.61,1,0
2026-08-15,,Dogara Health Clinic,Charanchi,Katsina,12.712076,7.619743,BCG,0,21.09,1,1
2026-08-15,,Dogara Health Clinic,Charanchi,Katsina,12.712076,7.619743,Penta,0,21.09,1,1
2026-08-15,,Dogara Health Clinic,Charanchi,Katsina,12.712076,7.619743,Measles,29,21.09,1,0
2026-08-17,,Dogara Health Clinic,Charanchi,Katsina,12.712076,7.619743,BCG,0,21.64,1,1
2026-08-17,,Dogara Health Clinic,Charanchi,Katsina,12.712076,7.619743,Penta,0,21.64,1,1
2026-08-17,,Dogara Health Clinic,Charanchi,Katsina,12.712076,7.619743,Measles,0,21.64,1,1
2026-08-13,47715441.0,Baran Gizo Health Clinic,Charanchi,Katsina,12.442526,7.706333,BCG,125,21.37,1,0
2026-08-13,47715441.0,Baran Gizo Health Clinic,Charanchi,Katsina,12.442526,7.706333,Penta,130,21.37,1,0
2026-08-13,47715441.0,Baran Gizo Health Clinic,Charanchi,Katsina,12.442526,7.706333,Measles,0,21.37,1,1
2026-08-19,47715441.0,Baran Gizo Health Clinic,Charanchi,Katsina,12.442526,7.706333,BCG,101,21.83,1,0
2026-08-19,47715441.0,Baran Gizo Health Clinic,Charanchi,Katsina,12.442526,7.706333,Penta,0,21.83,1,1
2026-08-19,47715441.0,Baran Gizo Health Clinic,Charanchi,Katsina,12.442526,7.706333,Measles,200,21.83,1,1
2026-08-28,47715441.0,Baran Gizo Health Clinic,Charanchi,Katsina,12.442526,7.706333,BCG,71,20.53,1,0
2026-08-28,47715441.0,Baran Gizo Health Clinic,Charanchi,Katsina,12.442526,7.706333,Penta,0,20.53,1,1
2026-08-28,47715441.0,Baran Gizo Health Clinic,Charanchi,Katsina,12.442526,7.706333,Measles,171,20.53,1,0
2026-08-04,,Dan Alkima Health Post,Dan Musa,Katsina,12.223565,7.351621,BCG,127,11.79,1,0
2026-08-04,,Dan Alkima Health Post,Dan Musa,Katsina,12.223565,7.351621,Penta,125,11.79,1,0
2026-08-04,,Dan Alkima Health Post,Dan Musa,Katsina,12.223565,7.351621,Measles,127,11.79,1,0
2026-08-16,,Dan Alkima Health Post,Dan Musa,Katsina,12.223565,7.351621,BCG,106,21.49,1,0
2026-08-16,,Dan Alkima Health Post,Dan Musa,Katsina,12.223565,7.351621,Penta,97,21.49,1,0
2026-08-16,,Dan Alkima Health Post,Dan Musa,Katsina,12.223565,7.351621,Measles,91,21.49,1,0
2026-08-18,,Dan Alkima Health Post,Dan Musa,Katsina,12.223565,7.351621,BCG,80,21.46,1,0
2026-08-18,,Dan Alkima Health Post,Dan Musa,Katsina,12.223565,7.351621,Penta,70,21.46,1,0
2026-08-18,,Dan Alkima Health Post,Dan Musa,Katsina,12.223565,7.351621,Measles,61,21.46,1,0
2026-08-22,,Dan Alkima Health Post,Dan Musa,Katsina,12.223565,7.351621,BCG,58,21.22,1,0
2026-08-22,,Dan Alkima Health Post,Dan Musa,Katsina,12.223565,7.351621,Penta,45,21.22,1,0
2026-08-22,,Dan Alkima Health Post,Dan Musa,Katsina,12.223565,7.351621,Measles,200,21.22,1,1
2026-08-27,,Dan Alkima Health Post,Dan Musa,Katsina,12.223565,7.351621,BCG,31,21.14,1,0
2026-08-27,,Dan Alkima Health Post,Dan Musa,Katsina,12.223565,7.351621,Penta,19,21.14,1,0
2026-08-27,,Dan Alkima Health Post,Dan Musa,Katsina,12.223565,7.351621,Measles,0,21.14,1,1
2026-08-29,,Dan Alkima Health Post,Dan Musa,Katsina,12.223565,7.351621,BCG,0,22.06,1,1
2026-08-29,,Dan Alkima Health Post,Dan Musa,Katsina,12.223565,7.351621,Penta,0,22.06,1,1
2026-08-29,,Dan Alkima Health Post,Dan Musa,Katsina,12.223565,7.351621,Measles,0,22.06,1,1
2026-08-30,,Dan Alkima Health Post,Dan Musa,Katsina,12.223565,7.351621,BCG,0,20.08,1,1
2026-08-30,,Dan Alkima Health Post,Dan Musa,Katsina,12.223565,7.351621,Penta,0,20.08,1,1
2026-08-30,,Dan Alkima Health Post,Dan Musa,Katsina,12.223565,7.351621,Measles,0,20.08,1,1
2026-08-01,39943751.0,Dan Ali Primary Health Center,Dan Musa,Katsina,12.1342433,7.5232167,BCG,129,2.0,1,0
2026-08-01,39943751.0,Dan Ali Primary Health Center,Dan Musa,Katsina,12.1342433,7.5232167,Penta,119,2.0,1,0
2026-08-01,39943751.0,Dan Ali Primary Health Center,Dan Musa,Katsina,12.1342433,7.5232167,Measles,127,2.0,1,0
2026-08-07,39943751.0,Dan Ali Primary Health Center,Dan Musa,Katsina,12.1342433,7.5232167,BCG,96,20.21,1,0
2026-08-07,39943751.0,Dan Ali Primary Health Center,Dan Musa,Katsina,12.1342433,7.5232167,Penta,0,20.21,1,1
2026-08-07,39943751.0,Dan Ali Primary Health Center,Dan Musa,Katsina,12.1342433,7.5232167,Measles,98,20.21,1,0
2026-08-11,39943751.0,Dan Ali Primary Health Center,Dan Musa,Katsina,12.1342433,7.5232167,BCG,67,21.35,1,0
2026-08-11,39943751.0,Dan Ali Primary Health Center,Dan Musa,Katsina,12.1342433,7.5232167,Penta,0,21.35,1,1
2026-08-11,39943751.0,Dan Ali Primary Health Center,Dan Musa,Katsina,12.1342433,7.5232167,Measles,75,21.35,1,0
2026-08-19,39943751.0,Dan Ali Primary Health Center,Dan Musa,Katsina,12.1342433,7.5232167,BCG,45,20.75,1,0
2026-08-19,39943751.0,Dan Ali Primary Health Center,Dan Musa,Katsina,12.1342433,7.5232167,Penta,0,20.75,1,1
2026-08-19,39943751.0,Dan Ali Primary Health Center,Dan Musa,Katsina,12.1342433,7.5232167,Measles,53,20.75,1,0
2026-08-20,39943751.0,Dan Ali Primary Health Center,Dan Musa,Katsina,12.1342433,7.5232167,BCG,20,17.67,1,0
2026-08-20,39943751.0,Dan Ali Primary Health Center,Dan Musa,Katsina,12.1342433,7.5232167,Penta,0,17.67,1,1
2026-08-20,39943751.0,Dan Ali Primary Health Center,Dan Musa,Katsina,12.1342433,7.5232167,Measles,28,17.67,1,0
2026-08-22,39943751.0,Dan Ali Primary Health Center,Dan Musa,Katsina,12.1342433,7.5232167,BCG,0,19.03,1,1
2026-08-22,39943751.0,Dan Ali Primary Health Center,Dan Musa,Katsina,12.1342433,7.5232167,Penta,0,19.03,1,1
2026-08-22,39943751.0,Dan Ali Primary Health Center,Dan Musa,Katsina,12.1342433,7.5232167,Measles,1,19.03,1,0
2026-08-24,39943751.0,Dan Ali Primary Health Center,Dan Musa,Katsina,12.1342433,7.5232167,BCG,0,18.43,1,1
2026-08-24,39943751.0,Dan Ali Primary Health Center,Dan Musa,Katsina,12.1342433,7.5232167,Penta,0,18.43,1,1
2026-08-24,39943751.0,Dan Ali Primary Health Center,Dan Musa,Katsina,12.1342433,7.5232167,Measles,200,18.43,1,1
2026-08-26,39943751.0,Dan Ali Primary Health Center,Dan Musa,Katsina,12.1342433,7.5232167,BCG,0,18.91,1,1
2026-08-26,39943751.0,Dan Ali Primary Health Center,Dan Musa,Katsina,12.1342433,7.5232167,Penta,200,18.91,1,1
2026-08-26,39943751.0,Dan Ali Primary Health Center,Dan Musa,Katsina,12.1342433,7.5232167,Measles,180,18.91,1,0
2026-08-06,43512946.0,Magaji Wando Primary Health Center,Dandume,Katsina,11.3333791,7.2013383,BCG,134,22.01,1,0
2026-08-06,43512946.0,Magaji Wando Primary Health Center,Dandume,Katsina,11.3333791,7.2013383,Penta,122,22.01,1,0
2026-08-06,43512946.0,Magaji Wando Primary Health Center,Dandume,Katsina,11.3333791,7.2013383,Measles,131,22.01,1,0
2026-08-11,43512946.0,Magaji Wando Primary Health Center,Dandume,Katsina,11.3333791,7.2013383,BCG,108,21.36,1,0
2026-08-11,43512946.0,Magaji Wando Primary Health Center,Dandume,Katsina,11.3333791,7.2013383,Penta,94,21.36,1,0
2026-08-11,43512946.0,Magaji Wando Primary Health Center,Dandume,Katsina,11.3333791,7.2013383,Measles,109,21.36,1,0
2026-08-13,43512946.0,Magaji Wando Primary Health Center,Dandume,Katsina,11.3333791,7.2013383,BCG,86,21.79,1,0
2026-08-13,43512946.0,Magaji Wando Primary Health Center,Dandume,Katsina,11.3333791,7.2013383,Penta,63,21.79,1,0
2026-08-13,43512946.0,Magaji Wando Primary Health Center,Dandume,Katsina,11.3333791,7.2013383,Measles,0,21.79,1,1
2026-08-15,43512946.0,Magaji Wando Primary Health Center,Dandume,Katsina,11.3333791,7.2013383,BCG,60,20.53,1,0
2026-08-15,43512946.0,Magaji Wando Primary Health Center,Dandume,Katsina,11.3333791,7.2013383,Penta,40,20.53,1,0
2026-08-15,43512946.0,Magaji Wando Primary Health Center,Dandume,Katsina,11.3333791,7.2013383,Measles,0,20.53,1,1
2026-08-25,43512946.0,Magaji Wando Primary Health Center,Dandume,Katsina,11.3333791,7.2013383,BCG,0,20.49,1,1
2026-08-25,43512946.0,Magaji Wando Primary Health Center,Dandume,Katsina,11.3333791,7.2013383,Penta,0,20.49,1,1
2026-08-25,43512946.0,Magaji Wando Primary Health Center,Dandume,Katsina,11.3333791,7.2013383,Measles,0,20.49,1,1
2026-08-03,69707400.0,Dugun Sambo Health Clinic,Dandume,Katsina,11.4477691,7.084358,BCG,126,9.33,1,0
2026-08-03,69707400.0,Dugun Sambo Health Clinic,Dandume,Katsina,11.4477691,7.084358,Penta,123,9.33,1,0
2026-08-03,69707400.0,Dugun Sambo Health Clinic,Dandume,Katsina,11.4477691,7.084358,Measles,124,9.33,1,0
2026-08-05,69707400.0,Dugun Sambo Health Clinic,Dandume,Katsina,11.4477691,7.084358,BCG,95,11.8,1,0
2026-08-05,69707400.0,Dugun Sambo Health Clinic,Dandume,Katsina,11.4477691,7.084358,Penta,95,11.8,1,0
2026-08-05,69707400.0,Dugun Sambo Health Clinic,Dandume,Katsina,11.4477691,7.084358,Measles,98,11.8,1,0
2026-08-09,69707400.0,Dugun Sambo Health Clinic,Dandume,Katsina,11.4477691,7.084358,BCG,60,17.42,1,0
2026-08-09,69707400.0,Dugun Sambo Health Clinic,Dandume,Katsina,11.4477691,7.084358,Penta,69,17.42,1,0
2026-08-09,69707400.0,Dugun Sambo Health Clinic,Dandume,Katsina,11.4477691,7.084358,Measles,200,17.42,1,1
2026-08-10,69707400.0,Dugun Sambo Health Clinic,Dandume,Katsina,11.4477691,7.084358,BCG,200,14.37,1,1
2026-08-10,69707400.0,Dugun Sambo Health Clinic,Dandume,Katsina,11.4477691,7.084358,Penta,38,14.37,1,0
2026-08-10,69707400.0,Dugun Sambo Health Clinic,Dandume,Katsina,11.4477691,7.084358,Measles,178,14.37,1,0
2026-08-16,69707400.0,Dugun Sambo Health Clinic,Dandume,Katsina,11.4477691,7.084358,BCG,178,20.58,1,0
2026-08-16,69707400.0,Dugun Sambo Health Clinic,Dandume,Katsina,11.4477691,7.084358,Penta,13,20.58,1,0
2026-08-16,69707400.0,Dugun Sambo Health Clinic,Dandume,Katsina,11.4477691,7.084358,Measles,153,20.58,1,0
2026-08-17,69707400.0,Dugun Sambo Health Clinic,Dandume,Katsina,11.4477691,7.084358,BCG,148,17.74,1,0
2026-08-17,69707400.0,Dugun Sambo Health Clinic,Dandume,Katsina,11.4477691,7.084358,Penta,0,17.74,1,1
2026-08-17,69707400.0,Dugun Sambo Health Clinic,Dandume,Katsina,11.4477691,7.084358,Measles,0,17.74,1,1
2026-08-19,69707400.0,Dugun Sambo Health Clinic,Dandume,Katsina,11.4477691,7.084358,BCG,125,18.55,1,0
2026-08-19,69707400.0,Dugun Sambo Health Clinic,Dandume,Katsina,11.4477691,7.084358,Penta,0,18.55,1,1
2026-08-19,69707400.0,Dugun Sambo Health Clinic,Dandume,Katsina,11.4477691,7.084358,Measles,0,18.55,1,1
2026-08-22,69707400.0,Dugun Sambo Health Clinic,Dandume,Katsina,11.4477691,7.084358,BCG,99,20.76,1,0
2026-08-22,69707400.0,Dugun Sambo Health Clinic,Dandume,Katsina,11.4477691,7.084358,Penta,0,20.76,1,1
2026-08-22,69707400.0,Dugun Sambo Health Clinic,Dandume,Katsina,11.4477691,7.084358,Measles,0,20.76,1,1
2026-08-28,69707400.0,Dugun Sambo Health Clinic,Dandume,Katsina,11.4477691,7.084358,BCG,78,20.32,1,0
2026-08-28,69707400.0,Dugun Sambo Health Clinic,Dandume,Katsina,11.4477691,7.084358,Penta,0,20.32,1,1
2026-08-28,69707400.0,Dugun Sambo Health Clinic,Dandume,Katsina,11.4477691,7.084358,Measles,0,20.32,1,1
2026-08-11,22792649.0,Layin Dorayi Health Clinic,Danja,Katsina,11.38841,7.497637,BCG,130,20.49,1,0
2026-08-11,22792649.0,Layin Dorayi Health Clinic,Danja,Katsina,11.38841,7.497637,Penta,112,20.49,1,0
2026-08-11,22792649.0,Layin Dorayi Health Clinic,Danja,Katsina,11.38841,7.497637,Measles,128,20.49,1,0
2026-08-12,22792649.0,Layin Dorayi Health Clinic,Danja,Katsina,11.38841,7.497637,BCG,107,17.32,1,0
2026-08-12,22792649.0,Layin Dorayi Health Clinic,Danja,Katsina,11.38841,7.497637,Penta,79,17.32,1,0
2026-08-12,22792649.0,Layin Dorayi Health Clinic,Danja,Katsina,11.38841,7.497637,Measles,107,17.32,1,0
2026-08-14,22792649.0,Layin Dorayi Health Clinic,Danja,Katsina,11.38841,7.497637,BCG,200,17.05,1,1
2026-08-14,22792649.0,Layin Dorayi Health Clinic,Danja,Katsina,11.38841,7.497637,Penta,54,17.05,1,0
2026-08-14,22792649.0,Layin Dorayi Health Clinic,Danja,Katsina,11.38841,7.497637,Measles,84,17.05,1,0
2026-08-24,22792649.0,Layin Dorayi Health Clinic,Danja,Katsina,11.38841,7.497637,BCG,173,21.02,1,0
2026-08-24,22792649.0,Layin Dorayi Health Clinic,Danja,Katsina,11.38841,7.497637,Penta,32,21.02,1,0
2026-08-24,22792649.0,Layin Dorayi Health Clinic,Danja,Katsina,11.38841,7.497637,Measles,58,21.02,1,0
2026-08-25,22792649.0,Layin Dorayi Health Clinic,Danja,Katsina,11.38841,7.497637,BCG,145,19.4,1,0
2026-08-25,22792649.0,Layin Dorayi Health Clinic,Danja,Katsina,11.38841,7.497637,Penta,18,19.4,1,0
2026-08-25,22792649.0,Layin Dorayi Health Clinic,Danja,Katsina,11.38841,7.497637,Measles,34,19.4,1,0
2026-08-28,22792649.0,Layin Dorayi Health Clinic,Danja,Katsina,11.38841,7.497637,BCG,122,21.43,1,0
2026-08-28,22792649.0,Layin Dorayi Health Clinic,Danja,Katsina,11.38841,7.497637,Penta,0,21.43,1,1
2026-08-28,22792649.0,Layin Dorayi Health Clinic,Danja,Katsina,11.38841,7.497637,Measles,6,21.43,1,0
2026-08-17,83036481.0,Barmo Health Clinic,Danja,Katsina,11.34487,7.71029,BCG,130,21.79,1,0
2026-08-17,83036481.0,Barmo Health Clinic,Danja,Katsina,11.34487,7.71029,Penta,131,21.79,1,0
2026-08-17,83036481.0,Barmo Health Clinic,Danja,Katsina,11.34487,7.71029,Measles,0,21.79,1,1
2026-08-30,83036481.0,Barmo Health Clinic,Danja,Katsina,11.34487,7.71029,BCG,112,21.5,1,0
2026-08-30,83036481.0,Barmo Health Clinic,Danja,Katsina,11.34487,7.71029,Penta,114,21.5,1,0
2026-08-30,83036481.0,Barmo Health Clinic,Danja,Katsina,11.34487,7.71029,Measles,0,21.5,1,1
2026-08-02,72989809.0,Kanti Maternity and  Child Health Clinic,Daura,Katsina,13.02732,8.3318167,BCG,122,3.49,1,0
2026-08-02,72989809.0,Kanti Maternity and  Child Health Clinic,Daura,Katsina,13.02732,8.3318167,Penta,121,3.49,1,0
2026-08-02,72989809.0,Kanti Maternity and  Child Health Clinic,Daura,Katsina,13.02732,8.3318167,Measles,128,3.49,1,0
2026-08-03,72989809.0,Kanti Maternity and  Child Health Clinic,Daura,Katsina,13.02732,8.3318167,BCG,91,2.13,1,0
2026-08-03,72989809.0,Kanti Maternity and  Child Health Clinic,Daura,Katsina,13.02732,8.3318167,Penta,103,2.13,1,0
2026-08-03,72989809.0,Kanti Maternity and  Child Health Clinic,Daura,Katsina,13.02732,8.3318167,Measles,111,2.13,1,0
2026-08-05,72989809.0,Kanti Maternity and  Child Health Clinic,Daura,Katsina,13.02732,8.3318167,BCG,65,2.0,1,0
2026-08-05,72989809.0,Kanti Maternity and  Child Health Clinic,Daura,Katsina,13.02732,8.3318167,Penta,82,2.0,1,0
2026-08-05,72989809.0,Kanti Maternity and  Child Health Clinic,Daura,Katsina,13.02732,8.3318167,Measles,97,2.0,1,0
2026-08-09,72989809.0,Kanti Maternity and  Child Health Clinic,Daura,Katsina,13.02732,8.3318167,BCG,38,10.04,1,0
2026-08-09,72989809.0,Kanti Maternity and  Child Health Clinic,Daura,Katsina,13.02732,8.3318167,Penta,60,10.04,1,0
2026-08-09,72989809.0,Kanti Maternity and  Child Health Clinic,Daura,Katsina,13.02732,8.3318167,Measles,74,10.04,1,0
2026-08-24,72989809.0,Kanti Maternity and  Child Health Clinic,Daura,Katsina,13.02732,8.3318167,BCG,16,20.92,1,0
2026-08-24,72989809.0,Kanti Maternity and  Child Health Clinic,Daura,Katsina,13.02732,8.3318167,Penta,226,20.92,1,0
2026-08-24,72989809.0,Kanti Maternity and  Child Health Clinic,Daura,Katsina,13.02732,8.3318167,Measles,48,20.92,1,0
2026-08-25,72989809.0,Kanti Maternity and  Child Health Clinic,Daura,Katsina,13.02732,8.3318167,BCG,0,18.02,1,1
2026-08-25,72989809.0,Kanti Maternity and  Child Health Clinic,Daura,Katsina,13.02732,8.3318167,Penta,0,18.02,1,1
2026-08-25,72989809.0,Kanti Maternity and  Child Health Clinic,Daura,Katsina,13.02732,8.3318167,Measles,22,18.02,1,0
2026-08-26,72989809.0,Kanti Maternity and  Child Health Clinic,Daura,Katsina,13.02732,8.3318167,BCG,0,14.92,1,1
2026-08-26,72989809.0,Kanti Maternity and  Child Health Clinic,Daura,Katsina,13.02732,8.3318167,Penta,0,14.92,1,1
2026-08-26,72989809.0,Kanti Maternity and  Child Health Clinic,Daura,Katsina,13.02732,8.3318167,Measles,0,14.92,1,1
2026-08-01,,Low Cost Health Clinic,Daura,Katsina,13.024766,8.308871,BCG,126,2.0,1,0
2026-08-01,,Low Cost Health Clinic,Daura,Katsina,13.024766,8.308871,Penta,117,2.0,1,0
2026-08-01,,Low Cost Health Clinic,Daura,Katsina,13.024766,8.308871,Measles,124,2.0,1,0
2026-08-03,,Low Cost Health Clinic,Daura,Katsina,13.024766,8.308871,BCG,101,3.43,1,0
2026-08-03,,Low Cost Health Clinic,Daura,Katsina,13.024766,8.308871,Penta,98,3.43,1,0
2026-08-03,,Low Cost Health Clinic,Daura,Katsina,13.024766,8.308871,Measles,107,3.43,1,0
2026-08-04,,Low Cost Health Clinic,Daura,Katsina,13.024766,8.308871,BCG,70,2.0,1,0
2026-08-04,,Low Cost Health Clinic,Daura,Katsina,13.024766,8.308871,Penta,74,2.0,1,0
2026-08-04,,Low Cost Health Clinic,Daura,Katsina,13.024766,8.308871,Measles,85,2.0,1,0
2026-08-05,,Low Cost Health Clinic,Daura,Katsina,13.024766,8.308871,BCG,43,2.0,1,0
2026-08-05,,Low Cost Health Clinic,Daura,Katsina,13.024766,8.308871,Penta,51,2.0,1,0
2026-08-05,,Low Cost Health Clinic,Daura,Katsina,13.024766,8.308871,Measles,57,2.0,1,0
2026-08-17,,Low Cost Health Clinic,Daura,Katsina,13.024766,8.308871,BCG,18,20.96,1,0
2026-08-17,,Low Cost Health Clinic,Daura,Katsina,13.024766,8.308871,Penta,225,20.96,1,0
2026-08-17,,Low Cost Health Clinic,Daura,Katsina,13.024766,8.308871,Measles,31,20.96,1,0
2026-08-18,,Low Cost Health Clinic,Daura,Katsina,13.024766,8.308871,BCG,200,18.05,1,1
2026-08-18,,Low Cost Health Clinic,Daura,Katsina,13.024766,8.308871,Penta,194,18.05,1,0
2026-08-18,,Low Cost Health Clinic,Daura,Katsina,13.024766,8.308871,Measles,0,18.05,1,1
2026-08-20,,Low Cost Health Clinic,Daura,Katsina,13.024766,8.308871,BCG,172,18.44,1,0
2026-08-20,,Low Cost Health Clinic,Daura,Katsina,13.024766,8.308871,Penta,174,18.44,1,0
2026-08-20,,Low Cost Health Clinic,Daura,Katsina,13.024766,8.308871,Measles,0,18.44,1,1
2026-08-28,,Low Cost Health Clinic,Daura,Katsina,13.024766,8.308871,BCG,157,22.92,1,0
2026-08-28,,Low Cost Health Clinic,Daura,Katsina,13.024766,8.308871,Penta,150,22.92,1,0
2026-08-28,,Low Cost Health Clinic,Daura,Katsina,13.024766,8.308871,Measles,0,22.92,1,1
2026-08-30,,Low Cost Health Clinic,Daura,Katsina,13.024766,8.308871,BCG,200,21.12,1,1
2026-08-30,,Low Cost Health Clinic,Daura,Katsina,13.024766,8.308871,Penta,122,21.12,1,0
2026-08-30,,Low Cost Health Clinic,Daura,Katsina,13.024766,8.308871,Measles,0,21.12,1,1
2026-08-02,72865508.0,Kantutdu Health Clinic,Dutsi,Katsina,12.93783,8.154572,BCG,125,6.44,1,0
2026-08-02,72865508.0,Kantutdu Health Clinic,Dutsi,Katsina,12.93783,8.154572,Penta,121,6.44,1,0
2026-08-02,72865508.0,Kantutdu Health Clinic,Dutsi,Katsina,12.93783,8.154572,Measles,126,6.44,1,0
2026-08-07,72865508.0,Kantutdu Health Clinic,Dutsi,Katsina,12.93783,8.154572,BCG,101,19.26,1,0
2026-08-07,72865508.0,Kantutdu Health Clinic,Dutsi,Katsina,12.93783,8.154572,Penta,103,19.26,1,0
2026-08-07,72865508.0,Kantutdu Health Clinic,Dutsi,Katsina,12.93783,8.154572,Measles,94,19.26,1,0
2026-08-23,72865508.0,Kantutdu Health Clinic,Dutsi,Katsina,12.93783,8.154572,BCG,200,21.75,1,1
2026-08-23,72865508.0,Kantutdu Health Clinic,Dutsi,Katsina,12.93783,8.154572,Penta,66,21.75,1,0
2026-08-23,72865508.0,Kantutdu Health Clinic,Dutsi,Katsina,12.93783,8.154572,Measles,70,21.75,1,0
2026-08-25,72865508.0,Kantutdu Health Clinic,Dutsi,Katsina,12.93783,8.154572,BCG,176,21.93,1,0
2026-08-25,72865508.0,Kantutdu Health Clinic,Dutsi,Katsina,12.93783,8.154572,Penta,0,21.93,1,1
2026-08-25,72865508.0,Kantutdu Health Clinic,Dutsi,Katsina,12.93783,8.154572,Measles,0,21.93,1,1
2026-08-10,,Shargalle Health Clinic,Dutsi,Katsina,12.96554,8.18839,BCG,0,21.02,1,1
2026-08-10,,Shargalle Health Clinic,Dutsi,Katsina,12.96554,8.18839,Penta,129,21.02,1,0
2026-08-10,,Shargalle Health Clinic,Dutsi,Katsina,12.96554,8.18839,Measles,200,21.02,1,1
2026-08-11,,Shargalle Health Clinic,Dutsi,Katsina,12.96554,8.18839,BCG,0,18.93,1,1
2026-08-11,,Shargalle Health Clinic,Dutsi,Katsina,12.96554,8.18839,Penta,99,18.93,1,0
2026-08-11,,Shargalle Health Clinic,Dutsi,Katsina,12.96554,8.18839,Measles,0,18.93,1,1
2026-08-12,,Shargalle Health Clinic,Dutsi,Katsina,12.96554,8.18839,BCG,0,16.45,1,1
2026-08-12,,Shargalle Health Clinic,Dutsi,Katsina,12.96554,8.18839,Penta,70,16.45,1,0
2026-08-12,,Shargalle Health Clinic,Dutsi,Katsina,12.96554,8.18839,Measles,0,16.45,1,1
2026-08-18,,Shargalle Health Clinic,Dutsi,Katsina,12.96554,8.18839,BCG,0,21.3,1,1
2026-08-18,,Shargalle Health Clinic,Dutsi,Katsina,12.96554,8.18839,Penta,47,21.3,1,0
2026-08-18,,Shargalle Health Clinic,Dutsi,Katsina,12.96554,8.18839,Measles,0,21.3,1,1
2026-08-22,,Shargalle Health Clinic,Dutsi,Katsina,12.96554,8.18839,BCG,0,20.61,1,1
2026-08-22,,Shargalle Health Clinic,Dutsi,Katsina,12.96554,8.18839,Penta,24,20.61,1,0
2026-08-22,,Shargalle Health Clinic,Dutsi,Katsina,12.96554,8.18839,Measles,0,20.61,1,1
2026-08-25,,Shargalle Health Clinic,Dutsi,Katsina,12.96554,8.18839,BCG,0,21.51,1,1
2026-08-25,,Shargalle Health Clinic,Dutsi,Katsina,12.96554,8.18839,Penta,5,21.51,1,0
2026-08-25,,Shargalle Health Clinic,Dutsi,Katsina,12.96554,8.18839,Measles,0,21.51,1,1
2026-08-04,,Lezimawa Health Clinic,Dutsin-Ma,Katsina,12.40246141,7.430670967,BCG,128,12.15,1,0
2026-08-04,,Lezimawa Health Clinic,Dutsin-Ma,Katsina,12.40246141,7.430670967,Penta,127,12.15,1,0
2026-08-04,,Lezimawa Health Clinic,Dutsin-Ma,Katsina,12.40246141,7.430670967,Measles,128,12.15,1,0
2026-08-06,,Lezimawa Health Clinic,Dutsin-Ma,Katsina,12.40246141,7.430670967,BCG,102,11.95,1,0
2026-08-06,,Lezimawa Health Clinic,Dutsin-Ma,Katsina,12.40246141,7.430670967,Penta,100,11.95,1,0
2026-08-06,,Lezimawa Health Clinic,Dutsin-Ma,Katsina,12.40246141,7.430670967,Measles,101,11.95,1,0
2026-08-11,,Lezimawa Health Clinic,Dutsin-Ma,Katsina,12.40246141,7.430670967,BCG,200,21.72,1,1
2026-08-11,,Lezimawa Health Clinic,Dutsin-Ma,Katsina,12.40246141,7.430670967,Penta,86,21.72,1,0
2026-08-11,,Lezimawa Health Clinic,Dutsin-Ma,Katsina,12.40246141,7.430670967,Measles,77,21.72,1,0
2026-08-17,,Lezimawa Health Clinic,Dutsin-Ma,Katsina,12.40246141,7.430670967,BCG,178,21.15,1,0
2026-08-17,,Lezimawa Health Clinic,Dutsin-Ma,Katsina,12.40246141,7.430670967,Penta,61,21.15,1,0
2026-08-17,,Lezimawa Health Clinic,Dutsin-Ma,Katsina,12.40246141,7.430670967,Measles,55,21.15,1,0
2026-08-23,,Lezimawa Health Clinic,Dutsin-Ma,Katsina,12.40246141,7.430670967,BCG,148,20.66,1,0
2026-08-23,,Lezimawa Health Clinic,Dutsin-Ma,Katsina,12.40246141,7.430670967,Penta,0,20.66,1,1
2026-08-23,,Lezimawa Health Clinic,Dutsin-Ma,Katsina,12.40246141,7.430670967,Measles,29,20.66,1,0
2026-08-24,,Lezimawa Health Clinic,Dutsin-Ma,Katsina,12.40246141,7.430670967,BCG,0,18.01,1,1
2026-08-24,,Lezimawa Health Clinic,Dutsin-Ma,Katsina,12.40246141,7.430670967,Penta,0,18.01,1,1
2026-08-24,,Lezimawa Health Clinic,Dutsin-Ma,Katsina,12.40246141,7.430670967,Measles,207,18.01,1,0
2026-08-03,63750920.0,Takatsaba Health Clinic,Dutsin-Ma,Katsina,12.400705,7.483636667,BCG,123,7.6,1,0
2026-08-03,63750920.0,Takatsaba Health Clinic,Dutsin-Ma,Katsina,12.400705,7.483636667,Penta,129,7.6,1,0
2026-08-03,63750920.0,Takatsaba Health Clinic,Dutsin-Ma,Katsina,12.400705,7.483636667,Measles,122,7.6,1,0
2026-08-04,63750920.0,Takatsaba Health Clinic,Dutsin-Ma,Katsina,12.400705,7.483636667,BCG,98,4.26,1,0
2026-08-04,63750920.0,Takatsaba Health Clinic,Dutsin-Ma,Katsina,12.400705,7.483636667,Penta,96,4.26,1,0
2026-08-04,63750920.0,Takatsaba Health Clinic,Dutsin-Ma,Katsina,12.400705,7.483636667,Measles,103,4.26,1,0
2026-08-10,63750920.0,Takatsaba Health Clinic,Dutsin-Ma,Katsina,12.400705,7.483636667,BCG,73,17.84,1,0
2026-08-10,63750920.0,Takatsaba Health Clinic,Dutsin-Ma,Katsina,12.400705,7.483636667,Penta,62,17.84,1,0
2026-08-10,63750920.0,Takatsaba Health Clinic,Dutsin-Ma,Katsina,12.400705,7.483636667,Measles,81,17.84,1,0
2026-08-15,63750920.0,Takatsaba Health Clinic,Dutsin-Ma,Katsina,12.400705,7.483636667,BCG,247,21.18,1,0
2026-08-15,63750920.0,Takatsaba Health Clinic,Dutsin-Ma,Katsina,12.400705,7.483636667,Penta,0,21.18,1,1
2026-08-15,63750920.0,Takatsaba Health Clinic,Dutsin-Ma,Katsina,12.400705,7.483636667,Measles,57,21.18,1,0
2026-08-19,63750920.0,Takatsaba Health Clinic,Dutsin-Ma,Katsina,12.400705,7.483636667,BCG,0,21.64,1,1
2026-08-19,63750920.0,Takatsaba Health Clinic,Dutsin-Ma,Katsina,12.400705,7.483636667,Penta,0,21.64,1,1
2026-08-19,63750920.0,Takatsaba Health Clinic,Dutsin-Ma,Katsina,12.400705,7.483636667,Measles,0,21.64,1,1
2026-08-20,63750920.0,Takatsaba Health Clinic,Dutsin-Ma,Katsina,12.400705,7.483636667,BCG,0,19.05,1,1
2026-08-20,63750920.0,Takatsaba Health Clinic,Dutsin-Ma,Katsina,12.400705,7.483636667,Penta,0,19.05,1,1
2026-08-20,63750920.0,Takatsaba Health Clinic,Dutsin-Ma,Katsina,12.400705,7.483636667,Measles,0,19.05,1,1
2026-08-22,63750920.0,Takatsaba Health Clinic,Dutsin-Ma,Katsina,12.400705,7.483636667,BCG,0,16.15,1,1
2026-08-22,63750920.0,Takatsaba Health Clinic,Dutsin-Ma,Katsina,12.400705,7.483636667,Penta,0,16.15,1,1
2026-08-22,63750920.0,Takatsaba Health Clinic,Dutsin-Ma,Katsina,12.400705,7.483636667,Measles,200,16.15,1,1
2026-08-08,16180368.0,Unguwar Mai Dawa Health Clinic,Faskari,Katsina,11.782342,7.037581,BCG,122,21.37,1,0
2026-08-08,16180368.0,Unguwar Mai Dawa Health Clinic,Faskari,Katsina,11.782342,7.037581,Penta,121,21.37,1,0
2026-08-08,16180368.0,Unguwar Mai Dawa Health Clinic,Faskari,Katsina,11.782342,7.037581,Measles,125,21.37,1,0
2026-08-14,16180368.0,Unguwar Mai Dawa Health Clinic,Faskari,Katsina,11.782342,7.037581,BCG,89,22.55,1,0
2026-08-14,16180368.0,Unguwar Mai Dawa Health Clinic,Faskari,Katsina,11.782342,7.037581,Penta,97,22.55,1,0
2026-08-14,16180368.0,Unguwar Mai Dawa Health Clinic,Faskari,Katsina,11.782342,7.037581,Measles,103,22.55,1,0
2026-08-17,16180368.0,Unguwar Mai Dawa Health Clinic,Faskari,Katsina,11.782342,7.037581,BCG,67,20.03,1,0
2026-08-17,16180368.0,Unguwar Mai Dawa Health Clinic,Faskari,Katsina,11.782342,7.037581,Penta,63,20.03,1,0
2026-08-17,16180368.0,Unguwar Mai Dawa Health Clinic,Faskari,Katsina,11.782342,7.037581,Measles,75,20.03,1,0
2026-08-18,16180368.0,Unguwar Mai Dawa Health Clinic,Faskari,Katsina,11.782342,7.037581,BCG,42,16.39,1,0
2026-08-18,16180368.0,Unguwar Mai Dawa Health Clinic,Faskari,Katsina,11.782342,7.037581,Penta,0,16.39,1,1
2026-08-18,16180368.0,Unguwar Mai Dawa Health Clinic,Faskari,Katsina,11.782342,7.037581,Measles,53,16.39,1,0
2026-08-20,16180368.0,Unguwar Mai Dawa Health Clinic,Faskari,Katsina,11.782342,7.037581,BCG,0,16.96,1,1
2026-08-20,16180368.0,Unguwar Mai Dawa Health Clinic,Faskari,Katsina,11.782342,7.037581,Penta,0,16.96,1,1
2026-08-20,16180368.0,Unguwar Mai Dawa Health Clinic,Faskari,Katsina,11.782342,7.037581,Measles,233,16.96,1,0
2026-08-26,16180368.0,Unguwar Mai Dawa Health Clinic,Faskari,Katsina,11.782342,7.037581,BCG,0,20.08,1,1
2026-08-26,16180368.0,Unguwar Mai Dawa Health Clinic,Faskari,Katsina,11.782342,7.037581,Penta,0,20.08,1,1
2026-08-26,16180368.0,Unguwar Mai Dawa Health Clinic,Faskari,Katsina,11.782342,7.037581,Measles,214,20.08,1,0
2026-08-28,16180368.0,Unguwar Mai Dawa Health Clinic,Faskari,Katsina,11.782342,7.037581,BCG,0,18.29,1,1
2026-08-28,16180368.0,Unguwar Mai Dawa Health Clinic,Faskari,Katsina,11.782342,7.037581,Penta,0,18.29,1,1
2026-08-28,16180368.0,Unguwar Mai Dawa Health Clinic,Faskari,Katsina,11.782342,7.037581,Measles,191,18.29,1,0
2026-08-04,19850236.0,Yankara Primary Health Center,Faskari,Katsina,11.7836954,7.0775805,BCG,131,11.05,1,0
2026-08-04,19850236.0,Yankara Primary Health Center,Faskari,Katsina,11.7836954,7.0775805,Penta,126,11.05,1,0
2026-08-04,19850236.0,Yankara Primary Health Center,Faskari,Katsina,11.7836954,7.0775805,Measles,122,11.05,1,0
2026-08-07,19850236.0,Yankara Primary Health Center,Faskari,Katsina,11.7836954,7.0775805,BCG,0,19.4,1,1
2026-08-07,19850236.0,Yankara Primary Health Center,Faskari,Katsina,11.7836954,7.0775805,Penta,96,19.4,1,0
2026-08-07,19850236.0,Yankara Primary Health Center,Faskari,Katsina,11.7836954,7.0775805,Measles,100,19.4,1,0
2026-08-11,19850236.0,Yankara Primary Health Center,Faskari,Katsina,11.7836954,7.0775805,BCG,0,21.1,1,1
2026-08-11,19850236.0,Yankara Primary Health Center,Faskari,Katsina,11.7836954,7.0775805,Penta,77,21.1,1,0
2026-08-11,19850236.0,Yankara Primary Health Center,Faskari,Katsina,11.7836954,7.0775805,Measles,76,21.1,1,0
2026-08-21,19850236.0,Yankara Primary Health Center,Faskari,Katsina,11.7836954,7.0775805,BCG,0,19.54,1,1
2026-08-21,19850236.0,Yankara Primary Health Center,Faskari,Katsina,11.7836954,7.0775805,Penta,46,19.54,1,0
2026-08-21,19850236.0,Yankara Primary Health Center,Faskari,Katsina,11.7836954,7.0775805,Measles,42,19.54,1,0
2026-08-27,19850236.0,Yankara Primary Health Center,Faskari,Katsina,11.7836954,7.0775805,BCG,0,21.29,1,1
2026-08-27,19850236.0,Yankara Primary Health Center,Faskari,Katsina,11.7836954,7.0775805,Penta,227,21.29,1,0
2026-08-27,19850236.0,Yankara Primary Health Center,Faskari,Katsina,11.7836954,7.0775805,Measles,13,21.29,1,0
2026-08-29,19850236.0,Yankara Primary Health Center,Faskari,Katsina,11.7836954,7.0775805,BCG,200,22.09,1,1
2026-08-29,19850236.0,Yankara Primary Health Center,Faskari,Katsina,11.7836954,7.0775805,Penta,0,22.09,1,1
2026-08-29,19850236.0,Yankara Primary Health Center,Faskari,Katsina,11.7836954,7.0775805,Measles,0,22.09,1,1
2026-08-01,86575263.0,Bala Usman Health Clinic,Funtua,Katsina,11.51989,7.31521,BCG,126,2.0,1,0
2026-08-01,86575263.0,Bala Usman Health Clinic,Funtua,Katsina,11.51989,7.31521,Penta,133,2.0,1,0
2026-08-01,86575263.0,Bala Usman Health Clinic,Funtua,Katsina,11.51989,7.31521,Measles,127,2.0,1,0
2026-08-09,86575263.0,Bala Usman Health Clinic,Funtua,Katsina,11.51989,7.31521,BCG,100,21.57,1,0
2026-08-09,86575263.0,Bala Usman Health Clinic,Funtua,Katsina,11.51989,7.31521,Penta,115,21.57,1,0
2026-08-09,86575263.0,Bala Usman Health Clinic,Funtua,Katsina,11.51989,7.31521,Measles,98,21.57,1,0
2026-08-11,86575263.0,Bala Usman Health Clinic,Funtua,Katsina,11.51989,7.31521,BCG,72,20.8,1,0
2026-08-11,86575263.0,Bala Usman Health Clinic,Funtua,Katsina,11.51989,7.31521,Penta,93,20.8,1,0
2026-08-11,86575263.0,Bala Usman Health Clinic,Funtua,Katsina,11.51989,7.31521,Measles,72,20.8,1,0
2026-08-13,86575263.0,Bala Usman Health Clinic,Funtua,Katsina,11.51989,7.31521,BCG,52,21.51,1,0
2026-08-13,86575263.0,Bala Usman Health Clinic,Funtua,Katsina,11.51989,7.31521,Penta,0,21.51,1,1
2026-08-13,86575263.0,Bala Usman Health Clinic,Funtua,Katsina,11.51989,7.31521,Measles,40,21.51,1,0
2026-08-29,86575263.0,Bala Usman Health Clinic,Funtua,Katsina,11.51989,7.31521,BCG,27,20.63,1,0
2026-08-29,86575263.0,Bala Usman Health Clinic,Funtua,Katsina,11.51989,7.31521,Penta,200,20.63,1,1
2026-08-29,86575263.0,Bala Usman Health Clinic,Funtua,Katsina,11.51989,7.31521,Measles,4,20.63,1,0
2026-08-07,,New Funtua Limited Clinic,Funtua,Katsina,11.4881,7.3098,BCG,134,21.42,1,0
2026-08-07,,New Funtua Limited Clinic,Funtua,Katsina,11.4881,7.3098,Penta,0,21.42,1,1
2026-08-07,,New Funtua Limited Clinic,Funtua,Katsina,11.4881,7.3098,Measles,124,21.42,1,0
2026-08-08,,New Funtua Limited Clinic,Funtua,Katsina,11.4881,7.3098,BCG,106,18.32,1,0
2026-08-08,,New Funtua Limited Clinic,Funtua,Katsina,11.4881,7.3098,Penta,0,18.32,1,1
2026-08-08,,New Funtua Limited Clinic,Funtua,Katsina,11.4881,7.3098,Measles,102,18.32,1,0
2026-08-20,,New Funtua Limited Clinic,Funtua,Katsina,11.4881,7.3098,BCG,79,21.71,1,0
2026-08-20,,New Funtua Limited Clinic,Funtua,Katsina,11.4881,7.3098,Penta,0,21.71,1,1
2026-08-20,,New Funtua Limited Clinic,Funtua,Katsina,11.4881,7.3098,Measles,0,21.71,1,1
2026-08-28,,New Funtua Limited Clinic,Funtua,Katsina,11.4881,7.3098,BCG,60,21.04,1,0
2026-08-28,,New Funtua Limited Clinic,Funtua,Katsina,11.4881,7.3098,Penta,0,21.04,1,1
2026-08-28,,New Funtua Limited Clinic,Funtua,Katsina,11.4881,7.3098,Measles,0,21.04,1,1
2026-08-16,13534641.0,Santar Nakyallu Health Clinic,Ingawa,Katsina,12.70926913,7.968730781,BCG,0,20.27,1,1
2026-08-16,13534641.0,Santar Nakyallu Health Clinic,Ingawa,Katsina,12.70926913,7.968730781,Penta,127,20.27,1,0
2026-08-16,13534641.0,Santar Nakyallu Health Clinic,Ingawa,Katsina,12.70926913,7.968730781,Measles,118,20.27,1,0
2026-08-17,13534641.0,Santar Nakyallu Health Clinic,Ingawa,Katsina,12.70926913,7.968730781,BCG,0,17.85,1,1
2026-08-17,13534641.0,Santar Nakyallu Health Clinic,Ingawa,Katsina,12.70926913,7.968730781,Penta,105,17.85,1,0
2026-08-17,13534641.0,Santar Nakyallu Health Clinic,Ingawa,Katsina,12.70926913,7.968730781,Measles,0,17.85,1,1
2026-08-23,13534641.0,Santar Nakyallu Health Clinic,Ingawa,Katsina,12.70926913,7.968730781,BCG,0,21.25,1,1
2026-08-23,13534641.0,Santar Nakyallu Health Clinic,Ingawa,Katsina,12.70926913,7.968730781,Penta,80,21.25,1,0
2026-08-23,13534641.0,Santar Nakyallu Health Clinic,Ingawa,Katsina,12.70926913,7.968730781,Measles,0,21.25,1,1
2026-08-01,80139760.0,Manomawa Maternity and  Child Health Clinic,Ingawa,Katsina,12.5452845,8.0634841,BCG,135,2.0,1,0
2026-08-01,80139760.0,Manomawa Maternity and  Child Health Clinic,Ingawa,Katsina,12.5452845,8.0634841,Penta,128,2.0,1,0
2026-08-01,80139760.0,Manomawa Maternity and  Child Health Clinic,Ingawa,Katsina,12.5452845,8.0634841,Measles,119,2.0,1,0
2026-08-03,80139760.0,Manomawa Maternity and  Child Health Clinic,Ingawa,Katsina,12.5452845,8.0634841,BCG,111,2.09,1,0
2026-08-03,80139760.0,Manomawa Maternity and  Child Health Clinic,Ingawa,Katsina,12.5452845,8.0634841,Penta,101,2.09,1,0
2026-08-03,80139760.0,Manomawa Maternity and  Child Health Clinic,Ingawa,Katsina,12.5452845,8.0634841,Measles,92,2.09,1,0
2026-08-04,80139760.0,Manomawa Maternity and  Child Health Clinic,Ingawa,Katsina,12.5452845,8.0634841,BCG,91,2.0,1,0
2026-08-04,80139760.0,Manomawa Maternity and  Child Health Clinic,Ingawa,Katsina,12.5452845,8.0634841,Penta,83,2.0,1,0
2026-08-04,80139760.0,Manomawa Maternity and  Child Health Clinic,Ingawa,Katsina,12.5452845,8.0634841,Measles,67,2.0,1,0
2026-08-06,80139760.0,Manomawa Maternity and  Child Health Clinic,Ingawa,Katsina,12.5452845,8.0634841,BCG,64,2.16,1,0
2026-08-06,80139760.0,Manomawa Maternity and  Child Health Clinic,Ingawa,Katsina,12.5452845,8.0634841,Penta,54,2.16,1,0
2026-08-06,80139760.0,Manomawa Maternity and  Child Health Clinic,Ingawa,Katsina,12.5452845,8.0634841,Measles,42,2.16,1,0
2026-08-08,80139760.0,Manomawa Maternity and  Child Health Clinic,Ingawa,Katsina,12.5452845,8.0634841,BCG,30,2.0,1,0
2026-08-08,80139760.0,Manomawa Maternity and  Child Health Clinic,Ingawa,Katsina,12.5452845,8.0634841,Penta,31,2.0,1,0
2026-08-08,80139760.0,Manomawa Maternity and  Child Health Clinic,Ingawa,Katsina,12.5452845,8.0634841,Measles,206,2.0,1,0
2026-08-12,80139760.0,Manomawa Maternity and  Child Health Clinic,Ingawa,Katsina,12.5452845,8.0634841,BCG,2,11.58,1,0
2026-08-12,80139760.0,Manomawa Maternity and  Child Health Clinic,Ingawa,Katsina,12.5452845,8.0634841,Penta,0,11.58,1,1
2026-08-12,80139760.0,Manomawa Maternity and  Child Health Clinic,Ingawa,Katsina,12.5452845,8.0634841,Measles,179,11.58,1,0
2026-08-15,80139760.0,Manomawa Maternity and  Child Health Clinic,Ingawa,Katsina,12.5452845,8.0634841,BCG,0,18.09,1,1
2026-08-15,80139760.0,Manomawa Maternity and  Child Health Clinic,Ingawa,Katsina,12.5452845,8.0634841,Penta,0,18.09,1,1
2026-08-15,80139760.0,Manomawa Maternity and  Child Health Clinic,Ingawa,Katsina,12.5452845,8.0634841,Measles,154,18.09,1,0
2026-08-17,80139760.0,Manomawa Maternity and  Child Health Clinic,Ingawa,Katsina,12.5452845,8.0634841,BCG,0,18.74,1,1
2026-08-17,80139760.0,Manomawa Maternity and  Child Health Clinic,Ingawa,Katsina,12.5452845,8.0634841,Penta,0,18.74,1,1
2026-08-17,80139760.0,Manomawa Maternity and  Child Health Clinic,Ingawa,Katsina,12.5452845,8.0634841,Measles,131,18.74,1,0
2026-08-21,80139760.0,Manomawa Maternity and  Child Health Clinic,Ingawa,Katsina,12.5452845,8.0634841,BCG,200,21.2,1,1
2026-08-21,80139760.0,Manomawa Maternity and  Child Health Clinic,Ingawa,Katsina,12.5452845,8.0634841,Penta,0,21.2,1,1
2026-08-21,80139760.0,Manomawa Maternity and  Child Health Clinic,Ingawa,Katsina,12.5452845,8.0634841,Measles,96,21.2,1,0
2026-08-28,80139760.0,Manomawa Maternity and  Child Health Clinic,Ingawa,Katsina,12.5452845,8.0634841,BCG,173,21.9,1,0
2026-08-28,80139760.0,Manomawa Maternity and  Child Health Clinic,Ingawa,Katsina,12.5452845,8.0634841,Penta,0,21.9,1,1
2026-08-28,80139760.0,Manomawa Maternity and  Child Health Clinic,Ingawa,Katsina,12.5452845,8.0634841,Measles,200,21.9,1,1
2026-08-01,51450966.0,Dan Cafa Health Clinic,Jibia,Katsina,13.123954,7.599715,BCG,112,2.0,1,0
2026-08-01,51450966.0,Dan Cafa Health Clinic,Jibia,Katsina,13.123954,7.599715,Penta,125,2.0,1,0
2026-08-01,51450966.0,Dan Cafa Health Clinic,Jibia,Katsina,13.123954,7.599715,Measles,127,2.0,1,0
2026-08-04,51450966.0,Dan Cafa Health Clinic,Jibia,Katsina,13.123954,7.599715,BCG,84,7.46,1,0
2026-08-04,51450966.0,Dan Cafa Health Clinic,Jibia,Katsina,13.123954,7.599715,Penta,99,7.46,1,0
2026-08-04,51450966.0,Dan Cafa Health Clinic,Jibia,Katsina,13.123954,7.599715,Measles,104,7.46,1,0
2026-08-14,51450966.0,Dan Cafa Health Clinic,Jibia,Katsina,13.123954,7.599715,BCG,0,20.88,1,1
2026-08-14,51450966.0,Dan Cafa Health Clinic,Jibia,Katsina,13.123954,7.599715,Penta,66,20.88,1,0
2026-08-14,51450966.0,Dan Cafa Health Clinic,Jibia,Katsina,13.123954,7.599715,Measles,76,20.88,1,0
2026-08-19,51450966.0,Dan Cafa Health Clinic,Jibia,Katsina,13.123954,7.599715,BCG,0,22.35,1,1
2026-08-19,51450966.0,Dan Cafa Health Clinic,Jibia,Katsina,13.123954,7.599715,Penta,37,22.35,1,0
2026-08-19,51450966.0,Dan Cafa Health Clinic,Jibia,Katsina,13.123954,7.599715,Measles,48,22.35,1,0
2026-08-26,51450966.0,Dan Cafa Health Clinic,Jibia,Katsina,13.123954,7.599715,BCG,0,21.73,1,1
2026-08-26,51450966.0,Dan Cafa Health Clinic,Jibia,Katsina,13.123954,7.599715,Penta,0,21.73,1,1
2026-08-26,51450966.0,Dan Cafa Health Clinic,Jibia,Katsina,13.123954,7.599715,Measles,18,21.73,1,0
2026-08-27,51450966.0,Dan Cafa Health Clinic,Jibia,Katsina,13.123954,7.599715,BCG,0,20.51,1,1
2026-08-27,51450966.0,Dan Cafa Health Clinic,Jibia,Katsina,13.123954,7.599715,Penta,0,20.51,1,1
2026-08-27,51450966.0,Dan Cafa Health Clinic,Jibia,Katsina,13.123954,7.599715,Measles,201,20.51,1,0
2026-08-09,62403194.0,Mallamawa Health Post,Jibia,Katsina,13.015108,7.226769,BCG,124,21.32,1,0
2026-08-09,62403194.0,Mallamawa Health Post,Jibia,Katsina,13.015108,7.226769,Penta,132,21.32,1,0
2026-08-09,62403194.0,Mallamawa Health Post,Jibia,Katsina,13.015108,7.226769,Measles,0,21.32,1,1
2026-08-14,62403194.0,Mallamawa Health Post,Jibia,Katsina,13.015108,7.226769,BCG,103,21.59,1,0
2026-08-14,62403194.0,Mallamawa Health Post,Jibia,Katsina,13.015108,7.226769,Penta,109,21.59,1,0
2026-08-14,62403194.0,Mallamawa Health Post,Jibia,Katsina,13.015108,7.226769,Measles,0,21.59,1,1
2026-08-15,62403194.0,Mallamawa Health Post,Jibia,Katsina,13.015108,7.226769,BCG,79,18.38,1,0
2026-08-15,62403194.0,Mallamawa Health Post,Jibia,Katsina,13.015108,7.226769,Penta,77,18.38,1,0
2026-08-15,62403194.0,Mallamawa Health Post,Jibia,Katsina,13.015108,7.226769,Measles,0,18.38,1,1
2026-08-18,62403194.0,Mallamawa Health Post,Jibia,Katsina,13.015108,7.226769,BCG,57,21.46,1,0
2026-08-18,62403194.0,Mallamawa Health Post,Jibia,Katsina,13.015108,7.226769,Penta,52,21.46,1,0
2026-08-18,62403194.0,Mallamawa Health Post,Jibia,Katsina,13.015108,7.226769,Measles,0,21.46,1,1
2026-08-21,62403194.0,Mallamawa Health Post,Jibia,Katsina,13.015108,7.226769,BCG,0,21.28,1,1
2026-08-21,62403194.0,Mallamawa Health Post,Jibia,Katsina,13.015108,7.226769,Penta,26,21.28,1,0
2026-08-21,62403194.0,Mallamawa Health Post,Jibia,Katsina,13.015108,7.226769,Measles,0,21.28,1,1
2026-08-22,62403194.0,Mallamawa Health Post,Jibia,Katsina,13.015108,7.226769,BCG,200,17.51,1,1
2026-08-22,62403194.0,Mallamawa Health Post,Jibia,Katsina,13.015108,7.226769,Penta,200,17.51,1,1
2026-08-22,62403194.0,Mallamawa Health Post,Jibia,Katsina,13.015108,7.226769,Measles,200,17.51,1,1
2026-08-30,62403194.0,Mallamawa Health Post,Jibia,Katsina,13.015108,7.226769,BCG,0,21.37,1,1
2026-08-30,62403194.0,Mallamawa Health Post,Jibia,Katsina,13.015108,7.226769,Penta,178,21.37,1,0
2026-08-30,62403194.0,Mallamawa Health Post,Jibia,Katsina,13.015108,7.226769,Measles,181,21.37,1,0
2026-08-06,40982911.0,Unguwar Alhaji Ya'U Health Post,Kafur,Katsina,11.65509,7.548706,BCG,123,18.97,1,0
2026-08-06,40982911.0,Unguwar Alhaji Ya'U Health Post,Kafur,Katsina,11.65509,7.548706,Penta,0,18.97,1,1
2026-08-06,40982911.0,Unguwar Alhaji Ya'U Health Post,Kafur,Katsina,11.65509,7.548706,Measles,130,18.97,1,0
2026-08-14,40982911.0,Unguwar Alhaji Ya'U Health Post,Kafur,Katsina,11.65509,7.548706,BCG,0,21.46,1,1
2026-08-14,40982911.0,Unguwar Alhaji Ya'U Health Post,Kafur,Katsina,11.65509,7.548706,Penta,0,21.46,1,1
2026-08-14,40982911.0,Unguwar Alhaji Ya'U Health Post,Kafur,Katsina,11.65509,7.548706,Measles,95,21.46,1,0
2026-08-26,40982911.0,Unguwar Alhaji Ya'U Health Post,Kafur,Katsina,11.65509,7.548706,BCG,0,21.07,1,1
2026-08-26,40982911.0,Unguwar Alhaji Ya'U Health Post,Kafur,Katsina,11.65509,7.548706,Penta,0,21.07,1,1
2026-08-26,40982911.0,Unguwar Alhaji Ya'U Health Post,Kafur,Katsina,11.65509,7.548706,Measles,78,21.07,1,0
2026-08-04,28562723.0,Sheka Health Clinic,Kafur,Katsina,11.50570667,7.642486667,BCG,130,11.09,1,0
2026-08-04,28562723.0,Sheka Health Clinic,Kafur,Katsina,11.50570667,7.642486667,Penta,132,11.09,1,0
2026-08-04,28562723.0,Sheka Health Clinic,Kafur,Katsina,11.50570667,7.642486667,Measles,120,11.09,1,0
2026-08-21,28562723.0,Sheka Health Clinic,Kafur,Katsina,11.50570667,7.642486667,BCG,94,20.48,1,0
2026-08-21,28562723.0,Sheka Health Clinic,Kafur,Katsina,11.50570667,7.642486667,Penta,104,20.48,1,0
2026-08-21,28562723.0,Sheka Health Clinic,Kafur,Katsina,11.50570667,7.642486667,Measles,96,20.48,1,0
2026-08-22,28562723.0,Sheka Health Clinic,Kafur,Katsina,11.50570667,7.642486667,BCG,69,17.08,1,0
2026-08-22,28562723.0,Sheka Health Clinic,Kafur,Katsina,11.50570667,7.642486667,Penta,75,17.08,1,0
2026-08-22,28562723.0,Sheka Health Clinic,Kafur,Katsina,11.50570667,7.642486667,Measles,65,17.08,1,0
2026-08-29,28562723.0,Sheka Health Clinic,Kafur,Katsina,11.50570667,7.642486667,BCG,0,21.21,1,1
2026-08-29,28562723.0,Sheka Health Clinic,Kafur,Katsina,11.50570667,7.642486667,Penta,53,21.21,1,0
2026-08-29,28562723.0,Sheka Health Clinic,Kafur,Katsina,11.50570667,7.642486667,Measles,31,21.21,1,0
2026-08-08,81697552.0,Shaka Dawa Health Clinic,Kaita,Katsina,13.07197,7.78835,BCG,0,20.7,1,1
2026-08-08,81697552.0,Shaka Dawa Health Clinic,Kaita,Katsina,13.07197,7.78835,Penta,120,20.7,1,0
2026-08-08,81697552.0,Shaka Dawa Health Clinic,Kaita,Katsina,13.07197,7.78835,Measles,124,20.7,1,0
2026-08-15,81697552.0,Shaka Dawa Health Clinic,Kaita,Katsina,13.07197,7.78835,BCG,0,21.06,1,1
2026-08-15,81697552.0,Shaka Dawa Health Clinic,Kaita,Katsina,13.07197,7.78835,Penta,88,21.06,1,0
2026-08-15,81697552.0,Shaka Dawa Health Clinic,Kaita,Katsina,13.07197,7.78835,Measles,97,21.06,1,0
2026-08-19,81697552.0,Shaka Dawa Health Clinic,Kaita,Katsina,13.07197,7.78835,BCG,0,21.46,1,1
2026-08-19,81697552.0,Shaka Dawa Health Clinic,Kaita,Katsina,13.07197,7.78835,Penta,65,21.46,1,0
2026-08-19,81697552.0,Shaka Dawa Health Clinic,Kaita,Katsina,13.07197,7.78835,Measles,0,21.46,1,1
2026-08-23,81697552.0,Shaka Dawa Health Clinic,Kaita,Katsina,13.07197,7.78835,BCG,200,21.38,1,1
2026-08-23,81697552.0,Shaka Dawa Health Clinic,Kaita,Katsina,13.07197,7.78835,Penta,42,21.38,1,0
2026-08-23,81697552.0,Shaka Dawa Health Clinic,Kaita,Katsina,13.07197,7.78835,Measles,200,21.38,1,1
2026-08-26,81697552.0,Shaka Dawa Health Clinic,Kaita,Katsina,13.07197,7.78835,BCG,166,21.62,1,0
2026-08-26,81697552.0,Shaka Dawa Health Clinic,Kaita,Katsina,13.07197,7.78835,Penta,0,21.62,1,1
2026-08-26,81697552.0,Shaka Dawa Health Clinic,Kaita,Katsina,13.07197,7.78835,Measles,177,21.62,1,0
2026-08-02,84665398.0,Allemi Health Center,Kaita,Katsina,13.06307,7.75098,BCG,129,2.93,1,0
2026-08-02,84665398.0,Allemi Health Center,Kaita,Katsina,13.06307,7.75098,Penta,118,2.93,1,0
2026-08-02,84665398.0,Allemi Health Center,Kaita,Katsina,13.06307,7.75098,Measles,124,2.93,1,0
2026-08-05,84665398.0,Allemi Health Center,Kaita,Katsina,13.06307,7.75098,BCG,104,11.17,1,0
2026-08-05,84665398.0,Allemi Health Center,Kaita,Katsina,13.06307,7.75098,Penta,86,11.17,1,0
2026-08-05,84665398.0,Allemi Health Center,Kaita,Katsina,13.06307,7.75098,Measles,91,11.17,1,0
2026-08-07,84665398.0,Allemi Health Center,Kaita,Katsina,13.06307,7.75098,BCG,83,10.82,1,0
2026-08-07,84665398.0,Allemi Health Center,Kaita,Katsina,13.06307,7.75098,Penta,58,10.82,1,0
2026-08-07,84665398.0,Allemi Health Center,Kaita,Katsina,13.06307,7.75098,Measles,69,10.82,1,0
2026-08-15,84665398.0,Allemi Health Center,Kaita,Katsina,13.06307,7.75098,BCG,0,20.78,1,1
2026-08-15,84665398.0,Allemi Health Center,Kaita,Katsina,13.06307,7.75098,Penta,38,20.78,1,0
2026-08-15,84665398.0,Allemi Health Center,Kaita,Katsina,13.06307,7.75098,Measles,43,20.78,1,0
2026-08-23,84665398.0,Allemi Health Center,Kaita,Katsina,13.06307,7.75098,BCG,0,21.44,1,1
2026-08-23,84665398.0,Allemi Health Center,Kaita,Katsina,13.06307,7.75098,Penta,0,21.44,1,1
2026-08-23,84665398.0,Allemi Health Center,Kaita,Katsina,13.06307,7.75098,Measles,13,21.44,1,0
2026-08-25,84665398.0,Allemi Health Center,Kaita,Katsina,13.06307,7.75098,BCG,0,19.12,1,1
2026-08-25,84665398.0,Allemi Health Center,Kaita,Katsina,13.06307,7.75098,Penta,0,19.12,1,1
2026-08-25,84665398.0,Allemi Health Center,Kaita,Katsina,13.06307,7.75098,Measles,0,19.12,1,1
2026-08-29,84665398.0,Allemi Health Center,Kaita,Katsina,13.06307,7.75098,BCG,0,21.18,1,1
2026-08-29,84665398.0,Allemi Health Center,Kaita,Katsina,13.06307,7.75098,Penta,0,21.18,1,1
2026-08-29,84665398.0,Allemi Health Center,Kaita,Katsina,13.06307,7.75098,Measles,0,21.18,1,1
2026-08-13,,Asibitin Unguwar Rabo,Kankara,Katsina,12.115259,7.321506,BCG,122,21.0,1,0
2026-08-13,,Asibitin Unguwar Rabo,Kankara,Katsina,12.115259,7.321506,Penta,124,21.0,1,0
2026-08-13,,Asibitin Unguwar Rabo,Kankara,Katsina,12.115259,7.321506,Measles,125,21.0,1,0
2026-08-20,,Asibitin Unguwar Rabo,Kankara,Katsina,12.115259,7.321506,BCG,0,21.07,1,1
2026-08-20,,Asibitin Unguwar Rabo,Kankara,Katsina,12.115259,7.321506,Penta,95,21.07,1,0
2026-08-20,,Asibitin Unguwar Rabo,Kankara,Katsina,12.115259,7.321506,Measles,0,21.07,1,1
2026-08-23,,Asibitin Unguwar Rabo,Kankara,Katsina,12.115259,7.321506,BCG,0,20.36,1,1
2026-08-23,,Asibitin Unguwar Rabo,Kankara,Katsina,12.115259,7.321506,Penta,74,20.36,1,0
2026-08-23,,Asibitin Unguwar Rabo,Kankara,Katsina,12.115259,7.321506,Measles,0,20.36,1,1
2026-08-25,,Asibitin Unguwar Rabo,Kankara,Katsina,12.115259,7.321506,BCG,200,20.56,1,1
2026-08-25,,Asibitin Unguwar Rabo,Kankara,Katsina,12.115259,7.321506,Penta,52,20.56,1,0
2026-08-25,,Asibitin Unguwar Rabo,Kankara,Katsina,12.115259,7.321506,Measles,0,20.56,1,1
2026-08-01,59868015.0,Yarsanta Health Clinic,Kankara,Katsina,12.04851833,7.275371667,BCG,117,2.0,1,0
2026-08-01,59868015.0,Yarsanta Health Clinic,Kankara,Katsina,12.04851833,7.275371667,Penta,125,2.0,1,0
2026-08-01,59868015.0,Yarsanta Health Clinic,Kankara,Katsina,12.04851833,7.275371667,Measles,127,2.0,1,0
2026-08-04,59868015.0,Yarsanta Health Clinic,Kankara,Katsina,12.04851833,7.275371667,BCG,89,6.84,1,0
2026-08-04,59868015.0,Yarsanta Health Clinic,Kankara,Katsina,12.04851833,7.275371667,Penta,98,6.84,1,0
2026-08-04,59868015.0,Yarsanta Health Clinic,Kankara,Katsina,12.04851833,7.275371667,Measles,102,6.84,1,0
2026-08-07,59868015.0,Yarsanta Health Clinic,Kankara,Katsina,12.04851833,7.275371667,BCG,68,8.38,1,0
2026-08-07,59868015.0,Yarsanta Health Clinic,Kankara,Katsina,12.04851833,7.275371667,Penta,77,8.38,1,0
2026-08-07,59868015.0,Yarsanta Health Clinic,Kankara,Katsina,12.04851833,7.275371667,Measles,69,8.38,1,0
2026-08-18,59868015.0,Yarsanta Health Clinic,Kankara,Katsina,12.04851833,7.275371667,BCG,0,21.35,1,1
2026-08-18,59868015.0,Yarsanta Health Clinic,Kankara,Katsina,12.04851833,7.275371667,Penta,0,21.35,1,1
2026-08-18,59868015.0,Yarsanta Health Clinic,Kankara,Katsina,12.04851833,7.275371667,Measles,50,21.35,1,0
2026-08-19,59868015.0,Yarsanta Health Clinic,Kankara,Katsina,12.04851833,7.275371667,BCG,0,18.46,1,1
2026-08-19,59868015.0,Yarsanta Health Clinic,Kankara,Katsina,12.04851833,7.275371667,Penta,0,18.46,1,1
2026-08-19,59868015.0,Yarsanta Health Clinic,Kankara,Katsina,12.04851833,7.275371667,Measles,219,18.46,1,0
2026-08-21,59868015.0,Yarsanta Health Clinic,Kankara,Katsina,12.04851833,7.275371667,BCG,0,19.49,1,1
2026-08-21,59868015.0,Yarsanta Health Clinic,Kankara,Katsina,12.04851833,7.275371667,Penta,0,19.49,1,1
2026-08-21,59868015.0,Yarsanta Health Clinic,Kankara,Katsina,12.04851833,7.275371667,Measles,196,19.49,1,0
2026-08-26,59868015.0,Yarsanta Health Clinic,Kankara,Katsina,12.04851833,7.275371667,BCG,200,21.07,1,1
2026-08-26,59868015.0,Yarsanta Health Clinic,Kankara,Katsina,12.04851833,7.275371667,Penta,200,21.07,1,1
2026-08-26,59868015.0,Yarsanta Health Clinic,Kankara,Katsina,12.04851833,7.275371667,Measles,177,21.07,1,0
2026-08-29,59868015.0,Yarsanta Health Clinic,Kankara,Katsina,12.04851833,7.275371667,BCG,173,21.14,1,0
2026-08-29,59868015.0,Yarsanta Health Clinic,Kankara,Katsina,12.04851833,7.275371667,Penta,167,21.14,1,0
2026-08-29,59868015.0,Yarsanta Health Clinic,Kankara,Katsina,12.04851833,7.275371667,Measles,151,21.14,1,0
2026-08-07,52720377.0,Nasarawa (Kankia) Maternity and  Child Health Clinic,Kankia,Katsina,12.496635,7.843028333,BCG,121,21.33,1,0
2026-08-07,52720377.0,Nasarawa (Kankia) Maternity and  Child Health Clinic,Kankia,Katsina,12.496635,7.843028333,Penta,124,21.33,1,0
2026-08-07,52720377.0,Nasarawa (Kankia) Maternity and  Child Health Clinic,Kankia,Katsina,12.496635,7.843028333,Measles,0,21.33,1,1
2026-08-13,52720377.0,Nasarawa (Kankia) Maternity and  Child Health Clinic,Kankia,Katsina,12.496635,7.843028333,BCG,0,21.26,1,1
2026-08-13,52720377.0,Nasarawa (Kankia) Maternity and  Child Health Clinic,Kankia,Katsina,12.496635,7.843028333,Penta,99,21.26,1,0
2026-08-13,52720377.0,Nasarawa (Kankia) Maternity and  Child Health Clinic,Kankia,Katsina,12.496635,7.843028333,Measles,200,21.26,1,1
2026-08-26,52720377.0,Nasarawa (Kankia) Maternity and  Child Health Clinic,Kankia,Katsina,12.496635,7.843028333,BCG,0,21.38,1,1
2026-08-26,52720377.0,Nasarawa (Kankia) Maternity and  Child Health Clinic,Kankia,Katsina,12.496635,7.843028333,Penta,0,21.38,1,1
2026-08-26,52720377.0,Nasarawa (Kankia) Maternity and  Child Health Clinic,Kankia,Katsina,12.496635,7.843028333,Measles,170,21.38,1,0
2026-08-29,52720377.0,Nasarawa (Kankia) Maternity and  Child Health Clinic,Kankia,Katsina,12.496635,7.843028333,BCG,0,21.49,1,1
2026-08-29,52720377.0,Nasarawa (Kankia) Maternity and  Child Health Clinic,Kankia,Katsina,12.496635,7.843028333,Penta,0,21.49,1,1
2026-08-29,52720377.0,Nasarawa (Kankia) Maternity and  Child Health Clinic,Kankia,Katsina,12.496635,7.843028333,Measles,146,21.49,1,0
2026-08-02,20923865.0,Nasarawa Rimaye Health Clinic,Kankia,Katsina,12.31597167,7.800478333,BCG,120,3.87,1,0
2026-08-02,20923865.0,Nasarawa Rimaye Health Clinic,Kankia,Katsina,12.31597167,7.800478333,Penta,131,3.87,1,0
2026-08-02,20923865.0,Nasarawa Rimaye Health Clinic,Kankia,Katsina,12.31597167,7.800478333,Measles,136,3.87,1,0
2026-08-11,20923865.0,Nasarawa Rimaye Health Clinic,Kankia,Katsina,12.31597167,7.800478333,BCG,96,21.31,1,0
2026-08-11,20923865.0,Nasarawa Rimaye Health Clinic,Kankia,Katsina,12.31597167,7.800478333,Penta,106,21.31,1,0
2026-08-11,20923865.0,Nasarawa Rimaye Health Clinic,Kankia,Katsina,12.31597167,7.800478333,Measles,116,21.31,1,0
2026-08-14,20923865.0,Nasarawa Rimaye Health Clinic,Kankia,Katsina,12.31597167,7.800478333,BCG,200,22.31,1,1
2026-08-14,20923865.0,Nasarawa Rimaye Health Clinic,Kankia,Katsina,12.31597167,7.800478333,Penta,0,22.31,1,1
2026-08-14,20923865.0,Nasarawa Rimaye Health Clinic,Kankia,Katsina,12.31597167,7.800478333,Measles,92,22.31,1,0
2026-08-18,20923865.0,Nasarawa Rimaye Health Clinic,Kankia,Katsina,12.31597167,7.800478333,BCG,0,21.7,1,1
2026-08-18,20923865.0,Nasarawa Rimaye Health Clinic,Kankia,Katsina,12.31597167,7.800478333,Penta,0,21.7,1,1
2026-08-18,20923865.0,Nasarawa Rimaye Health Clinic,Kankia,Katsina,12.31597167,7.800478333,Measles,69,21.7,1,0
2026-08-21,20923865.0,Nasarawa Rimaye Health Clinic,Kankia,Katsina,12.31597167,7.800478333,BCG,200,20.7,1,1
2026-08-21,20923865.0,Nasarawa Rimaye Health Clinic,Kankia,Katsina,12.31597167,7.800478333,Penta,0,20.7,1,1
2026-08-21,20923865.0,Nasarawa Rimaye Health Clinic,Kankia,Katsina,12.31597167,7.800478333,Measles,0,20.7,1,1
2026-08-29,20923865.0,Nasarawa Rimaye Health Clinic,Kankia,Katsina,12.31597167,7.800478333,BCG,200,21.01,1,1
2026-08-29,20923865.0,Nasarawa Rimaye Health Clinic,Kankia,Katsina,12.31597167,7.800478333,Penta,0,21.01,1,1
2026-08-29,20923865.0,Nasarawa Rimaye Health Clinic,Kankia,Katsina,12.31597167,7.800478333,Measles,200,21.01,1,1
2026-08-02,,Ajs Out Patent Clinic,Katsina,Katsina,12.979632,7.625279,BCG,130,6.26,1,0
2026-08-02,,Ajs Out Patent Clinic,Katsina,Katsina,12.979632,7.625279,Penta,127,6.26,1,0
2026-08-02,,Ajs Out Patent Clinic,Katsina,Katsina,12.979632,7.625279,Measles,123,6.26,1,0
2026-08-04,,Ajs Out Patent Clinic,Katsina,Katsina,12.979632,7.625279,BCG,103,5.25,1,0
2026-08-04,,Ajs Out Patent Clinic,Katsina,Katsina,12.979632,7.625279,Penta,102,5.25,1,0
2026-08-04,,Ajs Out Patent Clinic,Katsina,Katsina,12.979632,7.625279,Measles,93,5.25,1,0
2026-08-05,,Ajs Out Patent Clinic,Katsina,Katsina,12.979632,7.625279,BCG,67,2.24,1,0
2026-08-05,,Ajs Out Patent Clinic,Katsina,Katsina,12.979632,7.625279,Penta,73,2.24,1,0
2026-08-05,,Ajs Out Patent Clinic,Katsina,Katsina,12.979632,7.625279,Measles,72,2.24,1,0
2026-08-08,,Ajs Out Patent Clinic,Katsina,Katsina,12.979632,7.625279,BCG,44,8.8,1,0
2026-08-08,,Ajs Out Patent Clinic,Katsina,Katsina,12.979632,7.625279,Penta,242,8.8,1,0
2026-08-08,,Ajs Out Patent Clinic,Katsina,Katsina,12.979632,7.625279,Measles,40,8.8,1,0
2026-08-17,,Ajs Out Patent Clinic,Katsina,Katsina,12.979632,7.625279,BCG,0,21.27,1,1
2026-08-17,,Ajs Out Patent Clinic,Katsina,Katsina,12.979632,7.625279,Penta,200,21.27,1,1
2026-08-17,,Ajs Out Patent Clinic,Katsina,Katsina,12.979632,7.625279,Measles,20,21.27,1,0
2026-08-21,,Ajs Out Patent Clinic,Katsina,Katsina,12.979632,7.625279,BCG,0,20.95,1,1
2026-08-21,,Ajs Out Patent Clinic,Katsina,Katsina,12.979632,7.625279,Penta,172,20.95,1,0
2026-08-21,,Ajs Out Patent Clinic,Katsina,Katsina,12.979632,7.625279,Measles,0,20.95,1,1
2026-08-25,,Ajs Out Patent Clinic,Katsina,Katsina,12.979632,7.625279,BCG,0,22.6,1,1
2026-08-25,,Ajs Out Patent Clinic,Katsina,Katsina,12.979632,7.625279,Penta,150,22.6,1,0
2026-08-25,,Ajs Out Patent Clinic,Katsina,Katsina,12.979632,7.625279,Measles,0,22.6,1,1
2026-08-02,,Dantakiri Health Clinic,Katsina,Katsina,12.9891104,7.614641,BCG,125,6.73,1,0
2026-08-02,,Dantakiri Health Clinic,Katsina,Katsina,12.9891104,7.614641,Penta,131,6.73,1,0
2026-08-02,,Dantakiri Health Clinic,Katsina,Katsina,12.9891104,7.614641,Measles,123,6.73,1,0
2026-08-07,,Dantakiri Health Clinic,Katsina,Katsina,12.9891104,7.614641,BCG,0,19.28,1,1
2026-08-07,,Dantakiri Health Clinic,Katsina,Katsina,12.9891104,7.614641,Penta,107,19.28,1,0
2026-08-07,,Dantakiri Health Clinic,Katsina,Katsina,12.9891104,7.614641,Measles,96,19.28,1,0
2026-08-10,,Dantakiri Health Clinic,Katsina,Katsina,12.9891104,7.614641,BCG,0,20.82,1,1
2026-08-10,,Dantakiri Health Clinic,Katsina,Katsina,12.9891104,7.614641,Penta,77,20.82,1,0
2026-08-10,,Dantakiri Health Clinic,Katsina,Katsina,12.9891104,7.614641,Measles,63,20.82,1,0
2026-08-15,,Dantakiri Health Clinic,Katsina,Katsina,12.9891104,7.614641,BCG,0,20.68,1,1
2026-08-15,,Dantakiri Health Clinic,Katsina,Katsina,12.9891104,7.614641,Penta,54,20.68,1,0
2026-08-15,,Dantakiri Health Clinic,Katsina,Katsina,12.9891104,7.614641,Measles,39,20.68,1,0
2026-08-17,,Dantakiri Health Clinic,Katsina,Katsina,12.9891104,7.614641,BCG,0,21.42,1,1
2026-08-17,,Dantakiri Health Clinic,Katsina,Katsina,12.9891104,7.614641,Penta,21,21.42,1,0
2026-08-17,,Dantakiri Health Clinic,Katsina,Katsina,12.9891104,7.614641,Measles,13,21.42,1,0
2026-08-18,,Dantakiri Health Clinic,Katsina,Katsina,12.9891104,7.614641,BCG,0,17.59,1,1
2026-08-18,,Dantakiri Health Clinic,Katsina,Katsina,12.9891104,7.614641,Penta,0,17.59,1,1
2026-08-18,,Dantakiri Health Clinic,Katsina,Katsina,12.9891104,7.614641,Measles,0,17.59,1,1
2026-08-21,,Dantakiri Health Clinic,Katsina,Katsina,12.9891104,7.614641,BCG,0,19.32,1,1
2026-08-21,,Dantakiri Health Clinic,Katsina,Katsina,12.9891104,7.614641,Penta,0,19.32,1,1
2026-08-21,,Dantakiri Health Clinic,Katsina,Katsina,12.9891104,7.614641,Measles,0,19.32,1,1
2026-08-22,,Dantakiri Health Clinic,Katsina,Katsina,12.9891104,7.614641,BCG,0,16.54,1,1
2026-08-22,,Dantakiri Health Clinic,Katsina,Katsina,12.9891104,7.614641,Penta,0,16.54,1,1
2026-08-22,,Dantakiri Health Clinic,Katsina,Katsina,12.9891104,7.614641,Measles,0,16.54,1,1
2026-08-27,,Dantakiri Health Clinic,Katsina,Katsina,12.9891104,7.614641,BCG,0,21.12,1,1
2026-08-27,,Dantakiri Health Clinic,Katsina,Katsina,12.9891104,7.614641,Penta,0,21.12,1,1
2026-08-27,,Dantakiri Health Clinic,Katsina,Katsina,12.9891104,7.614641,Measles,0,21.12,1,1
2026-08-03,41816169.0,Alkarya Health Clinic,Kurfi,Katsina,12.578279,7.599645,BCG,127,5.3,1,0
2026-08-03,41816169.0,Alkarya Health Clinic,Kurfi,Katsina,12.578279,7.599645,Penta,120,5.3,1,0
2026-08-03,41816169.0,Alkarya Health Clinic,Kurfi,Katsina,12.578279,7.599645,Measles,130,5.3,1,0
2026-08-05,41816169.0,Alkarya Health Clinic,Kurfi,Katsina,12.578279,7.599645,BCG,105,7.73,1,0
2026-08-05,41816169.0,Alkarya Health Clinic,Kurfi,Katsina,12.578279,7.599645,Penta,91,7.73,1,0
2026-08-05,41816169.0,Alkarya Health Clinic,Kurfi,Katsina,12.578279,7.599645,Measles,107,7.73,1,0
2026-08-07,41816169.0,Alkarya Health Clinic,Kurfi,Katsina,12.578279,7.599645,BCG,82,10.21,1,0
2026-08-07,41816169.0,Alkarya Health Clinic,Kurfi,Katsina,12.578279,7.599645,Penta,63,10.21,1,0
2026-08-07,41816169.0,Alkarya Health Clinic,Kurfi,Katsina,12.578279,7.599645,Measles,84,10.21,1,0
2026-08-15,41816169.0,Alkarya Health Clinic,Kurfi,Katsina,12.578279,7.599645,BCG,56,20.22,1,0
2026-08-15,41816169.0,Alkarya Health Clinic,Kurfi,Katsina,12.578279,7.599645,Penta,31,20.22,1,0
2026-08-15,41816169.0,Alkarya Health Clinic,Kurfi,Katsina,12.578279,7.599645,Measles,58,20.22,1,0
2026-08-19,41816169.0,Alkarya Health Clinic,Kurfi,Katsina,12.578279,7.599645,BCG,19,21.12,1,0
2026-08-19,41816169.0,Alkarya Health Clinic,Kurfi,Katsina,12.578279,7.599645,Penta,15,21.12,1,0
2026-08-19,41816169.0,Alkarya Health Clinic,Kurfi,Katsina,12.578279,7.599645,Measles,235,21.12,1,0
2026-08-21,41816169.0,Alkarya Health Clinic,Kurfi,Katsina,12.578279,7.599645,BCG,0,20.18,1,1
2026-08-21,41816169.0,Alkarya Health Clinic,Kurfi,Katsina,12.578279,7.599645,Penta,0,20.18,1,1
2026-08-21,41816169.0,Alkarya Health Clinic,Kurfi,Katsina,12.578279,7.599645,Measles,215,20.18,1,0
2026-08-22,41816169.0,Alkarya Health Clinic,Kurfi,Katsina,12.578279,7.599645,BCG,0,18.78,1,1
2026-08-22,41816169.0,Alkarya Health Clinic,Kurfi,Katsina,12.578279,7.599645,Penta,0,18.78,1,1
2026-08-22,41816169.0,Alkarya Health Clinic,Kurfi,Katsina,12.578279,7.599645,Measles,193,18.78,1,0
2026-08-23,41816169.0,Alkarya Health Clinic,Kurfi,Katsina,12.578279,7.599645,BCG,0,16.62,1,1
2026-08-23,41816169.0,Alkarya Health Clinic,Kurfi,Katsina,12.578279,7.599645,Penta,0,16.62,1,1
2026-08-23,41816169.0,Alkarya Health Clinic,Kurfi,Katsina,12.578279,7.599645,Measles,168,16.62,1,0
2026-08-09,,Proposed Primary Health Center,Kurfi,Katsina,12.588494,7.497081,BCG,123,21.47,1,0
2026-08-09,,Proposed Primary Health Center,Kurfi,Katsina,12.588494,7.497081,Penta,124,21.47,1,0
2026-08-09,,Proposed Primary Health Center,Kurfi,Katsina,12.588494,7.497081,Measles,126,21.47,1,0
2026-08-14,,Proposed Primary Health Center,Kurfi,Katsina,12.588494,7.497081,BCG,99,22.46,1,0
2026-08-14,,Proposed Primary Health Center,Kurfi,Katsina,12.588494,7.497081,Penta,99,22.46,1,0
2026-08-14,,Proposed Primary Health Center,Kurfi,Katsina,12.588494,7.497081,Measles,106,22.46,1,0
2026-08-17,,Proposed Primary Health Center,Kurfi,Katsina,12.588494,7.497081,BCG,75,22.35,1,0
2026-08-17,,Proposed Primary Health Center,Kurfi,Katsina,12.588494,7.497081,Penta,69,22.35,1,0
2026-08-17,,Proposed Primary Health Center,Kurfi,Katsina,12.588494,7.497081,Measles,72,22.35,1,0
2026-08-18,,Proposed Primary Health Center,Kurfi,Katsina,12.588494,7.497081,BCG,0,19.42,1,1
2026-08-18,,Proposed Primary Health Center,Kurfi,Katsina,12.588494,7.497081,Penta,42,19.42,1,0
2026-08-18,,Proposed Primary Health Center,Kurfi,Katsina,12.588494,7.497081,Measles,246,19.42,1,0
2026-08-21,,Proposed Primary Health Center,Kurfi,Katsina,12.588494,7.497081,BCG,0,20.74,1,1
2026-08-21,,Proposed Primary Health Center,Kurfi,Katsina,12.588494,7.497081,Penta,20,20.74,1,0
2026-08-21,,Proposed Primary Health Center,Kurfi,Katsina,12.588494,7.497081,Measles,0,20.74,1,1
2026-08-24,,Proposed Primary Health Center,Kurfi,Katsina,12.588494,7.497081,BCG,0,22.43,1,1
2026-08-24,,Proposed Primary Health Center,Kurfi,Katsina,12.588494,7.497081,Penta,200,22.43,1,1
2026-08-24,,Proposed Primary Health Center,Kurfi,Katsina,12.588494,7.497081,Measles,0,22.43,1,1
2026-08-27,,Proposed Primary Health Center,Kurfi,Katsina,12.588494,7.497081,BCG,0,21.15,1,1
2026-08-27,,Proposed Primary Health Center,Kurfi,Katsina,12.588494,7.497081,Penta,176,21.15,1,0
2026-08-27,,Proposed Primary Health Center,Kurfi,Katsina,12.588494,7.497081,Measles,0,21.15,1,1
2026-08-01,,Kagadama Health Post,Kusada,Katsina,12.47322193,7.931394451,BCG,123,2.0,1,0
2026-08-01,,Kagadama Health Post,Kusada,Katsina,12.47322193,7.931394451,Penta,130,2.0,1,0
2026-08-01,,Kagadama Health Post,Kusada,Katsina,12.47322193,7.931394451,Measles,124,2.0,1,0
2026-08-13,,Kagadama Health Post,Kusada,Katsina,12.47322193,7.931394451,BCG,99,21.43,1,0
2026-08-13,,Kagadama Health Post,Kusada,Katsina,12.47322193,7.931394451,Penta,107,21.43,1,0
2026-08-13,,Kagadama Health Post,Kusada,Katsina,12.47322193,7.931394451,Measles,90,21.43,1,0
2026-08-22,,Kagadama Health Post,Kusada,Katsina,12.47322193,7.931394451,BCG,78,21.37,1,0
2026-08-22,,Kagadama Health Post,Kusada,Katsina,12.47322193,7.931394451,Penta,81,21.37,1,0
2026-08-22,,Kagadama Health Post,Kusada,Katsina,12.47322193,7.931394451,Measles,67,21.37,1,0
2026-08-11,46136117.0,Aganta B Maternity and  Child Health Clinic,Kusada,Katsina,12.49313,7.904,BCG,120,20.9,1,0
2026-08-11,46136117.0,Aganta B Maternity and  Child Health Clinic,Kusada,Katsina,12.49313,7.904,Penta,0,20.9,1,1
2026-08-11,46136117.0,Aganta B Maternity and  Child Health Clinic,Kusada,Katsina,12.49313,7.904,Measles,125,20.9,1,0
2026-08-12,46136117.0,Aganta B Maternity and  Child Health Clinic,Kusada,Katsina,12.49313,7.904,BCG,94,18.84,1,0
2026-08-12,46136117.0,Aganta B Maternity and  Child Health Clinic,Kusada,Katsina,12.49313,7.904,Penta,0,18.84,1,1
2026-08-12,46136117.0,Aganta B Maternity and  Child Health Clinic,Kusada,Katsina,12.49313,7.904,Measles,87,18.84,1,0
2026-08-15,46136117.0,Aganta B Maternity and  Child Health Clinic,Kusada,Katsina,12.49313,7.904,BCG,64,21.48,1,0
2026-08-15,46136117.0,Aganta B Maternity and  Child Health Clinic,Kusada,Katsina,12.49313,7.904,Penta,0,21.48,1,1
2026-08-15,46136117.0,Aganta B Maternity and  Child Health Clinic,Kusada,Katsina,12.49313,7.904,Measles,53,21.48,1,0
2026-08-24,46136117.0,Aganta B Maternity and  Child Health Clinic,Kusada,Katsina,12.49313,7.904,BCG,39,22.18,1,0
2026-08-24,46136117.0,Aganta B Maternity and  Child Health Clinic,Kusada,Katsina,12.49313,7.904,Penta,0,22.18,1,1
2026-08-24,46136117.0,Aganta B Maternity and  Child Health Clinic,Kusada,Katsina,12.49313,7.904,Measles,31,22.18,1,0
2026-08-28,46136117.0,Aganta B Maternity and  Child Health Clinic,Kusada,Katsina,12.49313,7.904,BCG,0,21.39,1,1
2026-08-28,46136117.0,Aganta B Maternity and  Child Health Clinic,Kusada,Katsina,12.49313,7.904,Penta,0,21.39,1,1
2026-08-28,46136117.0,Aganta B Maternity and  Child Health Clinic,Kusada,Katsina,12.49313,7.904,Measles,15,21.39,1,0
2026-08-29,46136117.0,Aganta B Maternity and  Child Health Clinic,Kusada,Katsina,12.49313,7.904,BCG,0,19.67,1,1
2026-08-29,46136117.0,Aganta B Maternity and  Child Health Clinic,Kusada,Katsina,12.49313,7.904,Penta,0,19.67,1,1
2026-08-29,46136117.0,Aganta B Maternity and  Child Health Clinic,Kusada,Katsina,12.49313,7.904,Measles,0,19.67,1,1
2026-08-01,71505474.0,Gwajogwajo Health Clinic,Mai'Adua,Katsina,13.16245167,8.214183333,BCG,118,2.0,1,0
2026-08-01,71505474.0,Gwajogwajo Health Clinic,Mai'Adua,Katsina,13.16245167,8.214183333,Penta,124,2.0,1,0
2026-08-01,71505474.0,Gwajogwajo Health Clinic,Mai'Adua,Katsina,13.16245167,8.214183333,Measles,131,2.0,1,0
2026-08-03,71505474.0,Gwajogwajo Health Clinic,Mai'Adua,Katsina,13.16245167,8.214183333,BCG,90,2.0,1,0
2026-08-03,71505474.0,Gwajogwajo Health Clinic,Mai'Adua,Katsina,13.16245167,8.214183333,Penta,95,2.0,1,0
2026-08-03,71505474.0,Gwajogwajo Health Clinic,Mai'Adua,Katsina,13.16245167,8.214183333,Measles,112,2.0,1,0
2026-08-09,71505474.0,Gwajogwajo Health Clinic,Mai'Adua,Katsina,13.16245167,8.214183333,BCG,200,18.67,1,1
2026-08-09,71505474.0,Gwajogwajo Health Clinic,Mai'Adua,Katsina,13.16245167,8.214183333,Penta,71,18.67,1,0
2026-08-09,71505474.0,Gwajogwajo Health Clinic,Mai'Adua,Katsina,13.16245167,8.214183333,Measles,0,18.67,1,1
2026-08-11,71505474.0,Gwajogwajo Health Clinic,Mai'Adua,Katsina,13.16245167,8.214183333,BCG,173,19.36,1,0
2026-08-11,71505474.0,Gwajogwajo Health Clinic,Mai'Adua,Katsina,13.16245167,8.214183333,Penta,54,19.36,1,0
2026-08-11,71505474.0,Gwajogwajo Health Clinic,Mai'Adua,Katsina,13.16245167,8.214183333,Measles,200,19.36,1,1
2026-08-15,71505474.0,Gwajogwajo Health Clinic,Mai'Adua,Katsina,13.16245167,8.214183333,BCG,147,21.76,1,0
2026-08-15,71505474.0,Gwajogwajo Health Clinic,Mai'Adua,Katsina,13.16245167,8.214183333,Penta,36,21.76,1,0
2026-08-15,71505474.0,Gwajogwajo Health Clinic,Mai'Adua,Katsina,13.16245167,8.214183333,Measles,178,21.76,1,0
2026-08-17,71505474.0,Gwajogwajo Health Clinic,Mai'Adua,Katsina,13.16245167,8.214183333,BCG,0,20.68,1,1
2026-08-17,71505474.0,Gwajogwajo Health Clinic,Mai'Adua,Katsina,13.16245167,8.214183333,Penta,10,20.68,1,0
2026-08-17,71505474.0,Gwajogwajo Health Clinic,Mai'Adua,Katsina,13.16245167,8.214183333,Measles,0,20.68,1,1
2026-08-24,71505474.0,Gwajogwajo Health Clinic,Mai'Adua,Katsina,13.16245167,8.214183333,BCG,0,20.76,1,1
2026-08-24,71505474.0,Gwajogwajo Health Clinic,Mai'Adua,Katsina,13.16245167,8.214183333,Penta,0,20.76,1,1
2026-08-24,71505474.0,Gwajogwajo Health Clinic,Mai'Adua,Katsina,13.16245167,8.214183333,Measles,0,20.76,1,1
2026-08-30,71505474.0,Gwajogwajo Health Clinic,Mai'Adua,Katsina,13.16245167,8.214183333,BCG,0,20.64,1,1
2026-08-30,71505474.0,Gwajogwajo Health Clinic,Mai'Adua,Katsina,13.16245167,8.214183333,Penta,0,20.64,1,1
2026-08-30,71505474.0,Gwajogwajo Health Clinic,Mai'Adua,Katsina,13.16245167,8.214183333,Measles,0,20.64,1,1
2026-08-08,,Kaska Health Post,Mai'Adua,Katsina,13.049588,8.250044,BCG,122,20.26,1,0
2026-08-08,,Kaska Health Post,Mai'Adua,Katsina,13.049588,8.250044,Penta,125,20.26,1,0
2026-08-08,,Kaska Health Post,Mai'Adua,Katsina,13.049588,8.250044,Measles,120,20.26,1,0
2026-08-14,,Kaska Health Post,Mai'Adua,Katsina,13.049588,8.250044,BCG,101,21.36,1,0
2026-08-14,,Kaska Health Post,Mai'Adua,Katsina,13.049588,8.250044,Penta,101,21.36,1,0
2026-08-14,,Kaska Health Post,Mai'Adua,Katsina,13.049588,8.250044,Measles,104,21.36,1,0
2026-08-18,,Kaska Health Post,Mai'Adua,Katsina,13.049588,8.250044,BCG,84,21.39,1,0
2026-08-18,,Kaska Health Post,Mai'Adua,Katsina,13.049588,8.250044,Penta,82,21.39,1,0
2026-08-18,,Kaska Health Post,Mai'Adua,Katsina,13.049588,8.250044,Measles,0,21.39,1,1
2026-08-19,,Kaska Health Post,Mai'Adua,Katsina,13.049588,8.250044,BCG,56,18.24,1,0
2026-08-19,,Kaska Health Post,Mai'Adua,Katsina,13.049588,8.250044,Penta,51,18.24,1,0
2026-08-19,,Kaska Health Post,Mai'Adua,Katsina,13.049588,8.250044,Measles,0,18.24,1,1
2026-08-22,,Kaska Health Post,Mai'Adua,Katsina,13.049588,8.250044,BCG,31,20.64,1,0
2026-08-22,,Kaska Health Post,Mai'Adua,Katsina,13.049588,8.250044,Penta,18,20.64,1,0
2026-08-22,,Kaska Health Post,Mai'Adua,Katsina,13.049588,8.250044,Measles,0,20.64,1,1
2026-08-24,,Kaska Health Post,Mai'Adua,Katsina,13.049588,8.250044,BCG,0,20.5,1,1
2026-08-24,,Kaska Health Post,Mai'Adua,Katsina,13.049588,8.250044,Penta,200,20.5,1,1
2026-08-24,,Kaska Health Post,Mai'Adua,Katsina,13.049588,8.250044,Measles,200,20.5,1,1
2026-08-26,,Kaska Health Post,Mai'Adua,Katsina,13.049588,8.250044,BCG,0,20.88,1,1
2026-08-26,,Kaska Health Post,Mai'Adua,Katsina,13.049588,8.250044,Penta,184,20.88,1,0
2026-08-26,,Kaska Health Post,Mai'Adua,Katsina,13.049588,8.250044,Measles,170,20.88,1,0
2026-08-28,,Kaska Health Post,Mai'Adua,Katsina,13.049588,8.250044,BCG,0,21.28,1,1
2026-08-28,,Kaska Health Post,Mai'Adua,Katsina,13.049588,8.250044,Penta,158,21.28,1,0
2026-08-28,,Kaska Health Post,Mai'Adua,Katsina,13.049588,8.250044,Measles,0,21.28,1,1
2026-08-30,,Kaska Health Post,Mai'Adua,Katsina,13.049588,8.250044,BCG,0,21.69,1,1
2026-08-30,,Kaska Health Post,Mai'Adua,Katsina,13.049588,8.250044,Penta,0,21.69,1,1
2026-08-30,,Kaska Health Post,Mai'Adua,Katsina,13.049588,8.250044,Measles,0,21.69,1,1
2026-08-12,83589855.0,Babban Duhu Health Clinic,Malumfashi,Katsina,11.9581218,7.6296835,BCG,127,21.21,1,0
2026-08-12,83589855.0,Babban Duhu Health Clinic,Malumfashi,Katsina,11.9581218,7.6296835,Penta,0,21.21,1,1
2026-08-12,83589855.0,Babban Duhu Health Clinic,Malumfashi,Katsina,11.9581218,7.6296835,Measles,123,21.21,1,0
2026-08-14,83589855.0,Babban Duhu Health Clinic,Malumfashi,Katsina,11.9581218,7.6296835,BCG,91,20.25,1,0
2026-08-14,83589855.0,Babban Duhu Health Clinic,Malumfashi,Katsina,11.9581218,7.6296835,Penta,0,20.25,1,1
2026-08-14,83589855.0,Babban Duhu Health Clinic,Malumfashi,Katsina,11.9581218,7.6296835,Measles,100,20.25,1,0
2026-08-20,83589855.0,Babban Duhu Health Clinic,Malumfashi,Katsina,11.9581218,7.6296835,BCG,65,20.94,1,0
2026-08-20,83589855.0,Babban Duhu Health Clinic,Malumfashi,Katsina,11.9581218,7.6296835,Penta,200,20.94,1,1
2026-08-20,83589855.0,Babban Duhu Health Clinic,Malumfashi,Katsina,11.9581218,7.6296835,Measles,77,20.94,1,0
2026-08-01,,Almakiyayi Health Clinic,Malumfashi,Katsina,11.87941,7.65932,BCG,124,2.0,1,0
2026-08-01,,Almakiyayi Health Clinic,Malumfashi,Katsina,11.87941,7.65932,Penta,129,2.0,1,0
2026-08-01,,Almakiyayi Health Clinic,Malumfashi,Katsina,11.87941,7.65932,Measles,115,2.0,1,0
2026-08-02,,Almakiyayi Health Clinic,Malumfashi,Katsina,11.87941,7.65932,BCG,102,2.0,1,0
2026-08-02,,Almakiyayi Health Clinic,Malumfashi,Katsina,11.87941,7.65932,Penta,107,2.0,1,0
2026-08-02,,Almakiyayi Health Clinic,Malumfashi,Katsina,11.87941,7.65932,Measles,97,2.0,1,0
2026-08-05,,Almakiyayi Health Clinic,Malumfashi,Katsina,11.87941,7.65932,BCG,77,7.99,1,0
2026-08-05,,Almakiyayi Health Clinic,Malumfashi,Katsina,11.87941,7.65932,Penta,79,7.99,1,0
2026-08-05,,Almakiyayi Health Clinic,Malumfashi,Katsina,11.87941,7.65932,Measles,67,7.99,1,0
2026-08-18,,Almakiyayi Health Clinic,Malumfashi,Katsina,11.87941,7.65932,BCG,0,22.13,1,1
2026-08-18,,Almakiyayi Health Clinic,Malumfashi,Katsina,11.87941,7.65932,Penta,59,22.13,1,0
2026-08-18,,Almakiyayi Health Clinic,Malumfashi,Katsina,11.87941,7.65932,Measles,0,22.13,1,1
2026-08-23,,Almakiyayi Health Clinic,Malumfashi,Katsina,11.87941,7.65932,BCG,200,21.23,1,1
2026-08-23,,Almakiyayi Health Clinic,Malumfashi,Katsina,11.87941,7.65932,Penta,233,21.23,1,0
2026-08-23,,Almakiyayi Health Clinic,Malumfashi,Katsina,11.87941,7.65932,Measles,0,21.23,1,1
2026-08-29,,Almakiyayi Health Clinic,Malumfashi,Katsina,11.87941,7.65932,BCG,174,22.02,1,0
2026-08-29,,Almakiyayi Health Clinic,Malumfashi,Katsina,11.87941,7.65932,Penta,210,22.02,1,0
2026-08-29,,Almakiyayi Health Clinic,Malumfashi,Katsina,11.87941,7.65932,Measles,200,22.02,1,1
2026-08-01,13439608.0,Kugado Health Post,Mani,Katsina,12.91044,7.89004,BCG,126,2.0,1,0
2026-08-01,13439608.0,Kugado Health Post,Mani,Katsina,12.91044,7.89004,Penta,127,2.0,1,0
2026-08-01,13439608.0,Kugado Health Post,Mani,Katsina,12.91044,7.89004,Measles,129,2.0,1,0
2026-08-03,13439608.0,Kugado Health Post,Mani,Katsina,12.91044,7.89004,BCG,107,3.95,1,0
2026-08-03,13439608.0,Kugado Health Post,Mani,Katsina,12.91044,7.89004,Penta,106,3.95,1,0
2026-08-03,13439608.0,Kugado Health Post,Mani,Katsina,12.91044,7.89004,Measles,113,3.95,1,0
2026-08-07,13439608.0,Kugado Health Post,Mani,Katsina,12.91044,7.89004,BCG,0,13.46,1,1
2026-08-07,13439608.0,Kugado Health Post,Mani,Katsina,12.91044,7.89004,Penta,74,13.46,1,0
2026-08-07,13439608.0,Kugado Health Post,Mani,Katsina,12.91044,7.89004,Measles,83,13.46,1,0
2026-08-09,13439608.0,Kugado Health Post,Mani,Katsina,12.91044,7.89004,BCG,0,13.48,1,1
2026-08-09,13439608.0,Kugado Health Post,Mani,Katsina,12.91044,7.89004,Penta,45,13.48,1,0
2026-08-09,13439608.0,Kugado Health Post,Mani,Katsina,12.91044,7.89004,Measles,61,13.48,1,0
2026-08-22,13439608.0,Kugado Health Post,Mani,Katsina,12.91044,7.89004,BCG,0,21.52,1,1
2026-08-22,13439608.0,Kugado Health Post,Mani,Katsina,12.91044,7.89004,Penta,16,21.52,1,0
2026-08-22,13439608.0,Kugado Health Post,Mani,Katsina,12.91044,7.89004,Measles,43,21.52,1,0
2026-08-10,,Kinagwama Health Clinic,Mani,Katsina,12.8395,8.05643,BCG,125,21.08,1,0
2026-08-10,,Kinagwama Health Clinic,Mani,Katsina,12.8395,8.05643,Penta,125,21.08,1,0
2026-08-10,,Kinagwama Health Clinic,Mani,Katsina,12.8395,8.05643,Measles,119,21.08,1,0
2026-08-12,,Kinagwama Health Clinic,Mani,Katsina,12.8395,8.05643,BCG,94,20.2,1,0
2026-08-12,,Kinagwama Health Clinic,Mani,Katsina,12.8395,8.05643,Penta,97,20.2,1,0
2026-08-12,,Kinagwama Health Clinic,Mani,Katsina,12.8395,8.05643,Measles,100,20.2,1,0
2026-08-19,,Kinagwama Health Clinic,Mani,Katsina,12.8395,8.05643,BCG,65,20.66,1,0
2026-08-19,,Kinagwama Health Clinic,Mani,Katsina,12.8395,8.05643,Penta,69,20.66,1,0
2026-08-19,,Kinagwama Health Clinic,Mani,Katsina,12.8395,8.05643,Measles,78,20.66,1,0
2026-08-01,,Yanriga Maternity and  Child Health Clinic,Mashi,Katsina,12.94781833,8.001308333,BCG,120,2.0,1,0
2026-08-01,,Yanriga Maternity and  Child Health Clinic,Mashi,Katsina,12.94781833,8.001308333,Penta,136,2.0,1,0
2026-08-01,,Yanriga Maternity and  Child Health Clinic,Mashi,Katsina,12.94781833,8.001308333,Measles,131,2.0,1,0
2026-08-02,,Yanriga Maternity and  Child Health Clinic,Mashi,Katsina,12.94781833,8.001308333,BCG,92,2.0,1,0
2026-08-02,,Yanriga Maternity and  Child Health Clinic,Mashi,Katsina,12.94781833,8.001308333,Penta,120,2.0,1,0
2026-08-02,,Yanriga Maternity and  Child Health Clinic,Mashi,Katsina,12.94781833,8.001308333,Measles,103,2.0,1,0
2026-08-10,,Yanriga Maternity and  Child Health Clinic,Mashi,Katsina,12.94781833,8.001308333,BCG,0,21.31,1,1
2026-08-10,,Yanriga Maternity and  Child Health Clinic,Mashi,Katsina,12.94781833,8.001308333,Penta,93,21.31,1,0
2026-08-10,,Yanriga Maternity and  Child Health Clinic,Mashi,Katsina,12.94781833,8.001308333,Measles,0,21.31,1,1
2026-08-19,,Yanriga Maternity and  Child Health Clinic,Mashi,Katsina,12.94781833,8.001308333,BCG,0,21.33,1,1
2026-08-19,,Yanriga Maternity and  Child Health Clinic,Mashi,Katsina,12.94781833,8.001308333,Penta,66,21.33,1,0
2026-08-19,,Yanriga Maternity and  Child Health Clinic,Mashi,Katsina,12.94781833,8.001308333,Measles,0,21.33,1,1
2026-08-20,,Yanriga Maternity and  Child Health Clinic,Mashi,Katsina,12.94781833,8.001308333,BCG,200,18.91,1,1
2026-08-20,,Yanriga Maternity and  Child Health Clinic,Mashi,Katsina,12.94781833,8.001308333,Penta,39,18.91,1,0
2026-08-20,,Yanriga Maternity and  Child Health Clinic,Mashi,Katsina,12.94781833,8.001308333,Measles,0,18.91,1,1
2026-08-21,,Yanriga Maternity and  Child Health Clinic,Mashi,Katsina,12.94781833,8.001308333,BCG,176,16.16,1,0
2026-08-21,,Yanriga Maternity and  Child Health Clinic,Mashi,Katsina,12.94781833,8.001308333,Penta,11,16.16,1,0
2026-08-21,,Yanriga Maternity and  Child Health Clinic,Mashi,Katsina,12.94781833,8.001308333,Measles,0,16.16,1,1
2026-08-23,,Yanriga Maternity and  Child Health Clinic,Mashi,Katsina,12.94781833,8.001308333,BCG,141,15.74,1,0
2026-08-23,,Yanriga Maternity and  Child Health Clinic,Mashi,Katsina,12.94781833,8.001308333,Penta,0,15.74,1,1
2026-08-23,,Yanriga Maternity and  Child Health Clinic,Mashi,Katsina,12.94781833,8.001308333,Measles,0,15.74,1,1
2026-08-24,,Yanriga Maternity and  Child Health Clinic,Mashi,Katsina,12.94781833,8.001308333,BCG,124,13.4,1,0
2026-08-24,,Yanriga Maternity and  Child Health Clinic,Mashi,Katsina,12.94781833,8.001308333,Penta,0,13.4,1,1
2026-08-24,,Yanriga Maternity and  Child Health Clinic,Mashi,Katsina,12.94781833,8.001308333,Measles,200,13.4,1,1
2026-08-04,80495527.0,Badauri Health Clinic,Mashi,Katsina,12.97191,8.03192,BCG,126,10.99,1,0
2026-08-04,80495527.0,Badauri Health Clinic,Mashi,Katsina,12.97191,8.03192,Penta,132,10.99,1,0
2026-08-04,80495527.0,Badauri Health Clinic,Mashi,Katsina,12.97191,8.03192,Measles,134,10.99,1,0
2026-08-05,80495527.0,Badauri Health Clinic,Mashi,Katsina,12.97191,8.03192,BCG,102,8.49,1,0
2026-08-05,80495527.0,Badauri Health Clinic,Mashi,Katsina,12.97191,8.03192,Penta,108,8.49,1,0
2026-08-05,80495527.0,Badauri Health Clinic,Mashi,Katsina,12.97191,8.03192,Measles,114,8.49,1,0
2026-08-13,80495527.0,Badauri Health Clinic,Mashi,Katsina,12.97191,8.03192,BCG,81,21.98,1,0
2026-08-13,80495527.0,Badauri Health Clinic,Mashi,Katsina,12.97191,8.03192,Penta,74,21.98,1,0
2026-08-13,80495527.0,Badauri Health Clinic,Mashi,Katsina,12.97191,8.03192,Measles,87,21.98,1,0
2026-08-17,80495527.0,Badauri Health Clinic,Mashi,Katsina,12.97191,8.03192,BCG,59,21.98,1,0
2026-08-17,80495527.0,Badauri Health Clinic,Mashi,Katsina,12.97191,8.03192,Penta,48,21.98,1,0
2026-08-17,80495527.0,Badauri Health Clinic,Mashi,Katsina,12.97191,8.03192,Measles,0,21.98,1,1
2026-08-19,80495527.0,Badauri Health Clinic,Mashi,Katsina,12.97191,8.03192,BCG,33,20.12,1,0
2026-08-19,80495527.0,Badauri Health Clinic,Mashi,Katsina,12.97191,8.03192,Penta,226,20.12,1,0
2026-08-19,80495527.0,Badauri Health Clinic,Mashi,Katsina,12.97191,8.03192,Measles,0,20.12,1,1
2026-08-24,80495527.0,Badauri Health Clinic,Mashi,Katsina,12.97191,8.03192,BCG,0,21.91,1,1
2026-08-24,80495527.0,Badauri Health Clinic,Mashi,Katsina,12.97191,8.03192,Penta,203,21.91,1,0
2026-08-24,80495527.0,Badauri Health Clinic,Mashi,Katsina,12.97191,8.03192,Measles,200,21.91,1,1
2026-08-30,80495527.0,Badauri Health Clinic,Mashi,Katsina,12.97191,8.03192,BCG,0,22.03,1,1
2026-08-30,80495527.0,Badauri Health Clinic,Mashi,Katsina,12.97191,8.03192,Penta,184,22.03,1,0
2026-08-30,80495527.0,Badauri Health Clinic,Mashi,Katsina,12.97191,8.03192,Measles,179,22.03,1,0
2026-08-02,73944588.0,Sayaya Primary Health Center,Matazu,Katsina,12.272683,7.647533,BCG,123,5.97,1,0
2026-08-02,73944588.0,Sayaya Primary Health Center,Matazu,Katsina,12.272683,7.647533,Penta,124,5.97,1,0
2026-08-02,73944588.0,Sayaya Primary Health Center,Matazu,Katsina,12.272683,7.647533,Measles,127,5.97,1,0
2026-08-11,73944588.0,Sayaya Primary Health Center,Matazu,Katsina,12.272683,7.647533,BCG,103,22.3,1,0
2026-08-11,73944588.0,Sayaya Primary Health Center,Matazu,Katsina,12.272683,7.647533,Penta,99,22.3,1,0
2026-08-11,73944588.0,Sayaya Primary Health Center,Matazu,Katsina,12.272683,7.647533,Measles,108,22.3,1,0
2026-08-15,73944588.0,Sayaya Primary Health Center,Matazu,Katsina,12.272683,7.647533,BCG,78,21.84,1,0
2026-08-15,73944588.0,Sayaya Primary Health Center,Matazu,Katsina,12.272683,7.647533,Penta,79,21.84,1,0
2026-08-15,73944588.0,Sayaya Primary Health Center,Matazu,Katsina,12.272683,7.647533,Measles,83,21.84,1,0
2026-08-22,73944588.0,Sayaya Primary Health Center,Matazu,Katsina,12.272683,7.647533,BCG,55,22.1,1,0
2026-08-22,73944588.0,Sayaya Primary Health Center,Matazu,Katsina,12.272683,7.647533,Penta,0,22.1,1,1
2026-08-22,73944588.0,Sayaya Primary Health Center,Matazu,Katsina,12.272683,7.647533,Measles,63,22.1,1,0
2026-08-24,73944588.0,Sayaya Primary Health Center,Matazu,Katsina,12.272683,7.647533,BCG,31,21.34,1,0
2026-08-24,73944588.0,Sayaya Primary Health Center,Matazu,Katsina,12.272683,7.647533,Penta,200,21.34,1,1
2026-08-24,73944588.0,Sayaya Primary Health Center,Matazu,Katsina,12.272683,7.647533,Measles,0,21.34,1,1
2026-08-02,76744058.0,Gidan Alh Lawal Health Clinic,Matazu,Katsina,12.18338,7.70453,BCG,134,6.56,1,0
2026-08-02,76744058.0,Gidan Alh Lawal Health Clinic,Matazu,Katsina,12.18338,7.70453,Penta,125,6.56,1,0
2026-08-02,76744058.0,Gidan Alh Lawal Health Clinic,Matazu,Katsina,12.18338,7.70453,Measles,130,6.56,1,0
2026-08-04,76744058.0,Gidan Alh Lawal Health Clinic,Matazu,Katsina,12.18338,7.70453,BCG,99,5.57,1,0
2026-08-04,76744058.0,Gidan Alh Lawal Health Clinic,Matazu,Katsina,12.18338,7.70453,Penta,96,5.57,1,0
2026-08-04,76744058.0,Gidan Alh Lawal Health Clinic,Matazu,Katsina,12.18338,7.70453,Measles,111,5.57,1,0
2026-08-09,76744058.0,Gidan Alh Lawal Health Clinic,Matazu,Katsina,12.18338,7.70453,BCG,70,21.0,1,0
2026-08-09,76744058.0,Gidan Alh Lawal Health Clinic,Matazu,Katsina,12.18338,7.70453,Penta,0,21.0,1,1
2026-08-09,76744058.0,Gidan Alh Lawal Health Clinic,Matazu,Katsina,12.18338,7.70453,Measles,87,21.0,1,0
2026-08-10,76744058.0,Gidan Alh Lawal Health Clinic,Matazu,Katsina,12.18338,7.70453,BCG,0,18.31,1,1
2026-08-10,76744058.0,Gidan Alh Lawal Health Clinic,Matazu,Katsina,12.18338,7.70453,Penta,0,18.31,1,1
2026-08-10,76744058.0,Gidan Alh Lawal Health Clinic,Matazu,Katsina,12.18338,7.70453,Measles,0,18.31,1,1
2026-08-12,76744058.0,Gidan Alh Lawal Health Clinic,Matazu,Katsina,12.18338,7.70453,BCG,0,18.62,1,1
2026-08-12,76744058.0,Gidan Alh Lawal Health Clinic,Matazu,Katsina,12.18338,7.70453,Penta,0,18.62,1,1
2026-08-12,76744058.0,Gidan Alh Lawal Health Clinic,Matazu,Katsina,12.18338,7.70453,Measles,0,18.62,1,1
2026-08-13,76744058.0,Gidan Alh Lawal Health Clinic,Matazu,Katsina,12.18338,7.70453,BCG,200,17.85,1,1
2026-08-13,76744058.0,Gidan Alh Lawal Health Clinic,Matazu,Katsina,12.18338,7.70453,Penta,0,17.85,1,1
2026-08-13,76744058.0,Gidan Alh Lawal Health Clinic,Matazu,Katsina,12.18338,7.70453,Measles,0,17.85,1,1
2026-08-17,76744058.0,Gidan Alh Lawal Health Clinic,Matazu,Katsina,12.18338,7.70453,BCG,166,21.52,1,0
2026-08-17,76744058.0,Gidan Alh Lawal Health Clinic,Matazu,Katsina,12.18338,7.70453,Penta,0,21.52,1,1
2026-08-17,76744058.0,Gidan Alh Lawal Health Clinic,Matazu,Katsina,12.18338,7.70453,Measles,0,21.52,1,1
2026-08-03,76250068.0,Tsabe Health Clinic,Musawa,Katsina,12.00237356,7.58279931,BCG,123,7.45,1,0
2026-08-03,76250068.0,Tsabe Health Clinic,Musawa,Katsina,12.00237356,7.58279931,Penta,127,7.45,1,0
2026-08-03,76250068.0,Tsabe Health Clinic,Musawa,Katsina,12.00237356,7.58279931,Measles,131,7.45,1,0
2026-08-04,76250068.0,Tsabe Health Clinic,Musawa,Katsina,12.00237356,7.58279931,BCG,93,4.53,1,0
2026-08-04,76250068.0,Tsabe Health Clinic,Musawa,Katsina,12.00237356,7.58279931,Penta,101,4.53,1,0
2026-08-04,76250068.0,Tsabe Health Clinic,Musawa,Katsina,12.00237356,7.58279931,Measles,94,4.53,1,0
2026-08-06,76250068.0,Tsabe Health Clinic,Musawa,Katsina,12.00237356,7.58279931,BCG,79,4.35,1,0
2026-08-06,76250068.0,Tsabe Health Clinic,Musawa,Katsina,12.00237356,7.58279931,Penta,86,4.35,1,0
2026-08-06,76250068.0,Tsabe Health Clinic,Musawa,Katsina,12.00237356,7.58279931,Measles,77,4.35,1,0
2026-08-12,76250068.0,Tsabe Health Clinic,Musawa,Katsina,12.00237356,7.58279931,BCG,51,21.96,1,0
2026-08-12,76250068.0,Tsabe Health Clinic,Musawa,Katsina,12.00237356,7.58279931,Penta,55,21.96,1,0
2026-08-12,76250068.0,Tsabe Health Clinic,Musawa,Katsina,12.00237356,7.58279931,Measles,52,21.96,1,0
2026-08-13,76250068.0,Tsabe Health Clinic,Musawa,Katsina,12.00237356,7.58279931,BCG,0,19.68,1,1
2026-08-13,76250068.0,Tsabe Health Clinic,Musawa,Katsina,12.00237356,7.58279931,Penta,20,19.68,1,0
2026-08-13,76250068.0,Tsabe Health Clinic,Musawa,Katsina,12.00237356,7.58279931,Measles,0,19.68,1,1
2026-08-16,76250068.0,Tsabe Health Clinic,Musawa,Katsina,12.00237356,7.58279931,BCG,0,22.46,1,1
2026-08-16,76250068.0,Tsabe Health Clinic,Musawa,Katsina,12.00237356,7.58279931,Penta,0,22.46,1,1
2026-08-16,76250068.0,Tsabe Health Clinic,Musawa,Katsina,12.00237356,7.58279931,Measles,0,22.46,1,1
2026-08-18,76250068.0,Tsabe Health Clinic,Musawa,Katsina,12.00237356,7.58279931,BCG,0,22.27,1,1
2026-08-18,76250068.0,Tsabe Health Clinic,Musawa,Katsina,12.00237356,7.58279931,Penta,0,22.27,1,1
2026-08-18,76250068.0,Tsabe Health Clinic,Musawa,Katsina,12.00237356,7.58279931,Measles,0,22.27,1,1
2026-08-24,76250068.0,Tsabe Health Clinic,Musawa,Katsina,12.00237356,7.58279931,BCG,0,22.05,1,1
2026-08-24,76250068.0,Tsabe Health Clinic,Musawa,Katsina,12.00237356,7.58279931,Penta,0,22.05,1,1
2026-08-24,76250068.0,Tsabe Health Clinic,Musawa,Katsina,12.00237356,7.58279931,Measles,0,22.05,1,1
2026-08-25,76250068.0,Tsabe Health Clinic,Musawa,Katsina,12.00237356,7.58279931,BCG,0,19.53,1,1
2026-08-25,76250068.0,Tsabe Health Clinic,Musawa,Katsina,12.00237356,7.58279931,Penta,0,19.53,1,1
2026-08-25,76250068.0,Tsabe Health Clinic,Musawa,Katsina,12.00237356,7.58279931,Measles,0,19.53,1,1
2026-08-26,76250068.0,Tsabe Health Clinic,Musawa,Katsina,12.00237356,7.58279931,BCG,0,16.46,1,1
2026-08-26,76250068.0,Tsabe Health Clinic,Musawa,Katsina,12.00237356,7.58279931,Penta,0,16.46,1,1
2026-08-26,76250068.0,Tsabe Health Clinic,Musawa,Katsina,12.00237356,7.58279931,Measles,0,16.46,1,1
2026-08-27,76250068.0,Tsabe Health Clinic,Musawa,Katsina,12.00237356,7.58279931,BCG,0,14.63,1,1
2026-08-27,76250068.0,Tsabe Health Clinic,Musawa,Katsina,12.00237356,7.58279931,Penta,0,14.63,1,1
2026-08-27,76250068.0,Tsabe Health Clinic,Musawa,Katsina,12.00237356,7.58279931,Measles,0,14.63,1,1
2026-08-01,,Mangafi Primary Health Center,Musawa,Katsina,12.0953,7.803698333,BCG,119,2.0,1,0
2026-08-01,,Mangafi Primary Health Center,Musawa,Katsina,12.0953,7.803698333,Penta,123,2.0,1,0
2026-08-01,,Mangafi Primary Health Center,Musawa,Katsina,12.0953,7.803698333,Measles,124,2.0,1,0
2026-08-07,,Mangafi Primary Health Center,Musawa,Katsina,12.0953,7.803698333,BCG,91,17.99,1,0
2026-08-07,,Mangafi Primary Health Center,Musawa,Katsina,12.0953,7.803698333,Penta,103,17.99,1,0
2026-08-07,,Mangafi Primary Health Center,Musawa,Katsina,12.0953,7.803698333,Measles,0,17.99,1,1
2026-08-15,,Mangafi Primary Health Center,Musawa,Katsina,12.0953,7.803698333,BCG,70,20.81,1,0
2026-08-15,,Mangafi Primary Health Center,Musawa,Katsina,12.0953,7.803698333,Penta,75,20.81,1,0
2026-08-15,,Mangafi Primary Health Center,Musawa,Katsina,12.0953,7.803698333,Measles,0,20.81,1,1
2026-08-17,,Mangafi Primary Health Center,Musawa,Katsina,12.0953,7.803698333,BCG,47,21.61,1,0
2026-08-17,,Mangafi Primary Health Center,Musawa,Katsina,12.0953,7.803698333,Penta,55,21.61,1,0
2026-08-17,,Mangafi Primary Health Center,Musawa,Katsina,12.0953,7.803698333,Measles,0,21.61,1,1
2026-08-23,,Mangafi Primary Health Center,Musawa,Katsina,12.0953,7.803698333,BCG,28,21.27,1,0
2026-08-23,,Mangafi Primary Health Center,Musawa,Katsina,12.0953,7.803698333,Penta,31,21.27,1,0
2026-08-23,,Mangafi Primary Health Center,Musawa,Katsina,12.0953,7.803698333,Measles,0,21.27,1,1
2026-08-24,,Mangafi Primary Health Center,Musawa,Katsina,12.0953,7.803698333,BCG,200,17.3,1,1
2026-08-24,,Mangafi Primary Health Center,Musawa,Katsina,12.0953,7.803698333,Penta,9,17.3,1,0
2026-08-24,,Mangafi Primary Health Center,Musawa,Katsina,12.0953,7.803698333,Measles,0,17.3,1,1
2026-08-26,,Mangafi Primary Health Center,Musawa,Katsina,12.0953,7.803698333,BCG,200,17.86,1,1
2026-08-26,,Mangafi Primary Health Center,Musawa,Katsina,12.0953,7.803698333,Penta,200,17.86,1,1
2026-08-26,,Mangafi Primary Health Center,Musawa,Katsina,12.0953,7.803698333,Measles,0,17.86,1,1
2026-08-05,,Tafidarawa Health Clinic,Rimi,Katsina,13.0139,7.74299,BCG,125,15.45,1,0
2026-08-05,,Tafidarawa Health Clinic,Rimi,Katsina,13.0139,7.74299,Penta,124,15.45,1,0
2026-08-05,,Tafidarawa Health Clinic,Rimi,Katsina,13.0139,7.74299,Measles,131,15.45,1,0
2026-08-09,,Tafidarawa Health Clinic,Rimi,Katsina,13.0139,7.74299,BCG,106,20.89,1,0
2026-08-09,,Tafidarawa Health Clinic,Rimi,Katsina,13.0139,7.74299,Penta,100,20.89,1,0
2026-08-09,,Tafidarawa Health Clinic,Rimi,Katsina,13.0139,7.74299,Measles,0,20.89,1,1
2026-08-10,,Tafidarawa Health Clinic,Rimi,Katsina,13.0139,7.74299,BCG,86,17.59,1,0
2026-08-10,,Tafidarawa Health Clinic,Rimi,Katsina,13.0139,7.74299,Penta,75,17.59,1,0
2026-08-10,,Tafidarawa Health Clinic,Rimi,Katsina,13.0139,7.74299,Measles,0,17.59,1,1
2026-08-13,,Tafidarawa Health Clinic,Rimi,Katsina,13.0139,7.74299,BCG,54,20.85,1,0
2026-08-13,,Tafidarawa Health Clinic,Rimi,Katsina,13.0139,7.74299,Penta,249,20.85,1,0
2026-08-13,,Tafidarawa Health Clinic,Rimi,Katsina,13.0139,7.74299,Measles,0,20.85,1,1
2026-08-14,,Tafidarawa Health Clinic,Rimi,Katsina,13.0139,7.74299,BCG,32,18.6,1,0
2026-08-14,,Tafidarawa Health Clinic,Rimi,Katsina,13.0139,7.74299,Penta,219,18.6,1,0
2026-08-14,,Tafidarawa Health Clinic,Rimi,Katsina,13.0139,7.74299,Measles,0,18.6,1,1
2026-08-15,,Tafidarawa Health Clinic,Rimi,Katsina,13.0139,7.74299,BCG,6,15.68,1,0
2026-08-15,,Tafidarawa Health Clinic,Rimi,Katsina,13.0139,7.74299,Penta,193,15.68,1,0
2026-08-15,,Tafidarawa Health Clinic,Rimi,Katsina,13.0139,7.74299,Measles,0,15.68,1,1
2026-08-21,,Tafidarawa Health Clinic,Rimi,Katsina,13.0139,7.74299,BCG,0,21.11,1,1
2026-08-21,,Tafidarawa Health Clinic,Rimi,Katsina,13.0139,7.74299,Penta,164,21.11,1,0
2026-08-21,,Tafidarawa Health Clinic,Rimi,Katsina,13.0139,7.74299,Measles,200,21.11,1,1
2026-08-23,,Tafidarawa Health Clinic,Rimi,Katsina,13.0139,7.74299,BCG,200,21.49,1,1
2026-08-23,,Tafidarawa Health Clinic,Rimi,Katsina,13.0139,7.74299,Penta,146,21.49,1,0
2026-08-23,,Tafidarawa Health Clinic,Rimi,Katsina,13.0139,7.74299,Measles,173,21.49,1,0
2026-08-03,54881544.0,Masabo Health Clinic,Rimi,Katsina,12.94195667,7.731351667,BCG,126,7.51,1,0
2026-08-03,54881544.0,Masabo Health Clinic,Rimi,Katsina,12.94195667,7.731351667,Penta,124,7.51,1,0
2026-08-03,54881544.0,Masabo Health Clinic,Rimi,Katsina,12.94195667,7.731351667,Measles,124,7.51,1,0
2026-08-09,54881544.0,Masabo Health Clinic,Rimi,Katsina,12.94195667,7.731351667,BCG,102,19.92,1,0
2026-08-09,54881544.0,Masabo Health Clinic,Rimi,Katsina,12.94195667,7.731351667,Penta,104,19.92,1,0
2026-08-09,54881544.0,Masabo Health Clinic,Rimi,Katsina,12.94195667,7.731351667,Measles,0,19.92,1,1
2026-08-14,54881544.0,Masabo Health Clinic,Rimi,Katsina,12.94195667,7.731351667,BCG,75,21.35,1,0
2026-08-14,54881544.0,Masabo Health Clinic,Rimi,Katsina,12.94195667,7.731351667,Penta,0,21.35,1,1
2026-08-14,54881544.0,Masabo Health Clinic,Rimi,Katsina,12.94195667,7.731351667,Measles,0,21.35,1,1
2026-08-02,64066677.0,Unguwar Sani Health Clinic,Sabuwa,Katsina,11.25672667,7.158958333,BCG,132,4.5,1,0
2026-08-02,64066677.0,Unguwar Sani Health Clinic,Sabuwa,Katsina,11.25672667,7.158958333,Penta,123,4.5,1,0
2026-08-02,64066677.0,Unguwar Sani Health Clinic,Sabuwa,Katsina,11.25672667,7.158958333,Measles,127,4.5,1,0
2026-08-16,64066677.0,Unguwar Sani Health Clinic,Sabuwa,Katsina,11.25672667,7.158958333,BCG,106,21.11,1,0
2026-08-16,64066677.0,Unguwar Sani Health Clinic,Sabuwa,Katsina,11.25672667,7.158958333,Penta,0,21.11,1,1
2026-08-16,64066677.0,Unguwar Sani Health Clinic,Sabuwa,Katsina,11.25672667,7.158958333,Measles,103,21.11,1,0
2026-08-21,64066677.0,Unguwar Sani Health Clinic,Sabuwa,Katsina,11.25672667,7.158958333,BCG,84,20.93,1,0
2026-08-21,64066677.0,Unguwar Sani Health Clinic,Sabuwa,Katsina,11.25672667,7.158958333,Penta,0,20.93,1,1
2026-08-21,64066677.0,Unguwar Sani Health Clinic,Sabuwa,Katsina,11.25672667,7.158958333,Measles,79,20.93,1,0
2026-08-22,64066677.0,Unguwar Sani Health Clinic,Sabuwa,Katsina,11.25672667,7.158958333,BCG,66,17.76,1,0
2026-08-22,64066677.0,Unguwar Sani Health Clinic,Sabuwa,Katsina,11.25672667,7.158958333,Penta,0,17.76,1,1
2026-08-22,64066677.0,Unguwar Sani Health Clinic,Sabuwa,Katsina,11.25672667,7.158958333,Measles,59,17.76,1,0
2026-08-27,64066677.0,Unguwar Sani Health Clinic,Sabuwa,Katsina,11.25672667,7.158958333,BCG,46,21.06,1,0
2026-08-27,64066677.0,Unguwar Sani Health Clinic,Sabuwa,Katsina,11.25672667,7.158958333,Penta,0,21.06,1,1
2026-08-27,64066677.0,Unguwar Sani Health Clinic,Sabuwa,Katsina,11.25672667,7.158958333,Measles,39,21.06,1,0
2026-08-28,64066677.0,Unguwar Sani Health Clinic,Sabuwa,Katsina,11.25672667,7.158958333,BCG,18,17.41,1,0
2026-08-28,64066677.0,Unguwar Sani Health Clinic,Sabuwa,Katsina,11.25672667,7.158958333,Penta,0,17.41,1,1
2026-08-28,64066677.0,Unguwar Sani Health Clinic,Sabuwa,Katsina,11.25672667,7.158958333,Measles,22,17.41,1,0
2026-08-01,44333907.0,Mazare Health Clinic,Sabuwa,Katsina,11.206827,7.102657,BCG,132,2.0,1,0
2026-08-01,44333907.0,Mazare Health Clinic,Sabuwa,Katsina,11.206827,7.102657,Penta,123,2.0,1,0
2026-08-01,44333907.0,Mazare Health Clinic,Sabuwa,Katsina,11.206827,7.102657,Measles,122,2.0,1,0
2026-08-04,44333907.0,Mazare Health Clinic,Sabuwa,Katsina,11.206827,7.102657,BCG,117,6.66,1,0
2026-08-04,44333907.0,Mazare Health Clinic,Sabuwa,Katsina,11.206827,7.102657,Penta,102,6.66,1,0
2026-08-04,44333907.0,Mazare Health Clinic,Sabuwa,Katsina,11.206827,7.102657,Measles,102,6.66,1,0
2026-08-07,44333907.0,Mazare Health Clinic,Sabuwa,Katsina,11.206827,7.102657,BCG,89,10.3,1,0
2026-08-07,44333907.0,Mazare Health Clinic,Sabuwa,Katsina,11.206827,7.102657,Penta,72,10.3,1,0
2026-08-07,44333907.0,Mazare Health Clinic,Sabuwa,Katsina,11.206827,7.102657,Measles,77,10.3,1,0
2026-08-18,44333907.0,Mazare Health Clinic,Sabuwa,Katsina,11.206827,7.102657,BCG,62,21.49,1,0
2026-08-18,44333907.0,Mazare Health Clinic,Sabuwa,Katsina,11.206827,7.102657,Penta,51,21.49,1,0
2026-08-18,44333907.0,Mazare Health Clinic,Sabuwa,Katsina,11.206827,7.102657,Measles,49,21.49,1,0
2026-08-22,44333907.0,Mazare Health Clinic,Sabuwa,Katsina,11.206827,7.102657,BCG,0,21.63,1,1
2026-08-22,44333907.0,Mazare Health Clinic,Sabuwa,Katsina,11.206827,7.102657,Penta,27,21.63,1,0
2026-08-22,44333907.0,Mazare Health Clinic,Sabuwa,Katsina,11.206827,7.102657,Measles,217,21.63,1,0
2026-08-24,44333907.0,Mazare Health Clinic,Sabuwa,Katsina,11.206827,7.102657,BCG,0,21.03,1,1
2026-08-24,44333907.0,Mazare Health Clinic,Sabuwa,Katsina,11.206827,7.102657,Penta,0,21.03,1,1
2026-08-24,44333907.0,Mazare Health Clinic,Sabuwa,Katsina,11.206827,7.102657,Measles,0,21.03,1,1
2026-08-30,44333907.0,Mazare Health Clinic,Sabuwa,Katsina,11.206827,7.102657,BCG,0,21.35,1,1
2026-08-30,44333907.0,Mazare Health Clinic,Sabuwa,Katsina,11.206827,7.102657,Penta,0,21.35,1,1
2026-08-30,44333907.0,Mazare Health Clinic,Sabuwa,Katsina,11.206827,7.102657,Measles,0,21.35,1,1
2026-08-04,,Tsaskiya Primary Health Care,Safana,Katsina,12.54589844,7.345275879,BCG,129,10.54,1,0
2026-08-04,,Tsaskiya Primary Health Care,Safana,Katsina,12.54589844,7.345275879,Penta,117,10.54,1,0
2026-08-04,,Tsaskiya Primary Health Care,Safana,Katsina,12.54589844,7.345275879,Measles,124,10.54,1,0
2026-08-07,,Tsaskiya Primary Health Care,Safana,Katsina,12.54589844,7.345275879,BCG,107,14.45,1,0
2026-08-07,,Tsaskiya Primary Health Care,Safana,Katsina,12.54589844,7.345275879,Penta,95,14.45,1,0
2026-08-07,,Tsaskiya Primary Health Care,Safana,Katsina,12.54589844,7.345275879,Measles,102,14.45,1,0
2026-08-10,,Tsaskiya Primary Health Care,Safana,Katsina,12.54589844,7.345275879,BCG,84,19.64,1,0
2026-08-10,,Tsaskiya Primary Health Care,Safana,Katsina,12.54589844,7.345275879,Penta,64,19.64,1,0
2026-08-10,,Tsaskiya Primary Health Care,Safana,Katsina,12.54589844,7.345275879,Measles,79,19.64,1,0
2026-08-12,,Tsaskiya Primary Health Care,Safana,Katsina,12.54589844,7.345275879,BCG,65,18.97,1,0
2026-08-12,,Tsaskiya Primary Health Care,Safana,Katsina,12.54589844,7.345275879,Penta,248,18.97,1,0
2026-08-12,,Tsaskiya Primary Health Care,Safana,Katsina,12.54589844,7.345275879,Measles,49,18.97,1,0
2026-08-18,,Tsaskiya Primary Health Care,Safana,Katsina,12.54589844,7.345275879,BCG,34,21.15,1,0
2026-08-18,,Tsaskiya Primary Health Care,Safana,Katsina,12.54589844,7.345275879,Penta,222,21.15,1,0
2026-08-18,,Tsaskiya Primary Health Care,Safana,Katsina,12.54589844,7.345275879,Measles,0,21.15,1,1
2026-08-20,,Tsaskiya Primary Health Care,Safana,Katsina,12.54589844,7.345275879,BCG,7,22.05,1,0
2026-08-20,,Tsaskiya Primary Health Care,Safana,Katsina,12.54589844,7.345275879,Penta,200,22.05,1,0
2026-08-20,,Tsaskiya Primary Health Care,Safana,Katsina,12.54589844,7.345275879,Measles,0,22.05,1,1
2026-08-23,,Tsaskiya Primary Health Care,Safana,Katsina,12.54589844,7.345275879,BCG,0,20.87,1,1
2026-08-23,,Tsaskiya Primary Health Care,Safana,Katsina,12.54589844,7.345275879,Penta,179,20.87,1,0
2026-08-23,,Tsaskiya Primary Health Care,Safana,Katsina,12.54589844,7.345275879,Measles,0,20.87,1,1
2026-08-26,,Tsaskiya Primary Health Care,Safana,Katsina,12.54589844,7.345275879,BCG,0,21.01,1,1
2026-08-26,,Tsaskiya Primary Health Care,Safana,Katsina,12.54589844,7.345275879,Penta,0,21.01,1,1
2026-08-26,,Tsaskiya Primary Health Care,Safana,Katsina,12.54589844,7.345275879,Measles,0,21.01,1,1
2026-08-28,,Tsaskiya Primary Health Care,Safana,Katsina,12.54589844,7.345275879,BCG,0,20.5,1,1
2026-08-28,,Tsaskiya Primary Health Care,Safana,Katsina,12.54589844,7.345275879,Penta,200,20.5,1,1
2026-08-28,,Tsaskiya Primary Health Care,Safana,Katsina,12.54589844,7.345275879,Measles,0,20.5,1,1
2026-08-03,19744555.0,Habul Health Clinic,Safana,Katsina,12.515367,7.322757,BCG,120,5.87,1,0
2026-08-03,19744555.0,Habul Health Clinic,Safana,Katsina,12.515367,7.322757,Penta,125,5.87,1,0
2026-08-03,19744555.0,Habul Health Clinic,Safana,Katsina,12.515367,7.322757,Measles,131,5.87,1,0
2026-08-04,19744555.0,Habul Health Clinic,Safana,Katsina,12.515367,7.322757,BCG,97,2.97,1,0
2026-08-04,19744555.0,Habul Health Clinic,Safana,Katsina,12.515367,7.322757,Penta,99,2.97,1,0
2026-08-04,19744555.0,Habul Health Clinic,Safana,Katsina,12.515367,7.322757,Measles,105,2.97,1,0
2026-08-18,19744555.0,Habul Health Clinic,Safana,Katsina,12.515367,7.322757,BCG,63,21.14,1,0
2026-08-18,19744555.0,Habul Health Clinic,Safana,Katsina,12.515367,7.322757,Penta,69,21.14,1,0
2026-08-18,19744555.0,Habul Health Clinic,Safana,Katsina,12.515367,7.322757,Measles,81,21.14,1,0
2026-08-20,19744555.0,Habul Health Clinic,Safana,Katsina,12.515367,7.322757,BCG,0,21.47,1,1
2026-08-20,19744555.0,Habul Health Clinic,Safana,Katsina,12.515367,7.322757,Penta,34,21.47,1,0
2026-08-20,19744555.0,Habul Health Clinic,Safana,Katsina,12.515367,7.322757,Measles,59,21.47,1,0
2026-08-29,19744555.0,Habul Health Clinic,Safana,Katsina,12.515367,7.322757,BCG,0,21.32,1,1
2026-08-29,19744555.0,Habul Health Clinic,Safana,Katsina,12.515367,7.322757,Penta,0,21.32,1,1
2026-08-29,19744555.0,Habul Health Clinic,Safana,Katsina,12.515367,7.322757,Measles,230,21.32,1,0
2026-08-30,19744555.0,Habul Health Clinic,Safana,Katsina,12.515367,7.322757,BCG,0,18.9,1,1
2026-08-30,19744555.0,Habul Health Clinic,Safana,Katsina,12.515367,7.322757,Penta,0,18.9,1,1
2026-08-30,19744555.0,Habul Health Clinic,Safana,Katsina,12.515367,7.322757,Measles,0,18.9,1,1
2026-08-06,,Burta Health Clinic,Sandamu,Katsina,12.83704833,8.39247,BCG,123,22.72,1,0
2026-08-06,,Burta Health Clinic,Sandamu,Katsina,12.83704833,8.39247,Penta,127,22.72,1,0
2026-08-06,,Burta Health Clinic,Sandamu,Katsina,12.83704833,8.39247,Measles,131,22.72,1,0
2026-08-07,,Burta Health Clinic,Sandamu,Katsina,12.83704833,8.39247,BCG,105,18.45,1,0
2026-08-07,,Burta Health Clinic,Sandamu,Katsina,12.83704833,8.39247,Penta,101,18.45,1,0
2026-08-07,,Burta Health Clinic,Sandamu,Katsina,12.83704833,8.39247,Measles,108,18.45,1,0
2026-08-10,,Burta Health Clinic,Sandamu,Katsina,12.83704833,8.39247,BCG,200,21.23,1,1
2026-08-10,,Burta Health Clinic,Sandamu,Katsina,12.83704833,8.39247,Penta,0,21.23,1,1
2026-08-10,,Burta Health Clinic,Sandamu,Katsina,12.83704833,8.39247,Measles,75,21.23,1,0
2026-08-17,,Burta Health Clinic,Sandamu,Katsina,12.83704833,8.39247,BCG,182,21.25,1,0
2026-08-17,,Burta Health Clinic,Sandamu,Katsina,12.83704833,8.39247,Penta,0,21.25,1,1
2026-08-17,,Burta Health Clinic,Sandamu,Katsina,12.83704833,8.39247,Measles,50,21.25,1,0
2026-08-24,,Burta Health Clinic,Sandamu,Katsina,12.83704833,8.39247,BCG,200,19.94,1,1
2026-08-24,,Burta Health Clinic,Sandamu,Katsina,12.83704833,8.39247,Penta,0,19.94,1,1
2026-08-24,,Burta Health Clinic,Sandamu,Katsina,12.83704833,8.39247,Measles,30,19.94,1,0
2026-08-05,84676813.0,Katsayal Maternity and  Child Health Clinic,Sandamu,Katsina,12.93222333,8.436898333,BCG,120,15.86,1,0
2026-08-05,84676813.0,Katsayal Maternity and  Child Health Clinic,Sandamu,Katsina,12.93222333,8.436898333,Penta,120,15.86,1,0
2026-08-05,84676813.0,Katsayal Maternity and  Child Health Clinic,Sandamu,Katsina,12.93222333,8.436898333,Measles,130,15.86,1,0
2026-08-09,84676813.0,Katsayal Maternity and  Child Health Clinic,Sandamu,Katsina,12.93222333,8.436898333,BCG,84,21.44,1,0
2026-08-09,84676813.0,Katsayal Maternity and  Child Health Clinic,Sandamu,Katsina,12.93222333,8.436898333,Penta,97,21.44,1,0
2026-08-09,84676813.0,Katsayal Maternity and  Child Health Clinic,Sandamu,Katsina,12.93222333,8.436898333,Measles,106,21.44,1,0
2026-08-14,84676813.0,Katsayal Maternity and  Child Health Clinic,Sandamu,Katsina,12.93222333,8.436898333,BCG,64,20.95,1,0
2026-08-14,84676813.0,Katsayal Maternity and  Child Health Clinic,Sandamu,Katsina,12.93222333,8.436898333,Penta,75,20.95,1,0
2026-08-14,84676813.0,Katsayal Maternity and  Child Health Clinic,Sandamu,Katsina,12.93222333,8.436898333,Measles,84,20.95,1,0
2026-08-21,84676813.0,Katsayal Maternity and  Child Health Clinic,Sandamu,Katsina,12.93222333,8.436898333,BCG,0,23.15,1,1
2026-08-21,84676813.0,Katsayal Maternity and  Child Health Clinic,Sandamu,Katsina,12.93222333,8.436898333,Penta,246,23.15,1,0
2026-08-21,84676813.0,Katsayal Maternity and  Child Health Clinic,Sandamu,Katsina,12.93222333,8.436898333,Measles,57,23.15,1,0
2026-08-28,84676813.0,Katsayal Maternity and  Child Health Clinic,Sandamu,Katsina,12.93222333,8.436898333,BCG,0,21.34,1,1
2026-08-28,84676813.0,Katsayal Maternity and  Child Health Clinic,Sandamu,Katsina,12.93222333,8.436898333,Penta,214,21.34,1,0
2026-08-28,84676813.0,Katsayal Maternity and  Child Health Clinic,Sandamu,Katsina,12.93222333,8.436898333,Measles,32,21.34,1,0
2026-08-30,84676813.0,Katsayal Maternity and  Child Health Clinic,Sandamu,Katsina,12.93222333,8.436898333,BCG,0,20.37,1,1
2026-08-30,84676813.0,Katsayal Maternity and  Child Health Clinic,Sandamu,Katsina,12.93222333,8.436898333,Penta,192,20.37,1,0
2026-08-30,84676813.0,Katsayal Maternity and  Child Health Clinic,Sandamu,Katsina,12.93222333,8.436898333,Measles,0,20.37,1,1
2026-08-03,31306061.0,Makiyawa Model Primary Health Center,Zango,Katsina,12.920785,8.489995,BCG,115,10.78,1,0
2026-08-03,31306061.0,Makiyawa Model Primary Health Center,Zango,Katsina,12.920785,8.489995,Penta,124,10.78,1,0
2026-08-03,31306061.0,Makiyawa Model Primary Health Center,Zango,Katsina,12.920785,8.489995,Measles,123,10.78,1,0
2026-08-04,31306061.0,Makiyawa Model Primary Health Center,Zango,Katsina,12.920785,8.489995,BCG,92,7.9,1,0
2026-08-04,31306061.0,Makiyawa Model Primary Health Center,Zango,Katsina,12.920785,8.489995,Penta,96,7.9,1,0
2026-08-04,31306061.0,Makiyawa Model Primary Health Center,Zango,Katsina,12.920785,8.489995,Measles,109,7.9,1,0
2026-08-11,31306061.0,Makiyawa Model Primary Health Center,Zango,Katsina,12.920785,8.489995,BCG,66,21.17,1,0
2026-08-11,31306061.0,Makiyawa Model Primary Health Center,Zango,Katsina,12.920785,8.489995,Penta,0,21.17,1,1
2026-08-11,31306061.0,Makiyawa Model Primary Health Center,Zango,Katsina,12.920785,8.489995,Measles,0,21.17,1,1
2026-08-12,31306061.0,Makiyawa Model Primary Health Center,Zango,Katsina,12.920785,8.489995,BCG,37,17.56,1,0
2026-08-12,31306061.0,Makiyawa Model Primary Health Center,Zango,Katsina,12.920785,8.489995,Penta,200,17.56,1,1
2026-08-12,31306061.0,Makiyawa Model Primary Health Center,Zango,Katsina,12.920785,8.489995,Measles,0,17.56,1,1
2026-08-25,31306061.0,Makiyawa Model Primary Health Center,Zango,Katsina,12.920785,8.489995,BCG,0,20.89,1,1
2026-08-25,31306061.0,Makiyawa Model Primary Health Center,Zango,Katsina,12.920785,8.489995,Penta,186,20.89,1,0
2026-08-25,31306061.0,Makiyawa Model Primary Health Center,Zango,Katsina,12.920785,8.489995,Measles,0,20.89,1,1
2026-08-26,31306061.0,Makiyawa Model Primary Health Center,Zango,Katsina,12.920785,8.489995,BCG,200,18.04,1,1
2026-08-26,31306061.0,Makiyawa Model Primary Health Center,Zango,Katsina,12.920785,8.489995,Penta,160,18.04,1,0
2026-08-26,31306061.0,Makiyawa Model Primary Health Center,Zango,Katsina,12.920785,8.489995,Measles,200,18.04,1,1
2026-08-27,31306061.0,Makiyawa Model Primary Health Center,Zango,Katsina,12.920785,8.489995,BCG,0,15.64,1,1
2026-08-27,31306061.0,Makiyawa Model Primary Health Center,Zango,Katsina,12.920785,8.489995,Penta,139,15.64,1,0
2026-08-27,31306061.0,Makiyawa Model Primary Health Center,Zango,Katsina,12.920785,8.489995,Measles,0,15.64,1,1
2026-08-29,31306061.0,Makiyawa Model Primary Health Center,Zango,Katsina,12.920785,8.489995,BCG,200,16.99,1,1
2026-08-29,31306061.0,Makiyawa Model Primary Health Center,Zango,Katsina,12.920785,8.489995,Penta,112,16.99,1,0
2026-08-29,31306061.0,Makiyawa Model Primary Health Center,Zango,Katsina,12.920785,8.489995,Measles,0,16.99,1,1
2026-08-01,51488455.0,Unguwar Gaje Health Post,Zango,Katsina,12.93225667,8.508998333,BCG,125,2.0,1,0
2026-08-01,51488455.0,Unguwar Gaje Health Post,Zango,Katsina,12.93225667,8.508998333,Penta,124,2.0,1,0
2026-08-01,51488455.0,Unguwar Gaje Health Post,Zango,Katsina,12.93225667,8.508998333,Measles,123,2.0,1,0
2026-08-10,51488455.0,Unguwar Gaje Health Post,Zango,Katsina,12.93225667,8.508998333,BCG,108,21.05,1,0
2026-08-10,51488455.0,Unguwar Gaje Health Post,Zango,Katsina,12.93225667,8.508998333,Penta,98,21.05,1,0
2026-08-10,51488455.0,Unguwar Gaje Health Post,Zango,Katsina,12.93225667,8.508998333,Measles,101,21.05,1,0
2026-08-11,51488455.0,Unguwar Gaje Health Post,Zango,Katsina,12.93225667,8.508998333,BCG,83,17.76,1,0
2026-08-11,51488455.0,Unguwar Gaje Health Post,Zango,Katsina,12.93225667,8.508998333,Penta,69,17.76,1,0
2026-08-11,51488455.0,Unguwar Gaje Health Post,Zango,Katsina,12.93225667,8.508998333,Measles,200,17.76,1,1
2026-08-19,51488455.0,Unguwar Gaje Health Post,Zango,Katsina,12.93225667,8.508998333,BCG,59,21.01,1,0
2026-08-19,51488455.0,Unguwar Gaje Health Post,Zango,Katsina,12.93225667,8.508998333,Penta,48,21.01,1,0
2026-08-19,51488455.0,Unguwar Gaje Health Post,Zango,Katsina,12.93225667,8.508998333,Measles,0,21.01,1,1
2026-08-20,51488455.0,Unguwar Gaje Health Post,Zango,Katsina,12.93225667,8.508998333,BCG,38,18.4,1,0
2026-08-20,51488455.0,Unguwar Gaje Health Post,Zango,Katsina,12.93225667,8.508998333,Penta,32,18.4,1,0
2026-08-20,51488455.0,Unguwar Gaje Health Post,Zango,Katsina,12.93225667,8.508998333,Measles,0,18.4,1,1
